學校名稱,科系名稱,學生數,教師數,縣市名稱
國立政治大學,(數位)圖書資訊學系,49,0,30 臺北市
國立政治大學,圖書資訊與檔案學研究所,12,0,30 臺北市
國立政治大學,圖書資訊與檔案學研究所,39,7,30 臺北市
國立政治大學,會計(與)(資訊)(科技)(系統)學系,19,0,30 臺北市
國立政治大學,會計(與)(資訊)(科技)(系統)學系,133,0,30 臺北市
國立政治大學,會計(與)(資訊)(科技)(系統)學系,444,19,30 臺北市
國立政治大學,統計(科學)(資訊)學系,3,0,30 臺北市
國立政治大學,統計(科學)(資訊)學系,55,0,30 臺北市
國立政治大學,統計(科學)(資訊)學系,213,16,30 臺北市
國立政治大學,資訊管理(技術)學系,53,0,30 臺北市
國立政治大學,資訊管理(技術)學系,102,0,30 臺北市
國立政治大學,資訊管理(技術)學系,322,25,30 臺北市
國立政治大學,資訊科學學系,14,0,30 臺北市
國立政治大學,資訊科學學系,93,0,30 臺北市
國立政治大學,資訊科學學系,193,19,30 臺北市
國立政治大學,資訊科學學系,75,0,30 臺北市
國立清華大學,生物資訊與結構生物研究所,74,0,18 新竹市
國立清華大學,生物資訊與結構生物研究所,59,11,18 新竹市
國立清華大學,統計(科學)(資訊)學系,9,0,18 新竹市
國立清華大學,統計(科學)(資訊)學系,50,10,18 新竹市
國立清華大學,資訊系統與應用研究所,21,0,18 新竹市
國立清華大學,資訊系統與應用研究所,105,0,18 新竹市
國立清華大學,資訊工程學系,90,0,18 新竹市
國立清華大學,資訊工程學系,371,0,18 新竹市
國立清華大學,資訊工程學系,534,43,18 新竹市
國立清華大學,電機(資訊)學院,91,0,18 新竹市
國立臺灣大學,(數位)圖書資訊學系,20,0,30 臺北市
國立臺灣大學,(數位)圖書資訊學系,78,0,30 臺北市
國立臺灣大學,(數位)圖書資訊學系,201,14,30 臺北市
國立臺灣大學,(數位)圖書資訊學系,1,0,30 臺北市
國立臺灣大學,會計(與)(資訊)(科技)(系統)學系,30,0,30 臺北市
國立臺灣大學,會計(與)(資訊)(科技)(系統)學系,117,0,30 臺北市
國立臺灣大學,會計(與)(資訊)(科技)(系統)學系,515,25,30 臺北市
國立臺灣大學,統計(科學)(資訊)學系,9,0,30 臺北市
國立臺灣大學,資訊管理(技術)學系,35,0,30 臺北市
國立臺灣大學,資訊管理(技術)學系,109,0,30 臺北市
國立臺灣大學,資訊管理(技術)學系,202,16,30 臺北市
國立臺灣大學,資訊網路與多媒體研究所,57,0,30 臺北市
國立臺灣大學,資訊網路與多媒體研究所,101,9,30 臺北市
國立臺灣大學,資訊工程學系,141,0,30 臺北市
國立臺灣大學,資訊工程學系,302,0,30 臺北市
國立臺灣大學,資訊工程學系,500,32,30 臺北市
國立臺灣大學,資訊工程學系,18,0,30 臺北市
國立臺灣大學,生醫電子與資訊學研究所,89,0,30 臺北市
國立臺灣大學,生醫電子與資訊學研究所,96,8,30 臺北市
國立臺灣師範大學,資訊教育學系,24,0,30 臺北市
國立臺灣師範大學,資訊教育學系,47,6,30 臺北市
國立臺灣師範大學,資訊教育學系,1,0,30 臺北市
國立臺灣師範大學,(數位)圖書資訊學系,12,0,30 臺北市
國立臺灣師範大學,(數位)圖書資訊學系,59,7,30 臺北市
國立臺灣師範大學,(數位)圖書資訊學系,40,0,30 臺北市
國立臺灣師範大學,資訊工程學系,16,0,30 臺北市
國立臺灣師範大學,資訊工程學系,117,0,30 臺北市
國立臺灣師範大學,資訊工程學系,184,16,30 臺北市
國立成功大學,會計(與)(資訊)(科技)(系統)學系,15,0,21 臺南市
國立成功大學,會計(與)(資訊)(科技)(系統)學系,86,0,21 臺南市
國立成功大學,會計(與)(資訊)(科技)(系統)學系,276,14,21 臺南市
國立成功大學,工業與資訊管理學系,38,0,21 臺南市
國立成功大學,工業與資訊管理學系,84,0,21 臺南市
國立成功大學,工業與資訊管理學系,242,23,21 臺南市
國立成功大學,工業與資訊管理學系,88,0,21 臺南市
國立成功大學,生物(資訊與)訊息傳遞研究所,18,0,21 臺南市
國立成功大學,生物(資訊與)訊息傳遞研究所,19,9,21 臺南市
國立成功大學,統計(科學)(資訊)學系,8,0,21 臺南市
國立成功大學,統計(科學)(資訊)學系,48,0,21 臺南市
國立成功大學,統計(科學)(資訊)學系,238,16,21 臺南市
國立成功大學,資訊管理(技術)學系,21,0,21 臺南市
國立成功大學,資訊管理(技術)學系,52,0,21 臺南市
國立成功大學,資訊工程學系,94,0,21 臺南市
國立成功大學,資訊工程學系,251,0,21 臺南市
國立成功大學,資訊工程學系,435,40,21 臺南市
國立成功大學,製造資訊與系統研究所,32,0,21 臺南市
國立成功大學,製造資訊與系統研究所,63,1,21 臺南市
國立成功大學,測量及空間資訊學系,24,0,21 臺南市
國立成功大學,測量及空間資訊學系,51,0,21 臺南市
國立成功大學,測量及空間資訊學系,213,14,21 臺南市
國立成功大學,醫學資訊學系,25,0,21 臺南市
國立中興大學,(數位)圖書資訊學系,50,5,19 臺中市
國立中興大學,會計(與)(資訊)(科技)(系統)學系,40,0,19 臺中市
國立中興大學,會計(與)(資訊)(科技)(系統)學系,172,10,19 臺中市
國立中興大學,會計(與)(資訊)(科技)(系統)學系,2,0,19 臺中市
國立中興大學,基因體暨生物資訊學研究所,27,7,19 臺中市
國立中興大學,統計(科學)(資訊)學系,32,8,19 臺中市
國立中興大學,資訊管理(技術)學系,73,0,19 臺中市
國立中興大學,資訊管理(技術)學系,150,11,19 臺中市
國立中興大學,資訊管理(技術)學系,43,0,19 臺中市
國立中興大學,資訊科學與工程學系,52,0,19 臺中市
國立中興大學,資訊科學與工程學系,122,0,19 臺中市
國立中興大學,資訊科學與工程學系,178,23,19 臺中市
國立中興大學,資訊科學與工程學系,119,0,19 臺中市
國立交通大學,資訊管理與財務金融學系,50,0,18 新竹市
國立交通大學,資訊管理與財務金融學系,170,0,18 新竹市
國立交通大學,資訊管理與財務金融學系,153,23,18 新竹市
國立交通大學,生物資訊與系統生物研究所,46,0,18 新竹市
國立交通大學,生物資訊與系統生物研究所,41,4,18 新竹市
國立交通大學,統計(科學)(資訊)學系,17,0,18 新竹市
國立交通大學,統計(科學)(資訊)學系,44,9,18 新竹市
國立交通大學,網路與資訊系統學位學程,7,0,18 新竹市
國立交通大學,資訊工程學系,781,45,18 新竹市
國立交通大學,(資訊)網路工程系,133,5,18 新竹市
國立交通大學,資訊科學與工程學系,220,0,18 新竹市
國立交通大學,資訊科學與工程學系,381,12,18 新竹市
國立交通大學,電機(資訊)學院,24,0,18 新竹市
國立交通大學,電機(資訊)學院,65,0,18 新竹市
國立交通大學,電機(資訊)學院,143,0,18 新竹市
國立交通大學,電機資訊學位學程,106,0,18 新竹市
國立交通大學,資訊(電機)學院(不分系),116,0,18 新竹市
國立中央大學,會計(與)(資訊)(科技)(系統)學系,29,6,03 桃園縣
國立中央大學,工業管理(與經營資訊)學系,13,0,03 桃園縣
國立中央大學,工業管理(與經營資訊)學系,62,7,03 桃園縣
國立中央大學,工業管理(與經營資訊)學系,63,0,03 桃園縣
國立中央大學,系統生物與生物資訊研究所,19,0,03 桃園縣
國立中央大學,系統生物與生物資訊研究所,22,7,03 桃園縣
國立中央大學,統計(科學)(資訊)學系,4,0,03 桃園縣
國立中央大學,統計(科學)(資訊)學系,36,8,03 桃園縣
國立中央大學,資訊管理(技術)學系,36,0,03 桃園縣
國立中央大學,資訊管理(技術)學系,109,0,03 桃園縣
國立中央大學,資訊管理(技術)學系,407,22,03 桃園縣
國立中央大學,資訊管理(技術)學系,54,0,03 桃園縣
國立中央大學,資訊工程學系,97,0,03 桃園縣
國立中央大學,資訊工程學系,247,0,03 桃園縣
國立中央大學,資訊工程學系,441,28,03 桃園縣
國立中央大學,資訊工程學系,93,0,03 桃園縣
國立中山大學,資訊管理(技術)學系,26,0,50 高雄市
國立中山大學,資訊管理(技術)學系,106,0,50 高雄市
國立中山大學,資訊管理(技術)學系,194,18,50 高雄市
國立中山大學,資訊管理(技術)學系,76,0,50 高雄市
國立中山大學,資訊工程學系,33,0,50 高雄市
國立中山大學,資訊工程學系,204,0,50 高雄市
國立中山大學,資訊工程學系,213,18,50 高雄市
國立臺灣海洋大學,海洋環境資訊系,12,0,17 基隆市
國立臺灣海洋大學,海洋環境資訊系,9,0,17 基隆市
國立臺灣海洋大學,海洋環境資訊系,239,12,17 基隆市
國立臺灣海洋大學,海洋環境資訊系,44,0,17 基隆市
國立臺灣海洋大學,資訊工程學系,12,0,17 基隆市
國立臺灣海洋大學,資訊工程學系,118,0,17 基隆市
國立臺灣海洋大學,資訊工程學系,459,28,17 基隆市
國立中正大學,會計(與)(資訊)(科技)(系統)學系,13,0,10 嘉義縣
國立中正大學,會計(與)(資訊)(科技)(系統)學系,56,0,10 嘉義縣
國立中正大學,會計(與)(資訊)(科技)(系統)學系,226,13,10 嘉義縣
國立中正大學,會計(與)(資訊)(科技)(系統)學系,148,0,10 嘉義縣
國立中正大學,資訊管理(技術)學系,32,0,10 嘉義縣
國立中正大學,資訊管理(技術)學系,108,0,10 嘉義縣
國立中正大學,資訊管理(技術)學系,150,13,10 嘉義縣
國立中正大學,資訊管理(技術)學系,115,0,10 嘉義縣
國立中正大學,資訊工程學系,31,0,10 嘉義縣
國立中正大學,資訊工程學系,263,0,10 嘉義縣
國立中正大學,資訊工程學系,395,26,10 嘉義縣
國立中正大學,資訊工程學系,26,0,10 嘉義縣
國立中正大學,通訊資訊碩士,31,0,10 嘉義縣
國立高雄師範大學,資訊教育學系,30,4,50 高雄市
國立高雄師範大學,資訊教育學系,46,0,50 高雄市
國立彰化師範大學,會計(與)(資訊)(科技)(系統)學系,46,0,07 彰化縣
國立彰化師範大學,會計(與)(資訊)(科技)(系統)學系,350,13,07 彰化縣
國立彰化師範大學,會計(與)(資訊)(科技)(系統)學系,65,0,07 彰化縣
國立彰化師範大學,統計(科學)(資訊)學系,21,5,07 彰化縣
國立彰化師範大學,資訊管理(技術)學系,50,0,07 彰化縣
國立彰化師範大學,資訊管理(技術)學系,203,11,07 彰化縣
國立彰化師範大學,資訊管理(技術)學系,61,0,07 彰化縣
國立彰化師範大學,資訊工程學系,54,0,07 彰化縣
國立彰化師範大學,資訊工程學系,162,14,07 彰化縣
國立彰化師範大學,資訊工程學系,14,0,07 彰化縣
國立陽明大學,生物(與)醫學資訊學系,57,0,30 臺北市
國立陽明大學,生物(與)醫學資訊學系,57,9,30 臺北市
國立臺北大學,會計(與)(資訊)(科技)(系統)學系,11,0,01 新北市
國立臺北大學,會計(與)(資訊)(科技)(系統)學系,32,0,01 新北市
國立臺北大學,會計(與)(資訊)(科技)(系統)學系,503,18,01 新北市
國立臺北大學,會計(與)(資訊)(科技)(系統)學系,50,0,01 新北市
國立臺北大學,統計(科學)(資訊)學系,38,0,01 新北市
國立臺北大學,統計(科學)(資訊)學系,245,19,01 新北市
國立臺北大學,統計(科學)(資訊)學系,52,0,01 新北市
國立臺北大學,統計(科學)(資訊)學系,85,0,01 新北市
國立臺北大學,資訊管理(技術)學系,28,6,01 新北市
國立臺北大學,資訊工程學系,66,0,01 新北市
國立臺北大學,資訊工程學系,196,13,01 新北市
國立臺北大學,電機(資訊)學院,1,0,01 新北市
國立嘉義大學,資訊管理(技術)學系,37,0,20 嘉義市
國立嘉義大學,資訊管理(技術)學系,209,11,20 嘉義市
國立嘉義大學,資訊工程學系,8,0,20 嘉義市
國立嘉義大學,資訊工程學系,66,0,20 嘉義市
國立嘉義大學,資訊工程學系,204,15,20 嘉義市
國立嘉義大學,資訊工程學系,72,0,20 嘉義市
國立高雄大學,統計(科學)(資訊)學系,1,0,50 高雄市
國立高雄大學,統計(科學)(資訊)學系,12,5,50 高雄市
國立高雄大學,資訊管理(技術)學系,36,0,50 高雄市
國立高雄大學,資訊管理(技術)學系,187,11,50 高雄市
國立高雄大學,資訊管理(技術)學系,18,0,50 高雄市
國立高雄大學,資訊工程學系,33,0,50 高雄市
國立高雄大學,資訊工程學系,168,11,50 高雄市
國立高雄大學,資訊工程學系,24,0,50 高雄市
國立東華大學,會計(與)(資訊)(科技)(系統)學系,246,9,15 花蓮縣
國立東華大學,資訊管理(技術)學系,24,0,15 花蓮縣
國立東華大學,資訊管理(技術)學系,205,10,15 花蓮縣
國立東華大學,資訊工程學系,28,0,15 花蓮縣
國立東華大學,資訊工程學系,146,0,15 花蓮縣
國立東華大學,資訊工程學系,276,21,15 花蓮縣
國立東華大學,資訊工程學系,22,0,15 花蓮縣
國立暨南國際大學,資訊管理(技術)學系,86,0,08 南投縣
國立暨南國際大學,資訊管理(技術)學系,234,14,08 南投縣
國立暨南國際大學,資訊工程學系,15,0,08 南投縣
國立暨南國際大學,資訊工程學系,86,0,08 南投縣
國立暨南國際大學,資訊工程學系,217,16,08 南投縣
國立臺灣科技大學,工業管理(與經營資訊)學系,71,0,30 臺北市
國立臺灣科技大學,工業管理(與經營資訊)學系,120,0,30 臺北市
國立臺灣科技大學,工業管理(與經營資訊)學系,277,17,30 臺北市
國立臺灣科技大學,工業管理(與經營資訊)學系,5,0,30 臺北市
國立臺灣科技大學,工業管理(與經營資訊)學系,64,0,30 臺北市
國立臺灣科技大學,資訊管理(技術)學系,66,0,30 臺北市
國立臺灣科技大學,資訊管理(技術)學系,135,0,30 臺北市
國立臺灣科技大學,資訊管理(技術)學系,215,16,30 臺北市
國立臺灣科技大學,資訊管理(技術)學系,62,0,30 臺北市
國立臺灣科技大學,資訊工程學系,45,0,30 臺北市
國立臺灣科技大學,資訊工程學系,225,0,30 臺北市
國立臺灣科技大學,資訊工程學系,231,22,30 臺北市
國立臺灣科技大學,資訊工程學系,1,0,30 臺北市
國立臺灣科技大學,資訊工程學系,26,0,30 臺北市
國立臺灣科技大學,電機資訊學位學程,147,0,30 臺北市
國立雲林科技大學,會計(與)(資訊)(科技)(系統)學系,27,0,09 雲林縣
國立雲林科技大學,會計(與)(資訊)(科技)(系統)學系,45,0,09 雲林縣
國立雲林科技大學,會計(與)(資訊)(科技)(系統)學系,220,12,09 雲林縣
國立雲林科技大學,會計(與)(資訊)(科技)(系統)學系,1,0,09 雲林縣
國立雲林科技大學,會計(與)(資訊)(科技)(系統)學系,47,0,09 雲林縣
國立雲林科技大學,資訊管理(技術)學系,33,0,09 雲林縣
國立雲林科技大學,資訊管理(技術)學系,113,0,09 雲林縣
國立雲林科技大學,資訊管理(技術)學系,244,18,09 雲林縣
國立雲林科技大學,資訊管理(技術)學系,106,0,09 雲林縣
國立雲林科技大學,資訊管理(技術)學系,54,0,09 雲林縣
國立雲林科技大學,資訊工程學系,77,0,09 雲林縣
國立雲林科技大學,資訊工程學系,249,11,09 雲林縣
國立屏東科技大學,工業管理(與經營資訊)學系,56,0,13 屏東縣
國立屏東科技大學,工業管理(與經營資訊)學系,367,13,13 屏東縣
國立屏東科技大學,工業管理(與經營資訊)學系,28,0,13 屏東縣
國立屏東科技大學,資訊管理(技術)學系,63,0,13 屏東縣
國立屏東科技大學,資訊管理(技術)學系,210,12,13 屏東縣
國立屏東科技大學,資訊管理(技術)學系,31,0,13 屏東縣
國立臺北科技大學,資訊與財金管理學系,47,0,30 臺北市
國立臺北科技大學,資訊與財金管理學系,79,9,30 臺北市
國立臺北科技大學,資訊與財金管理學系,28,0,30 臺北市
國立臺北科技大學,資訊管理(技術)學系,0,0,30 臺北市
國立臺北科技大學,資訊工程學系,24,0,30 臺北市
國立臺北科技大學,資訊工程學系,140,0,30 臺北市
國立臺北科技大學,資訊工程學系,207,15,30 臺北市
國立臺北科技大學,電機(資訊)學院,4,0,30 臺北市
國立臺北科技大學,電機(資訊)學院,15,0,30 臺北市
國立高雄第一科技大學,會計(與)(資訊)(科技)(系統)學系,32,0,12 高雄市
國立高雄第一科技大學,會計(與)(資訊)(科技)(系統)學系,234,10,12 高雄市
國立高雄第一科技大學,資訊管理(技術)學系,79,0,12 高雄市
國立高雄第一科技大學,資訊管理(技術)學系,414,19,12 高雄市
國立高雄第一科技大學,資訊管理(技術)學系,2,0,12 高雄市
國立高雄第一科技大學,資訊管理(技術)學系,72,0,12 高雄市
國立高雄應用科技大學,會計(與)(資訊)(科技)(系統)學系,30,0,50 高雄市
國立高雄應用科技大學,會計(與)(資訊)(科技)(系統)學系,260,9,50 高雄市
國立高雄應用科技大學,會計(與)(資訊)(科技)(系統)學系,30,0,50 高雄市
國立高雄應用科技大學,會計(與)(資訊)(科技)(系統)學系,169,0,50 高雄市
國立高雄應用科技大學,資訊管理(技術)學系,49,0,50 高雄市
國立高雄應用科技大學,資訊管理(技術)學系,399,17,50 高雄市
國立高雄應用科技大學,資訊管理(技術)學系,81,0,50 高雄市
國立高雄應用科技大學,資訊工程學系,28,0,50 高雄市
國立高雄應用科技大學,資訊工程學系,221,9,50 高雄市
國立高雄應用科技大學,資訊工程學系,28,0,50 高雄市
國立高雄應用科技大學,電機(資訊)學院,16,0,50 高雄市
國立臺東大學,資訊管理(技術)學系,20,0,14 臺東縣
國立臺東大學,資訊管理(技術)學系,188,9,14 臺東縣
國立臺東大學,資訊管理(技術)學系,24,0,14 臺東縣
國立臺東大學,資訊管理(技術)學系,193,0,14 臺東縣
國立臺東大學,資訊工程學系,366,10,14 臺東縣
國立宜蘭大學,資訊工程學系,33,0,02 宜蘭縣
國立宜蘭大學,資訊工程學系,175,10,02 宜蘭縣
國立宜蘭大學,電機(資訊)學院,25,0,02 宜蘭縣
國立聯合大學,資訊與社會研究所,35,6,05 苗栗縣
國立聯合大學,資訊管理(技術)學系,26,0,05 苗栗縣
國立聯合大學,資訊管理(技術)學系,342,14,05 苗栗縣
國立聯合大學,資訊工程學系,18,0,05 苗栗縣
國立聯合大學,資訊工程學系,196,11,05 苗栗縣
國立聯合大學,資訊工程學系,177,0,05 苗栗縣
國立虎尾科技大學,工業管理(與經營資訊)學系,35,0,09 雲林縣
國立虎尾科技大學,工業管理(與經營資訊)學系,428,12,09 雲林縣
國立虎尾科技大學,工業管理(與經營資訊)學系,30,0,09 雲林縣
國立虎尾科技大學,資訊管理(技術)學系,43,0,09 雲林縣
國立虎尾科技大學,資訊管理(技術)學系,218,13,09 雲林縣
國立虎尾科技大學,資訊管理(技術)學系,48,0,09 雲林縣
國立虎尾科技大學,資訊管理(技術)學系,214,0,09 雲林縣
國立虎尾科技大學,資訊工程學系,62,0,09 雲林縣
國立虎尾科技大學,資訊工程學系,428,15,09 雲林縣
國立虎尾科技大學,資訊工程學系,1,0,09 雲林縣
國立高雄海洋科技大學,資訊管理(技術)學系,430,12,50 高雄市
國立高雄海洋科技大學,海事資訊科技系,15,0,50 高雄市
國立高雄海洋科技大學,海事資訊科技系,90,6,50 高雄市
國立高雄海洋科技大學,海事資訊科技系,28,0,50 高雄市
國立臺南大學,資訊工程學系,30,0,21 臺南市
國立臺南大學,資訊工程學系,157,9,21 臺南市
國立臺南大學,資訊工程學系,0,0,21 臺南市
國立臺北教育大學,數學(暨)資訊教育學系,32,0,30 臺北市
國立臺北教育大學,數學(暨)資訊教育學系,238,13,30 臺北市
國立臺北教育大學,數學(暨)資訊教育學系,57,0,30 臺北市
國立臺北教育大學,資訊科學學系,36,0,30 臺北市
國立臺北教育大學,資訊科學學系,167,11,30 臺北市
國立臺北教育大學,資訊科學學系,48,0,30 臺北市
國立臺中教育大學,教育資訊與測驗統計研究所,40,0,19 臺中市
國立臺中教育大學,教育資訊與測驗統計研究所,31,7,19 臺中市
國立臺中教育大學,教育資訊與測驗統計研究所,33,0,19 臺中市
國立臺中教育大學,教育資訊與測驗統計研究所,3,0,19 臺中市
國立臺中教育大學,資訊工程學系,43,0,19 臺中市
國立臺中教育大學,資訊工程學系,206,10,19 臺中市
國立澎湖科技大學,資訊管理(技術)學系,201,8,16 澎湖縣
國立澎湖科技大學,資訊管理(技術)學系,141,0,16 澎湖縣
國立澎湖科技大學,資訊類產學專班,1,0,16 澎湖縣
國立澎湖科技大學,資訊工程學系,193,8,16 澎湖縣
國立勤益科技大學,資訊管理(技術)學系,20,0,06 臺中市
國立勤益科技大學,資訊管理(技術)學系,421,16,06 臺中市
國立勤益科技大學,資訊管理(技術)學系,30,0,06 臺中市
國立勤益科技大學,資訊管理(技術)學系,195,0,06 臺中市
國立勤益科技大學,資訊工程學系,49,0,06 臺中市
國立勤益科技大學,資訊工程學系,480,15,06 臺中市
國立勤益科技大學,資訊工程學系,12,0,06 臺中市
國立勤益科技大學,資訊工程學系,170,0,06 臺中市
國立臺北護理健康大學,資訊管理(技術)學系,34,0,30 臺北市
國立臺北護理健康大學,資訊管理(技術)學系,365,11,30 臺北市
國立金門大學,資訊工程學系,189,8,71 金門縣
國立金門大學,資訊工程學系,152,0,71 金門縣
國立臺灣體育運動大學,運動資訊(與)傳播學系,178,0,19 臺中市
國立臺中科技大學,會計(與)(資訊)(科技)(系統)學系,26,0,19 臺中市
國立臺中科技大學,會計(與)(資訊)(科技)(系統)學系,445,29,19 臺中市
國立臺中科技大學,會計(與)(資訊)(科技)(系統)學系,116,0,19 臺中市
國立臺中科技大學,會計(資訊)科,489,0,19 臺中市
國立臺中科技大學,會計(與)(資訊)(科技)(系統)學系,395,0,19 臺中市
國立臺中科技大學,會計(與)(資訊)(科技)(系統)學系,72,0,19 臺中市
國立臺中科技大學,應用統計(資訊)學系,231,7,19 臺中市
國立臺中科技大學,資訊管理(技術)學系,31,0,19 臺中市
國立臺中科技大學,資訊管理(技術)學系,223,26,19 臺中市
國立臺中科技大學,資訊管理(技術)學系,117,0,19 臺中市
國立臺中科技大學,資訊管理科,264,0,19 臺中市
國立臺中科技大學,資訊管理(技術)學系,355,0,19 臺中市
國立臺中科技大學,資訊應用科,207,0,19 臺中市
國立臺中科技大學,資訊工程學系,44,0,19 臺中市
國立臺中科技大學,資訊工程學系,206,12,19 臺中市
國立臺中科技大學,資訊工程學系,40,0,19 臺中市
國立臺中科技大學,資訊工程學系,164,0,19 臺中市
國立臺北商業大學,會計(與)(資訊)(科技)(系統)學系,35,0,30 臺北市
國立臺北商業大學,會計(與)(資訊)(科技)(系統)學系,317,22,30 臺北市
國立臺北商業大學,會計(與)(資訊)(科技)(系統)學系,69,0,30 臺北市
國立臺北商業大學,會計(資訊)科,257,0,30 臺北市
國立臺北商業大學,會計(與)(資訊)(科技)(系統)學系,179,0,30 臺北市
國立臺北商業大學,會計(與)(資訊)(科技)(系統)學系,68,0,30 臺北市
國立臺北商業大學,會計(資訊)科,28,0,30 臺北市
國立臺北商業大學,資訊管理(技術)學系,203,20,30 臺北市
國立臺北商業大學,資訊管理(技術)學系,78,0,30 臺北市
國立臺北商業大學,資訊管理科,252,0,30 臺北市
國立臺北商業大學,資訊管理(技術)學系,222,0,30 臺北市
國立臺北商業大學,資訊管理(技術)學系,106,0,30 臺北市
國立臺北商業大學,資訊與決策科學研究所,43,6,30 臺北市
國立屏東大學,會計(與)(資訊)(科技)(系統)學系,331,10,13 屏東縣
國立屏東大學,會計(與)(資訊)(科技)(系統)學系,56,0,13 屏東縣
國立屏東大學,資訊管理(技術)學系,29,0,13 屏東縣
國立屏東大學,資訊管理(技術)學系,230,10,13 屏東縣
國立屏東大學,資訊管理(技術)學系,154,0,13 屏東縣
國立屏東大學,資訊工程學系,8,0,13 屏東縣
國立屏東大學,資訊工程學系,213,10,13 屏東縣
國立屏東大學,資訊科學學系,61,0,13 屏東縣
國立屏東大學,資訊科學學系,164,10,13 屏東縣
國立臺東專科學校,資訊管理科,67,5,14 臺東縣
國立臺東專科學校,資訊管理科,34,0,14 臺東縣
東海大學,會計(與)(資訊)(科技)(系統)學系,49,0,19 臺中市
東海大學,會計(與)(資訊)(科技)(系統)學系,517,12,19 臺中市
東海大學,會計(與)(資訊)(科技)(系統)學系,61,0,19 臺中市
東海大學,統計(科學)(資訊)學系,1,0,19 臺中市
東海大學,統計(科學)(資訊)學系,20,0,19 臺中市
東海大學,統計(科學)(資訊)學系,452,14,19 臺中市
東海大學,資訊管理(技術)學系,37,0,19 臺中市
東海大學,資訊管理(技術)學系,237,9,19 臺中市
東海大學,資訊工程學系,64,0,19 臺中市
東海大學,資訊工程學系,509,17,19 臺中市
東海大學,資訊工程學系,28,0,19 臺中市
東海大學,資訊工程學系,118,0,19 臺中市
東海大學,工業工程與經營資訊學系,22,0,19 臺中市
東海大學,工業工程與經營資訊學系,76,0,19 臺中市
東海大學,工業工程與經營資訊學系,506,14,19 臺中市
東海大學,工業工程與經營資訊學系,42,0,19 臺中市
輔仁大學,(數位)圖書資訊學系,40,0,01 新北市
輔仁大學,(數位)圖書資訊學系,250,11,01 新北市
輔仁大學,(數位)圖書資訊學系,230,0,01 新北市
輔仁大學,會計(與)(資訊)(科技)(系統)學系,35,0,01 新北市
輔仁大學,會計(與)(資訊)(科技)(系統)學系,488,14,01 新北市
輔仁大學,會計(與)(資訊)(科技)(系統)學系,70,0,01 新北市
輔仁大學,會計(與)(資訊)(科技)(系統)學系,6,0,01 新北市
輔仁大學,統計(科學)(資訊)學系,40,0,01 新北市
輔仁大學,統計(科學)(資訊)學系,485,16,01 新北市
輔仁大學,統計(科學)(資訊)學系,54,0,01 新北市
輔仁大學,統計(科學)(資訊)學系,4,0,01 新北市
輔仁大學,資訊管理(技術)學系,46,0,01 新北市
輔仁大學,資訊管理(技術)學系,469,17,01 新北市
輔仁大學,資訊管理(技術)學系,61,0,01 新北市
輔仁大學,資訊工程學系,60,0,01 新北市
輔仁大學,資訊工程學系,500,15,01 新北市
輔仁大學,資訊工程學系,81,0,01 新北市
東吳大學,會計(與)(資訊)(科技)(系統)學系,62,0,30 臺北市
東吳大學,會計(與)(資訊)(科技)(系統)學系,"1,042",28,30 臺北市
東吳大學,會計(與)(資訊)(科技)(系統)學系,78,0,30 臺北市
東吳大學,資訊管理(技術)學系,41,0,30 臺北市
東吳大學,資訊管理(技術)學系,465,20,30 臺北市
東吳大學,資訊管理(技術)學系,74,0,30 臺北市
中原大學,會計(與)(資訊)(科技)(系統)學系,40,0,03 桃園縣
中原大學,會計(與)(資訊)(科技)(系統)學系,700,17,03 桃園縣
中原大學,會計(與)(資訊)(科技)(系統)學系,50,0,03 桃園縣
中原大學,資訊管理(技術)學系,53,0,03 桃園縣
中原大學,資訊管理(技術)學系,424,16,03 桃園縣
中原大學,資訊管理(技術)學系,45,0,03 桃園縣
中原大學,資訊工程學系,61,0,03 桃園縣
中原大學,資訊工程學系,442,17,03 桃園縣
中原大學,資訊工程學系,19,0,03 桃園縣
中原大學,電機(資訊)學院,134,0,03 桃園縣
淡江大學,資訊傳播(工程)(設計)學系,26,0,01 新北市
淡江大學,資訊傳播(工程)(設計)學系,239,9,01 新北市
淡江大學,(資訊與)圖書館學系,41,0,01 新北市
淡江大學,(資訊與)圖書館學系,498,10,01 新北市
淡江大學,會計(與)(資訊)(科技)(系統)學系,54,0,01 新北市
淡江大學,會計(與)(資訊)(科技)(系統)學系,580,19,01 新北市
淡江大學,會計(與)(資訊)(科技)(系統)學系,42,0,01 新北市
淡江大學,會計(與)(資訊)(科技)(系統)學系,166,0,01 新北市
淡江大學,統計(科學)(資訊)學系,31,0,01 新北市
淡江大學,統計(科學)(資訊)學系,780,19,01 新北市
淡江大學,統計(科學)(資訊)學系,143,0,01 新北市
淡江大學,資訊管理(技術)學系,64,0,01 新北市
淡江大學,資訊管理(技術)學系,830,21,01 新北市
淡江大學,資訊管理(技術)學系,63,0,01 新北市
淡江大學,資訊創新與科技學系,285,9,01 新北市
淡江大學,資訊工程學系,28,0,01 新北市
淡江大學,資訊工程學系,102,0,01 新北市
淡江大學,資訊工程學系,800,27,01 新北市
淡江大學,資訊工程學系,51,0,01 新北市
淡江大學,資訊工程學系,166,0,01 新北市
中國文化大學,資訊傳播(工程)(設計)學系,14,0,30 臺北市
中國文化大學,資訊傳播(工程)(設計)學系,475,12,30 臺北市
中國文化大學,會計(與)(資訊)(科技)(系統)學系,50,0,30 臺北市
中國文化大學,會計(與)(資訊)(科技)(系統)學系,475,12,30 臺北市
中國文化大學,資訊管理(技術)學系,42,0,30 臺北市
中國文化大學,資訊管理(技術)學系,711,20,30 臺北市
中國文化大學,資訊管理(技術)學系,57,9,30 臺北市
中國文化大學,資訊管理(技術)學系,77,0,30 臺北市
中國文化大學,資訊工程學系,10,0,30 臺北市
中國文化大學,資訊工程學系,459,12,30 臺北市
逢甲大學,(資訊與)電子商務學系,57,0,19 臺中市
逢甲大學,會計(與)(資訊)(科技)(系統)學系,31,0,19 臺中市
逢甲大學,會計(與)(資訊)(科技)(系統)學系,795,17,19 臺中市
逢甲大學,會計(與)(資訊)(科技)(系統)學系,23,0,19 臺中市
逢甲大學,統計(科學)(資訊)學系,40,0,19 臺中市
逢甲大學,統計(科學)(資訊)學系,433,15,19 臺中市
逢甲大學,應用統計(資訊)學系,4,0,19 臺中市
逢甲大學,資訊工程學系,30,0,19 臺中市
逢甲大學,資訊工程學系,119,0,19 臺中市
逢甲大學,資訊工程學系,849,32,19 臺中市
逢甲大學,資訊工程學系,20,0,19 臺中市
逢甲大學,資訊電機工程研究所,97,0,19 臺中市
逢甲大學,資訊(電機)學院(不分系),114,0,19 臺中市
逢甲大學,生醫資訊暨生醫工程學位學程,20,0,19 臺中市
逢甲大學,都市計畫與空間資訊學系,39,0,19 臺中市
逢甲大學,都市計畫與空間資訊學系,468,13,19 臺中市
逢甲大學,都市計畫與空間資訊學系,48,0,19 臺中市
靜宜大學,資訊傳播(工程)(設計)學系,20,0,06 臺中市
靜宜大學,資訊傳播(工程)(設計)學系,444,15,06 臺中市
靜宜大學,會計(與)(資訊)(科技)(系統)學系,42,0,06 臺中市
靜宜大學,會計(與)(資訊)(科技)(系統)學系,686,17,06 臺中市
靜宜大學,統計(科學)(資訊)學系,202,8,06 臺中市
靜宜大學,資訊管理(技術)學系,13,0,06 臺中市
靜宜大學,資訊管理(技術)學系,464,17,06 臺中市
靜宜大學,資訊工程學系,16,0,06 臺中市
靜宜大學,資訊工程學系,438,15,06 臺中市
靜宜大學,資訊學系,2,0,06 臺中市
靜宜大學,資訊學系,39,0,06 臺中市
長庚大學,資訊管理(技術)學系,54,0,03 桃園縣
長庚大學,資訊管理(技術)學系,366,17,03 桃園縣
長庚大學,資訊工程學系,52,0,03 桃園縣
長庚大學,資訊工程學系,234,16,03 桃園縣
元智大學,資訊社會學研究所,6,0,03 桃園縣
元智大學,資訊社會學研究所,15,0,03 桃園縣
元智大學,資訊傳播(工程)(設計)學系,35,0,03 桃園縣
元智大學,資訊傳播(工程)(設計)學系,535,14,03 桃園縣
元智大學,生物(與)醫學資訊學系,7,0,03 桃園縣
元智大學,資訊管理(技術)學系,43,0,03 桃園縣
元智大學,資訊管理(技術)學系,65,0,03 桃園縣
元智大學,資訊管理(技術)學系,484,25,03 桃園縣
元智大學,資訊管理(技術)學系,106,0,03 桃園縣
元智大學,資訊工程學系,43,0,03 桃園縣
元智大學,資訊工程學系,143,0,03 桃園縣
元智大學,資訊工程學系,661,25,03 桃園縣
元智大學,資訊工程學系,54,0,03 桃園縣
中華大學,工業管理(與經營資訊)學系,71,0,18 新竹市
中華大學,工業管理(與經營資訊)學系,196,10,18 新竹市
中華大學,工業管理(與經營資訊)學系,50,0,18 新竹市
中華大學,生物資訊學系,9,0,18 新竹市
中華大學,生物資訊學系,170,9,18 新竹市
中華大學,應用統計(資訊)學系,1,0,18 新竹市
中華大學,應用統計(資訊)學系,57,1,18 新竹市
中華大學,資訊管理(技術)學系,48,0,18 新竹市
中華大學,資訊管理(技術)學系,432,12,18 新竹市
中華大學,資訊管理(技術)學系,30,0,18 新竹市
中華大學,資訊管理(技術)學系,72,0,18 新竹市
中華大學,資訊工程學系,94,0,18 新竹市
中華大學,資訊工程學系,393,18,18 新竹市
中華大學,資訊工程學系,23,0,18 新竹市
中華大學,資訊學系,4,0,18 新竹市
大葉大學,會計(與)(資訊)(科技)(系統)學系,6,0,07 彰化縣
大葉大學,會計(與)(資訊)(科技)(系統)學系,192,7,07 彰化縣
大葉大學,資訊管理(技術)學系,31,0,07 彰化縣
大葉大學,資訊管理(技術)學系,212,9,07 彰化縣
大葉大學,資訊管理(技術)學系,25,0,07 彰化縣
大葉大學,資訊管理(技術)學系,40,0,07 彰化縣
大葉大學,資訊工程學系,30,0,07 彰化縣
大葉大學,資訊工程學系,281,10,07 彰化縣
大葉大學,資訊工程學系,1,0,07 彰化縣
華梵大學,資訊管理(技術)學系,24,0,01 新北市
華梵大學,資訊管理(技術)學系,293,11,01 新北市
華梵大學,資訊管理(技術)學系,55,0,01 新北市
華梵大學,工業工程與經營資訊學系,23,0,01 新北市
華梵大學,工業工程與經營資訊學系,287,11,01 新北市
華梵大學,工業工程與經營資訊學系,48,0,01 新北市
義守大學,會計(與)(資訊)(科技)(系統)學系,229,9,12 高雄市
義守大學,工業管理(與經營資訊)學系,16,0,12 高雄市
義守大學,工業管理(與經營資訊)學系,27,0,12 高雄市
義守大學,工業管理(與經營資訊)學系,353,11,12 高雄市
義守大學,工業管理(與經營資訊)學系,43,0,12 高雄市
義守大學,工業管理(與經營資訊)學系,71,0,12 高雄市
義守大學,資訊管理(技術)學系,20,0,12 高雄市
義守大學,資訊管理(技術)學系,403,18,12 高雄市
義守大學,資訊管理(技術)學系,50,0,12 高雄市
義守大學,資訊管理(技術)學系,105,0,12 高雄市
義守大學,資訊工程學系,44,0,12 高雄市
義守大學,資訊工程學系,54,0,12 高雄市
義守大學,資訊工程學系,545,20,12 高雄市
義守大學,資訊工程學系,27,0,12 高雄市
義守大學,資訊工程學系,77,0,12 高雄市
世新大學,資訊傳播(工程)(設計)學系,68,0,30 臺北市
世新大學,資訊傳播(工程)(設計)學系,246,10,30 臺北市
世新大學,資訊傳播(工程)(設計)學系,30,0,30 臺北市
世新大學,資訊管理(技術)學系,103,0,30 臺北市
世新大學,資訊管理(技術)學系,890,26,30 臺北市
世新大學,資訊管理(技術)學系,80,0,30 臺北市
銘傳大學,資訊傳播(工程)(設計)學系,35,0,30 臺北市
銘傳大學,資訊傳播(工程)(設計)學系,443,16,30 臺北市
銘傳大學,會計(與)(資訊)(科技)(系統)學系,24,0,30 臺北市
銘傳大學,會計(與)(資訊)(科技)(系統)學系,865,19,30 臺北市
銘傳大學,會計(與)(資訊)(科技)(系統)學系,21,0,30 臺北市
銘傳大學,醫療資訊(與)管理學系,284,10,30 臺北市
銘傳大學,應用統計(資訊)學系,14,0,30 臺北市
銘傳大學,應用統計(資訊)學系,452,17,30 臺北市
銘傳大學,資訊管理(技術)學系,36,0,30 臺北市
銘傳大學,資訊管理(技術)學系,679,25,30 臺北市
銘傳大學,資訊管理(技術)學系,60,0,30 臺北市
銘傳大學,資訊(科技)(與)應用學系,68,3,30 臺北市
銘傳大學,資訊工程學系,30,0,30 臺北市
銘傳大學,資訊工程學系,438,18,30 臺北市
實踐大學,會計(與)(資訊)(科技)(系統)學系,454,11,30 臺北市
實踐大學,會計(與)(資訊)(科技)(系統)學系,1,0,30 臺北市
實踐大學,會計(與)(資訊)(科技)(系統)學系,107,0,30 臺北市
實踐大學,資訊科技與管理系,15,0,30 臺北市
實踐大學,資訊科技與管理系,439,14,30 臺北市
實踐大學,資訊科技與管理系,6,0,30 臺北市
實踐大學,資訊科技與管理系,2,0,30 臺北市
實踐大學,資訊管理(技術)學系,338,10,30 臺北市
實踐大學,資訊模擬與設計學系,426,10,30 臺北市
實踐大學,資訊科技與(行動)通訊學系,348,9,30 臺北市
朝陽科技大學,會計(與)(資訊)(科技)(系統)學系,24,0,06 臺中市
朝陽科技大學,會計(與)(資訊)(科技)(系統)學系,672,16,06 臺中市
朝陽科技大學,資訊管理(技術)學系,18,0,06 臺中市
朝陽科技大學,資訊管理(技術)學系,59,0,06 臺中市
朝陽科技大學,資訊管理(技術)學系,657,23,06 臺中市
朝陽科技大學,資訊管理(技術)學系,24,0,06 臺中市
朝陽科技大學,資訊管理(技術)學系,174,0,06 臺中市
朝陽科技大學,資訊工程學系,62,0,06 臺中市
朝陽科技大學,資訊工程學系,481,18,06 臺中市
朝陽科技大學,資訊工程學系,15,0,06 臺中市
朝陽科技大學,資訊工程學系,170,0,06 臺中市
朝陽科技大學,資訊與(網路)通訊系,49,0,06 臺中市
朝陽科技大學,資訊與(網路)通訊系,464,14,06 臺中市
朝陽科技大學,資訊與(網路)通訊系,117,0,06 臺中市
高雄醫學大學,醫務管理暨醫療資訊學系,25,0,50 高雄市
高雄醫學大學,醫務管理暨醫療資訊學系,213,10,50 高雄市
高雄醫學大學,醫務管理暨醫療資訊學系,53,0,50 高雄市
南華大學,會計(與)(資訊)(科技)(系統)學系,12,1,10 嘉義縣
南華大學,資訊管理(技術)學系,25,0,10 嘉義縣
南華大學,資訊管理(技術)學系,283,14,10 嘉義縣
南華大學,資訊管理(技術)學系,71,0,10 嘉義縣
南華大學,資訊工程學系,237,10,10 嘉義縣
真理大學,人文與資訊學系,197,7,01 新北市
真理大學,會計(與)(資訊)(科技)(系統)學系,353,11,01 新北市
真理大學,工業管理(與經營資訊)學系,526,16,01 新北市
真理大學,資訊管理(技術)學系,388,15,01 新北市
真理大學,資訊管理(技術)學系,61,0,01 新北市
真理大學,資訊(科技)(與)應用學系,3,0,01 新北市
真理大學,資訊(科技)(與)應用學系,3,4,01 新北市
真理大學,資訊工程學系,20,0,01 新北市
真理大學,資訊工程學系,360,14,01 新北市
真理大學,運動資訊(與)傳播學系,193,7,01 新北市
大同大學,資訊經營學系,20,0,30 臺北市
大同大學,資訊經營學系,222,10,30 臺北市
大同大學,資訊經營學系,99,0,30 臺北市
大同大學,資訊工程學系,26,0,30 臺北市
大同大學,資訊工程學系,62,0,30 臺北市
大同大學,資訊工程學系,412,17,30 臺北市
大同大學,資訊工程學系,33,0,30 臺北市
南臺科技大學,資訊傳播(工程)(設計)學系,16,0,11 臺南市
南臺科技大學,資訊傳播(工程)(設計)學系,438,12,11 臺南市
南臺科技大學,資訊傳播(工程)(設計)學系,166,0,11 臺南市
南臺科技大學,會計(與)(資訊)(科技)(系統)學系,14,0,11 臺南市
南臺科技大學,會計(與)(資訊)(科技)(系統)學系,426,12,11 臺南市
南臺科技大學,管理(與)資訊學系,29,0,11 臺南市
南臺科技大學,管理(與)資訊學系,756,28,11 臺南市
南臺科技大學,管理(與)資訊學系,31,0,11 臺南市
南臺科技大學,管理(與)資訊學系,95,0,11 臺南市
南臺科技大學,資訊管理(技術)學系,32,0,11 臺南市
南臺科技大學,資訊管理(技術)學系,667,24,11 臺南市
南臺科技大學,資訊管理(技術)學系,43,0,11 臺南市
南臺科技大學,資訊管理(技術)學系,32,0,11 臺南市
南臺科技大學,資訊管理(技術)學系,167,0,11 臺南市
南臺科技大學,資訊管理(技術)學系,0,0,11 臺南市
南臺科技大學,資訊工程學系,30,0,11 臺南市
南臺科技大學,資訊工程學系,466,16,11 臺南市
南臺科技大學,資訊工程學系,132,0,11 臺南市
崑山科技大學,資訊傳播(工程)(設計)學系,192,8,11 臺南市
崑山科技大學,資訊傳播(工程)(設計)學系,98,0,11 臺南市
崑山科技大學,資訊傳播(工程)(設計)學系,0,0,11 臺南市
崑山科技大學,會計(與)(資訊)(科技)(系統)學系,237,10,11 臺南市
崑山科技大學,會計(與)(資訊)(科技)(系統)學系,55,0,11 臺南市
崑山科技大學,資訊管理(技術)學系,18,0,11 臺南市
崑山科技大學,資訊管理(技術)學系,391,17,11 臺南市
崑山科技大學,資訊管理(技術)學系,22,0,11 臺南市
崑山科技大學,資訊管理(技術)學系,250,0,11 臺南市
崑山科技大學,資訊管理(技術)學系,13,0,11 臺南市
崑山科技大學,資訊工程學系,22,0,11 臺南市
崑山科技大學,資訊工程學系,405,15,11 臺南市
崑山科技大學,資訊工程學系,16,0,11 臺南市
崑山科技大學,資訊工程學系,88,0,11 臺南市
嘉南藥理大學,資訊管理(技術)學系,613,20,11 臺南市
嘉南藥理大學,資訊管理(技術)學系,193,0,11 臺南市
嘉南藥理大學,應用空間資訊系,15,0,11 臺南市
嘉南藥理大學,應用空間資訊系,639,18,11 臺南市
嘉南藥理大學,應用空間資訊系,84,0,11 臺南市
嘉南藥理大學,資訊多媒體應用學系,412,11,11 臺南市
嘉南藥理大學,資訊多媒體應用學系,83,0,11 臺南市
樹德科技大學,資訊管理(技術)學系,37,0,12 高雄市
樹德科技大學,資訊管理(技術)學系,401,15,12 高雄市
樹德科技大學,資訊管理(技術)學系,36,0,12 高雄市
樹德科技大學,資訊管理(技術)學系,131,0,12 高雄市
樹德科技大學,資訊工程學系,24,0,12 高雄市
樹德科技大學,資訊工程學系,436,14,12 高雄市
樹德科技大學,資訊工程學系,43,0,12 高雄市
樹德科技大學,資訊工程學系,133,0,12 高雄市
慈濟大學,醫學資訊學系,42,0,15 花蓮縣
慈濟大學,醫學資訊學系,209,14,15 花蓮縣
臺北醫學大學,醫學資訊學系,39,0,30 臺北市
臺北醫學大學,醫學資訊學系,32,14,30 臺北市
臺北醫學大學,醫學資訊學系,24,0,30 臺北市
中山醫學大學,醫學資訊學系,11,0,19 臺中市
中山醫學大學,醫學資訊學系,151,8,19 臺中市
中山醫學大學,醫學資訊學系,1,0,19 臺中市
龍華科技大學,工業管理(與經營資訊)學系,441,17,03 桃園縣
龍華科技大學,工業管理(與經營資訊)學系,257,0,03 桃園縣
龍華科技大學,工業管理(與經營資訊)學系,26,0,03 桃園縣
龍華科技大學,資訊管理(技術)學系,41,0,03 桃園縣
龍華科技大學,資訊管理(技術)學系,548,24,03 桃園縣
龍華科技大學,資訊管理(技術)學系,391,0,03 桃園縣
龍華科技大學,資訊管理(技術)學系,45,0,03 桃園縣
龍華科技大學,資訊類產學專班,62,0,03 桃園縣
龍華科技大學,(資訊)網路工程系,437,14,03 桃園縣
龍華科技大學,(資訊)網路工程系,260,0,03 桃園縣
輔英科技大學,資訊科技學系,264,2,12 高雄市
輔英科技大學,資訊管理(技術)學系,446,13,12 高雄市
輔英科技大學,資訊管理(技術)學系,159,0,12 高雄市
明新科技大學,資訊管理(技術)學系,36,0,04 新竹縣
明新科技大學,資訊管理(技術)學系,440,21,04 新竹縣
明新科技大學,資訊管理(技術)學系,234,0,04 新竹縣
明新科技大學,資訊管理(技術)學系,78,0,04 新竹縣
明新科技大學,資訊管理科,91,0,04 新竹縣
明新科技大學,資訊工程學系,482,18,04 新竹縣
明新科技大學,資訊工程學系,183,0,04 新竹縣
長榮大學,會計(與)(資訊)(科技)(系統)學系,606,18,11 臺南市
長榮大學,資訊管理(技術)學系,36,0,11 臺南市
長榮大學,資訊管理(技術)學系,526,18,11 臺南市
長榮大學,資訊工程學系,313,11,11 臺南市
弘光科技大學,資訊管理(技術)學系,381,12,06 臺中市
弘光科技大學,資訊管理(技術)學系,186,0,06 臺中市
弘光科技大學,資訊工程學系,349,11,06 臺中市
弘光科技大學,資訊工程學系,158,0,06 臺中市
健行科技大學,工業管理(與經營資訊)學系,22,0,03 桃園縣
健行科技大學,工業管理(與經營資訊)學系,450,16,03 桃園縣
健行科技大學,工業管理(與經營資訊)學系,19,0,03 桃園縣
健行科技大學,資訊管理(技術)學系,19,0,03 桃園縣
健行科技大學,資訊管理(技術)學系,606,20,03 桃園縣
健行科技大學,資訊管理(技術)學系,32,0,03 桃園縣
健行科技大學,資訊管理(技術)學系,321,0,03 桃園縣
健行科技大學,資訊管理(技術)學系,39,0,03 桃園縣
健行科技大學,應用空間資訊系,179,7,03 桃園縣
健行科技大學,資訊工程學系,44,0,03 桃園縣
健行科技大學,資訊工程學系,869,29,03 桃園縣
健行科技大學,資訊工程學系,222,0,03 桃園縣
正修科技大學,資訊管理(技術)學系,17,0,12 高雄市
正修科技大學,資訊管理(技術)學系,439,21,12 高雄市
正修科技大學,資訊管理(技術)學系,25,0,12 高雄市
正修科技大學,資訊管理(技術)學系,534,0,12 高雄市
正修科技大學,資訊管理(技術)學系,77,0,12 高雄市
正修科技大學,資訊管理科,0,0,12 高雄市
正修科技大學,資訊工程學系,18,0,12 高雄市
正修科技大學,資訊工程學系,449,14,12 高雄市
正修科技大學,資訊工程學系,350,0,12 高雄市
正修科技大學,土木與空間資訊系,20,0,12 高雄市
正修科技大學,土木與空間資訊系,415,22,12 高雄市
正修科技大學,土木與空間資訊系,149,0,12 高雄市
萬能科技大學,工業管理(與經營資訊)學系,222,12,03 桃園縣
萬能科技大學,工業管理(與經營資訊)學系,129,0,03 桃園縣
萬能科技大學,工業管理(與經營資訊)學系,71,0,03 桃園縣
萬能科技大學,管理(與)資訊學系,72,0,03 桃園縣
萬能科技大學,管理(與)資訊學系,37,0,03 桃園縣
萬能科技大學,資訊管理(技術)學系,20,0,03 桃園縣
萬能科技大學,資訊管理(技術)學系,382,18,03 桃園縣
萬能科技大學,資訊管理(技術)學系,0,0,03 桃園縣
萬能科技大學,資訊管理(技術)學系,27,0,03 桃園縣
萬能科技大學,資訊管理(技術)學系,146,0,03 桃園縣
萬能科技大學,資訊工程學系,354,17,03 桃園縣
萬能科技大學,資訊工程學系,44,0,03 桃園縣
玄奘大學,(數位)圖書資訊學系,18,2,18 新竹市
玄奘大學,資訊管理(技術)學系,23,0,18 新竹市
玄奘大學,資訊管理(技術)學系,196,8,18 新竹市
玄奘大學,資訊管理(技術)學系,35,0,18 新竹市
建國科技大學,資訊管理(技術)學系,507,16,07 彰化縣
建國科技大學,資訊管理(技術)學系,142,0,07 彰化縣
建國科技大學,資訊管理(技術)學系,1,0,07 彰化縣
建國科技大學,資訊與(網路)通訊系,347,9,07 彰化縣
建國科技大學,資訊與(網路)通訊系,0,0,07 彰化縣
建國科技大學,資訊與(網路)通訊系,0,0,07 彰化縣
高苑科技大學,資訊傳播(工程)(設計)學系,313,12,12 高雄市
高苑科技大學,資訊傳播(工程)(設計)學系,73,0,12 高雄市
高苑科技大學,資訊科技學系,1,0,12 高雄市
高苑科技大學,資訊管理(技術)學系,308,18,12 高雄市
高苑科技大學,資訊管理(技術)學系,21,0,12 高雄市
高苑科技大學,資訊管理(技術)學系,128,0,12 高雄市
高苑科技大學,資訊(科技)(與)應用學系,22,0,12 高雄市
高苑科技大學,資訊(科技)(與)應用學系,270,11,12 高雄市
高苑科技大學,資訊(科技)(與)應用學系,34,0,12 高雄市
高苑科技大學,空間資訊應用學位學程,15,0,12 高雄市
大仁科技大學,資訊管理(技術)學系,108,0,13 屏東縣
大仁科技大學,資訊管理(技術)學系,0,0,13 屏東縣
大仁科技大學,資訊管理科,1,0,13 屏東縣
大仁科技大學,資訊管理(技術)學系,38,0,13 屏東縣
大仁科技大學,資訊工程與娛樂科技系,84,11,13 屏東縣
大仁科技大學,資訊應用與管理系,76,12,13 屏東縣
大仁科技大學,資訊應用與管理系,35,0,13 屏東縣
大仁科技大學,資訊工程學系,100,0,13 屏東縣
聖約翰科技大學,資訊管理(技術)學系,391,15,01 新北市
聖約翰科技大學,資訊管理(技術)學系,45,0,01 新北市
聖約翰科技大學,醫護資訊學位學程,60,1,01 新北市
聖約翰科技大學,資訊工程學系,34,0,01 新北市
聖約翰科技大學,資訊工程學系,449,15,01 新北市
聖約翰科技大學,資訊工程學系,14,0,01 新北市
聖約翰科技大學,資訊與(網路)通訊系,42,0,01 新北市
聖約翰科技大學,資訊與(網路)通訊系,347,12,01 新北市
嶺東科技大學,會計(與)(資訊)(科技)(系統)學系,192,7,19 臺中市
嶺東科技大學,會計(與)(資訊)(科技)(系統)學系,0,0,19 臺中市
嶺東科技大學,資訊科技學系,12,2,19 臺中市
嶺東科技大學,資訊科技學系,393,11,19 臺中市
嶺東科技大學,資訊科技學系,0,0,19 臺中市
嶺東科技大學,資訊科技學系,154,0,19 臺中市
嶺東科技大學,資訊管理(技術)學系,12,2,19 臺中市
嶺東科技大學,資訊管理(技術)學系,632,20,19 臺中市
嶺東科技大學,資訊管理(技術)學系,8,0,19 臺中市
嶺東科技大學,資訊管理(技術)學系,167,0,19 臺中市
嶺東科技大學,資訊網路(技術)系,403,11,19 臺中市
嶺東科技大學,資訊網路(技術)系,148,0,19 臺中市
中國科技大學,會計(與)(資訊)(科技)(系統)學系,208,8,30 臺北市
中國科技大學,會計(與)(資訊)(科技)(系統)學系,3,0,30 臺北市
中國科技大學,會計(與)(資訊)(科技)(系統)學系,16,1,30 臺北市
中國科技大學,會計(與)(資訊)(科技)(系統)學系,13,0,30 臺北市
中國科技大學,資訊管理(技術)學系,679,25,30 臺北市
中國科技大學,資訊管理(技術)學系,227,3,30 臺北市
中國科技大學,資訊管理(技術)學系,1,0,30 臺北市
中國科技大學,資訊工程學系,178,11,30 臺北市
中國科技大學,資訊工程學系,22,1,30 臺北市
中國科技大學,資訊工程學系,2,0,30 臺北市
中臺科技大學,資訊管理(技術)學系,408,16,19 臺中市
中臺科技大學,資訊管理(技術)學系,175,0,19 臺中市
中臺科技大學,資訊管理(技術)學系,1,0,19 臺中市
亞洲大學,資訊傳播(工程)(設計)學系,16,0,06 臺中市
亞洲大學,資訊傳播(工程)(設計)學系,492,10,06 臺中市
亞洲大學,會計(與)(資訊)(科技)(系統)學系,13,0,06 臺中市
亞洲大學,會計(與)(資訊)(科技)(系統)學系,292,9,06 臺中市
亞洲大學,生物(與)醫學資訊學系,25,0,06 臺中市
亞洲大學,生物(與)醫學資訊學系,10,0,06 臺中市
亞洲大學,生物(與)醫學資訊學系,148,10,06 臺中市
亞洲大學,生物(與)醫學資訊學系,24,0,06 臺中市
亞洲大學,資訊多媒體應用學系,22,0,06 臺中市
亞洲大學,資訊多媒體應用學系,439,16,06 臺中市
亞洲大學,資訊工程學系,24,0,06 臺中市
亞洲大學,資訊工程學系,34,0,06 臺中市
亞洲大學,資訊工程學系,378,21,06 臺中市
亞洲大學,資訊工程學系,89,0,06 臺中市
開南大學,資訊傳播(工程)(設計)學系,3,0,03 桃園縣
開南大學,資訊傳播(工程)(設計)學系,391,10,03 桃園縣
開南大學,會計(與)(資訊)(科技)(系統)學系,16,0,03 桃園縣
開南大學,會計(與)(資訊)(科技)(系統)學系,180,10,03 桃園縣
開南大學,資訊管理(技術)學系,7,0,03 桃園縣
開南大學,資訊管理(技術)學系,468,20,03 桃園縣
開南大學,資訊管理(技術)學系,59,0,03 桃園縣
開南大學,資訊(電機)學院(不分系),12,0,03 桃園縣
開南大學,資訊(電機)學院(不分系),31,0,03 桃園縣
開南大學,資訊(電機)學院(不分系),46,0,03 桃園縣
佛光大學,資訊(科技)(與)應用學系,30,0,02 宜蘭縣
佛光大學,資訊(科技)(與)應用學系,276,14,02 宜蘭縣
佛光大學,資訊(科技)(與)應用學系,30,0,02 宜蘭縣
台南應用科技大學,會計(與)(資訊)(科技)(系統)學系,129,7,11 臺南市
台南應用科技大學,資訊管理(技術)學系,381,14,11 臺南市
台南應用科技大學,資訊管理(技術)學系,7,0,11 臺南市
台南應用科技大學,資訊管理(技術)學系,118,0,11 臺南市
台南應用科技大學,資訊管理(技術)學系,30,0,11 臺南市
遠東科技大學,資訊管理(技術)學系,384,19,11 臺南市
遠東科技大學,資訊管理(技術)學系,1,0,11 臺南市
遠東科技大學,資訊工程學系,400,16,11 臺南市
遠東科技大學,資訊工程學系,1,0,11 臺南市
元培醫事科技大學,資訊管理(技術)學系,385,14,18 新竹市
元培醫事科技大學,資訊管理(技術)學系,132,0,18 新竹市
元培醫事科技大學,資訊管理(技術)學系,21,0,18 新竹市
元培醫事科技大學,資訊工程學系,287,14,18 新竹市
元培醫事科技大學,資訊工程學系,11,0,18 新竹市
景文科技大學,會計(與)(資訊)(科技)(系統)學系,33,2,01 新北市
景文科技大學,資訊管理(技術)學系,638,19,01 新北市
景文科技大學,資訊管理(技術)學系,1,0,01 新北市
景文科技大學,資訊管理(技術)學系,101,0,01 新北市
景文科技大學,資訊管理(技術)學系,28,0,01 新北市
景文科技大學,資訊工程學系,197,7,01 新北市
景文科技大學,資訊工程學系,61,0,01 新北市
中華醫事科技大學,資訊管理(技術)學系,311,15,11 臺南市
中華醫事科技大學,資訊管理(技術)學系,101,0,11 臺南市
東南科技大學,工業管理(與經營資訊)學系,32,0,01 新北市
東南科技大學,工業管理(與經營資訊)學系,191,10,01 新北市
東南科技大學,工業管理(與經營資訊)學系,33,0,01 新北市
東南科技大學,資訊科技學系,269,14,01 新北市
東南科技大學,資訊科技學系,0,0,01 新北市
東南科技大學,資訊管理(技術)學系,422,16,01 新北市
東南科技大學,資訊管理(技術)學系,68,0,01 新北市
東南科技大學,資訊管理(技術)學系,37,0,01 新北市
德明財經科技大學,會計(與)(資訊)(科技)(系統)學系,618,16,30 臺北市
德明財經科技大學,會計(與)(資訊)(科技)(系統)學系,18,0,30 臺北市
德明財經科技大學,資訊科技學系,421,10,30 臺北市
德明財經科技大學,資訊科技學系,53,0,30 臺北市
德明財經科技大學,資訊管理(技術)學系,2,0,30 臺北市
德明財經科技大學,資訊管理(技術)學系,436,17,30 臺北市
德明財經科技大學,資訊管理(技術)學系,34,0,30 臺北市
德明財經科技大學,資訊管理(技術)學系,207,0,30 臺北市
德明財經科技大學,資訊管理(技術)學系,33,0,30 臺北市
明道大學,資訊傳播(工程)(設計)學系,20,0,07 彰化縣
明道大學,資訊傳播(工程)(設計)學系,177,10,07 彰化縣
明道大學,資訊傳播(工程)(設計)學系,84,0,07 彰化縣
康寧大學,資訊傳播(工程)(設計)學系,36,0,21 臺南市
康寧大學,資訊傳播(工程)(設計)學系,111,9,21 臺南市
康寧大學,資訊傳播(工程)(設計)學系,43,0,21 臺南市
康寧大學,資訊傳播(工程)(設計)學系,47,0,21 臺南市
南開科技大學,工業管理(與經營資訊)學系,174,9,08 南投縣
南開科技大學,工業管理(與經營資訊)學系,48,0,08 南投縣
南開科技大學,資訊管理(技術)學系,214,9,08 南投縣
南開科技大學,資訊管理(技術)學系,115,0,08 南投縣
南開科技大學,電機與資訊技術系,239,21,08 南投縣
南開科技大學,電機與資訊技術系,48,0,08 南投縣
南開科技大學,電機與資訊技術科,407,0,08 南投縣
南開科技大學,電機與資訊技術系,76,0,08 南投縣
中華科技大學,資訊管理(技術)學系,476,17,30 臺北市
中華科技大學,資訊管理(技術)學系,100,0,30 臺北市
中華科技大學,資訊管理(技術)學系,34,0,30 臺北市
中華科技大學,資訊類產學專班,38,0,30 臺北市
中華科技大學,資訊類產學專班,1,0,30 臺北市
中華科技大學,資訊工程學系,348,10,30 臺北市
中華科技大學,資訊工程學系,25,0,30 臺北市
僑光科技大學,會計(與)(資訊)(科技)(系統)學系,201,7,19 臺中市
僑光科技大學,會計(資訊)科,48,0,19 臺中市
僑光科技大學,會計(與)(資訊)(科技)(系統)學系,82,0,19 臺中市
僑光科技大學,資訊科技學系,16,0,19 臺中市
僑光科技大學,資訊科技學系,406,15,19 臺中市
僑光科技大學,資訊科技學系,242,0,19 臺中市
僑光科技大學,資訊管理(技術)學系,209,17,19 臺中市
僑光科技大學,資訊管理科,136,0,19 臺中市
僑光科技大學,資訊管理(技術)學系,171,0,19 臺中市
僑光科技大學,資訊類產學專班,0,0,19 臺中市
育達科技大學,財務資訊與金融系,80,3,05 苗栗縣
育達科技大學,資訊管理(技術)學系,30,0,05 苗栗縣
育達科技大學,資訊管理(技術)學系,337,19,05 苗栗縣
育達科技大學,資訊管理(技術)學系,33,0,05 苗栗縣
育達科技大學,資訊管理(技術)學系,210,0,05 苗栗縣
美和科技大學,資訊科技學系,119,7,13 屏東縣
美和科技大學,資訊科技學系,37,0,13 屏東縣
美和科技大學,資訊管理(技術)學系,247,16,13 屏東縣
美和科技大學,資訊管理(技術)學系,88,0,13 屏東縣
美和科技大學,健康產業資訊科技系,25,0,13 屏東縣
美和科技大學,健康產業資訊科技系,12,0,13 屏東縣
吳鳳科技大學,資訊管理(技術)學系,144,7,10 嘉義縣
吳鳳科技大學,資訊管理科,0,0,10 嘉義縣
吳鳳科技大學,資訊管理(技術)學系,98,0,10 嘉義縣
吳鳳科技大學,資訊管理(技術)學系,0,0,10 嘉義縣
吳鳳科技大學,資訊管理科,13,0,10 嘉義縣
吳鳳科技大學,資訊工程學系,193,7,10 嘉義縣
吳鳳科技大學,資訊工程學系,56,0,10 嘉義縣
環球科技大學,(資訊與)電子商務學系,13,0,09 雲林縣
環球科技大學,資訊管理(技術)學系,307,17,09 雲林縣
環球科技大學,資訊管理(技術)學系,259,0,09 雲林縣
環球科技大學,資訊管理(技術)學系,0,0,09 雲林縣
環球科技大學,資訊管理科,55,0,09 雲林縣
台灣首府大學,工業管理(與經營資訊)學系,6,3,11 臺南市
台灣首府大學,工業管理(與經營資訊)學系,7,0,11 臺南市
台灣首府大學,休閒資訊管理學系,214,7,11 臺南市
台灣首府大學,休閒資訊管理學系,98,0,11 臺南市
台灣首府大學,資訊與多媒體設計學系,216,7,11 臺南市
台灣首府大學,資訊與多媒體設計學系,17,0,11 臺南市
中州科技大學,資訊管理(技術)學系,155,10,07 彰化縣
中州科技大學,資訊管理(技術)學系,126,0,07 彰化縣
中州科技大學,資訊管理(技術)學系,106,0,07 彰化縣
修平科技大學,資訊管理(技術)學系,326,16,06 臺中市
修平科技大學,資訊管理(技術)學系,114,0,06 臺中市
修平科技大學,資訊網路(技術)系,447,12,06 臺中市
修平科技大學,資訊網路(技術)系,30,0,06 臺中市
臺北城市科技大學,資訊管理(技術)學系,25,0,30 臺北市
臺北城市科技大學,資訊管理(技術)學系,456,16,30 臺北市
臺北城市科技大學,資訊管理(技術)學系,39,0,30 臺北市
臺北城市科技大學,資訊工程學系,519,23,30 臺北市
臺北城市科技大學,資訊工程學系,0,0,30 臺北市
臺北城市科技大學,資訊工程科,348,0,30 臺北市
臺北城市科技大學,資訊工程學系,1,0,30 臺北市
大華科技大學,資訊管理(技術)學系,133,13,04 新竹縣
大華科技大學,資訊管理(技術)學系,28,0,04 新竹縣
大華科技大學,資訊管理科,233,0,04 新竹縣
大華科技大學,資訊管理(技術)學系,63,0,04 新竹縣
大華科技大學,資訊管理(技術)學系,0,0,04 新竹縣
醒吾科技大學,資訊傳播(工程)(設計)學系,424,15,01 新北市
醒吾科技大學,資訊傳播(工程)(設計)學系,131,0,01 新北市
醒吾科技大學,資訊科技學系,0,0,01 新北市
醒吾科技大學,資訊科技學系,0,0,01 新北市
醒吾科技大學,資訊科技學系,0,0,01 新北市
醒吾科技大學,資訊管理(技術)學系,344,15,01 新北市
醒吾科技大學,資訊管理(技術)學系,245,0,01 新北市
醒吾科技大學,資訊(科技)(與)應用學系,16,0,01 新北市
醒吾科技大學,資訊(科技)(與)應用學系,339,15,01 新北市
醒吾科技大學,資訊(科技)(與)應用學系,29,0,01 新北市
醒吾科技大學,資訊(科技)(與)應用學系,15,0,01 新北市
南榮科技大學,管理(與)資訊學系,1,0,11 臺南市
南榮科技大學,管理(與)資訊學系,0,0,11 臺南市
南榮科技大學,資訊科技學系,127,4,11 臺南市
南榮科技大學,資訊科技學系,44,0,11 臺南市
南榮科技大學,資訊管理(技術)學系,93,8,11 臺南市
南榮科技大學,資訊管理科,69,0,11 臺南市
南榮科技大學,資訊管理(技術)學系,165,0,11 臺南市
南榮科技大學,資訊管理(技術)學系,33,0,11 臺南市
南榮科技大學,資訊管理科,83,0,11 臺南市
南榮科技大學,資訊工程學系,13,0,11 臺南市
華夏科技大學,資訊管理(技術)學系,184,20,01 新北市
華夏科技大學,資訊管理(技術)學系,72,0,01 新北市
華夏科技大學,資訊管理科,231,0,01 新北市
華夏科技大學,資訊管理(技術)學系,34,0,01 新北市
華夏科技大學,資訊管理(技術)學系,102,0,01 新北市
華夏科技大學,資訊管理(技術)學系,35,0,01 新北市
華夏科技大學,資訊管理科,45,0,01 新北市
華夏科技大學,資訊工程學系,323,10,01 新北市
華夏科技大學,資訊工程學系,115,0,01 新北市
華夏科技大學,資訊工程科,0,0,01 新北市
興國管理學院,管理(與)資訊學系,4,3,21 臺南市
興國管理學院,管理(與)資訊學系,0,0,21 臺南市
興國管理學院,管理(與)資訊學系,11,0,21 臺南市
大漢技術學院,資訊管理(技術)學系,1,0,15 花蓮縣
慈濟技術學院,資訊科技與管理系,329,17,15 花蓮縣
和春技術學院,會計(與)(資訊)(科技)(系統)學系,0,0,12 高雄市
和春技術學院,資訊管理(技術)學系,70,8,12 高雄市
和春技術學院,資訊管理(技術)學系,17,0,12 高雄市
和春技術學院,資訊管理科,106,0,12 高雄市
和春技術學院,資訊管理(技術)學系,120,0,12 高雄市
和春技術學院,資訊管理(技術)學系,28,0,12 高雄市
和春技術學院,資訊管理科,34,0,12 高雄市
和春技術學院,資訊工程學系,64,6,12 高雄市
和春技術學院,資訊工程科,35,0,12 高雄市
和春技術學院,資訊工程學系,10,0,12 高雄市
和春技術學院,資訊工程科,16,0,12 高雄市
致理技術學院,會計(與)(資訊)(科技)(系統)學系,665,23,01 新北市
致理技術學院,會計(資訊)科,274,0,01 新北市
致理技術學院,會計(與)(資訊)(科技)(系統)學系,189,0,01 新北市
致理技術學院,資訊管理(技術)學系,652,18,01 新北市
致理技術學院,資訊管理(技術)學系,29,0,01 新北市
致理技術學院,資訊管理科,131,0,01 新北市
致理技術學院,資訊管理(技術)學系,210,0,01 新北市
致理技術學院,資訊網路(技術)系,1,0,01 新北市
致理技術學院,資訊網路(技術)系,2,0,01 新北市
亞東技術學院,工業管理(與經營資訊)學系,397,9,01 新北市
亞東技術學院,工業管理(與經營資訊)學系,0,0,01 新北市
亞東技術學院,工業管理(與經營資訊)學系,1,0,01 新北市
亞東技術學院,資訊管理(技術)學系,409,9,01 新北市
亞東技術學院,資訊管理(技術)學系,1,0,01 新北市
桃園創新技術學院,資訊管理(技術)學系,239,10,03 桃園縣
桃園創新技術學院,資訊管理(技術)學系,141,0,03 桃園縣
桃園創新技術學院,資訊工程學系,217,9,03 桃園縣
桃園創新技術學院,資訊工程科,9,0,03 桃園縣
德霖技術學院,資訊工程學系,288,10,01 新北市
德霖技術學院,資訊工程學系,122,0,01 新北市
蘭陽技術學院,資訊管理(技術)學系,113,15,02 宜蘭縣
蘭陽技術學院,資訊管理(技術)學系,10,0,02 宜蘭縣
蘭陽技術學院,資訊管理科,0,0,02 宜蘭縣
蘭陽技術學院,資訊管理科,86,0,02 宜蘭縣
蘭陽技術學院,資訊管理(技術)學系,0,0,02 宜蘭縣
蘭陽技術學院,資訊管理(技術)學系,0,0,02 宜蘭縣
蘭陽技術學院,資訊管理科,3,0,02 宜蘭縣
黎明技術學院,資訊科技學系,195,9,01 新北市
黎明技術學院,資訊科技學系,64,0,01 新北市
黎明技術學院,資訊管理(技術)學系,233,7,01 新北市
黎明技術學院,資訊管理(技術)學系,101,0,01 新北市
黎明技術學院,電機資訊學位學程,75,0,01 新北市
東方設計學院,電子與資訊(工程)系,32,7,12 高雄市
東方設計學院,電子與資訊(工程)系,12,0,12 高雄市
經國管理暨健康學院,資訊多媒體應用學系,163,7,17 基隆市
經國管理暨健康學院,資訊多媒體應用學系,0,0,17 基隆市
崇右技術學院,會計(與)(資訊)(科技)(系統)學系,1,0,17 基隆市
崇右技術學院,資訊法律系,3,0,17 基隆市
崇右技術學院,資訊管理(技術)學系,35,5,17 基隆市
崇右技術學院,資訊管理科,78,0,17 基隆市
台北海洋技術學院,資訊科技與(行動)通訊學系,100,8,30 臺北市
台北海洋技術學院,資訊科技與(行動)通訊科,189,0,30 臺北市
台北海洋技術學院,資訊科技與(行動)通訊學系,1,0,30 臺北市
康寧醫護暨管理專科學校,資訊管理科,409,11,30 臺北市
康寧醫護暨管理專科學校,資訊管理科,26,0,30 臺北市
仁德醫護管理專科學校,資訊管理科,26,6,05 苗栗縣
樹人醫護管理專科學校,資訊管理科,279,10,12 高雄市
耕莘健康管理專科學校,資訊管理科,35,5,01 新北市
高美醫護管理專科學校,資訊管理科,0,0,12 高雄市
高美醫護管理專科學校,資訊管理科,117,4,12 高雄市
聖母醫護管理專科學校,資訊管理科,330,9,02 宜蘭縣
臺北市立大學,資訊科學學系,33,0,30 臺北市
臺北市立大學,資訊科學學系,174,11,30 臺北市
臺北市立大學,資訊科學學系,38,0,30 臺北市
國立政治大學,(數位)圖書資訊學系,58,0,30 臺北市
國立政治大學,圖書資訊與檔案學研究所,12,0,30 臺北市
國立政治大學,圖書資訊與檔案學研究所,38,7,30 臺北市
國立政治大學,會計(與)(資訊)(科技)(系統)學系,15,0,30 臺北市
國立政治大學,會計(與)(資訊)(科技)(系統)學系,145,0,30 臺北市
國立政治大學,會計(與)(資訊)(科技)(系統)學系,448,20,30 臺北市
國立政治大學,統計(科學)(資訊)學系,3,0,30 臺北市
國立政治大學,統計(科學)(資訊)學系,65,0,30 臺北市
國立政治大學,統計(科學)(資訊)學系,211,16,30 臺北市
國立政治大學,資訊管理(技術)學系,58,0,30 臺北市
國立政治大學,資訊管理(技術)學系,93,0,30 臺北市
國立政治大學,資訊管理(技術)學系,328,22,30 臺北市
國立政治大學,資訊科學學系,15,0,30 臺北市
國立政治大學,資訊科學學系,108,0,30 臺北市
國立政治大學,資訊科學學系,202,18,30 臺北市
國立政治大學,資訊科學學系,69,0,30 臺北市
國立清華大學,生物資訊與結構生物研究所,74,0,18 新竹市
國立清華大學,生物資訊與結構生物研究所,58,10,18 新竹市
國立清華大學,統計(科學)(資訊)學系,8,0,18 新竹市
國立清華大學,統計(科學)(資訊)學系,50,9,18 新竹市
國立清華大學,資訊系統與應用研究所,22,0,18 新竹市
國立清華大學,資訊系統與應用研究所,114,0,18 新竹市
國立清華大學,資訊工程學系,75,0,18 新竹市
國立清華大學,資訊工程學系,361,0,18 新竹市
國立清華大學,資訊工程學系,558,45,18 新竹市
國立清華大學,電機(資訊)學院,103,0,18 新竹市
國立臺灣大學,(數位)圖書資訊學系,21,0,30 臺北市
國立臺灣大學,(數位)圖書資訊學系,70,0,30 臺北市
國立臺灣大學,(數位)圖書資訊學系,203,14,30 臺北市
國立臺灣大學,(數位)圖書資訊學系,1,0,30 臺北市
國立臺灣大學,會計(與)(資訊)(科技)(系統)學系,26,0,30 臺北市
國立臺灣大學,會計(與)(資訊)(科技)(系統)學系,121,0,30 臺北市
國立臺灣大學,會計(與)(資訊)(科技)(系統)學系,515,25,30 臺北市
國立臺灣大學,統計(科學)(資訊)學系,18,0,30 臺北市
國立臺灣大學,資訊管理(技術)學系,24,0,30 臺北市
國立臺灣大學,資訊管理(技術)學系,122,0,30 臺北市
國立臺灣大學,資訊管理(技術)學系,206,16,30 臺北市
國立臺灣大學,資訊網路與多媒體研究所,52,0,30 臺北市
國立臺灣大學,資訊網路與多媒體研究所,105,9,30 臺北市
國立臺灣大學,資訊工程學系,124,0,30 臺北市
國立臺灣大學,資訊工程學系,321,0,30 臺北市
國立臺灣大學,資訊工程學系,511,29,30 臺北市
國立臺灣大學,資訊工程學系,17,0,30 臺北市
國立臺灣大學,生醫電子與資訊學研究所,83,0,30 臺北市
國立臺灣大學,生醫電子與資訊學研究所,105,8,30 臺北市
國立臺灣師範大學,資訊教育學系,24,0,30 臺北市
國立臺灣師範大學,資訊教育學系,58,6,30 臺北市
國立臺灣師範大學,資訊教育學系,2,0,30 臺北市
國立臺灣師範大學,(數位)圖書資訊學系,12,0,30 臺北市
國立臺灣師範大學,(數位)圖書資訊學系,57,7,30 臺北市
國立臺灣師範大學,(數位)圖書資訊學系,34,0,30 臺北市
國立臺灣師範大學,資訊工程學系,15,0,30 臺北市
國立臺灣師範大學,資訊工程學系,117,0,30 臺北市
國立臺灣師範大學,資訊工程學系,185,16,30 臺北市
國立成功大學,會計(與)(資訊)(科技)(系統)學系,7,0,21 臺南市
國立成功大學,會計(與)(資訊)(科技)(系統)學系,76,0,21 臺南市
國立成功大學,會計(與)(資訊)(科技)(系統)學系,264,15,21 臺南市
國立成功大學,工業與資訊管理學系,29,0,21 臺南市
國立成功大學,工業與資訊管理學系,87,0,21 臺南市
國立成功大學,工業與資訊管理學系,247,22,21 臺南市
國立成功大學,工業與資訊管理學系,88,0,21 臺南市
國立成功大學,生物(資訊與)訊息傳遞研究所,20,0,21 臺南市
國立成功大學,生物(資訊與)訊息傳遞研究所,20,9,21 臺南市
國立成功大學,統計(科學)(資訊)學系,5,0,21 臺南市
國立成功大學,統計(科學)(資訊)學系,49,0,21 臺南市
國立成功大學,統計(科學)(資訊)學系,243,16,21 臺南市
國立成功大學,資訊管理(技術)學系,15,0,21 臺南市
國立成功大學,資訊管理(技術)學系,53,0,21 臺南市
國立成功大學,資訊工程學系,74,0,21 臺南市
國立成功大學,資訊工程學系,255,0,21 臺南市
國立成功大學,資訊工程學系,445,39,21 臺南市
國立成功大學,製造資訊與系統研究所,32,0,21 臺南市
國立成功大學,製造資訊與系統研究所,64,0,21 臺南市
國立成功大學,測量及空間資訊學系,25,0,21 臺南市
國立成功大學,測量及空間資訊學系,57,0,21 臺南市
國立成功大學,測量及空間資訊學系,207,15,21 臺南市
國立成功大學,醫學資訊學系,25,0,21 臺南市
國立中興大學,(數位)圖書資訊學系,42,5,19 臺中市
國立中興大學,會計(與)(資訊)(科技)(系統)學系,41,0,19 臺中市
國立中興大學,會計(與)(資訊)(科技)(系統)學系,166,9,19 臺中市
國立中興大學,會計(與)(資訊)(科技)(系統)學系,1,0,19 臺中市
國立中興大學,基因體暨生物資訊學研究所,20,7,19 臺中市
國立中興大學,統計(科學)(資訊)學系,42,8,19 臺中市
國立中興大學,資訊管理(技術)學系,71,0,19 臺中市
國立中興大學,資訊管理(技術)學系,156,10,19 臺中市
國立中興大學,資訊管理(技術)學系,54,0,19 臺中市
國立中興大學,資訊科學與工程學系,48,0,19 臺中市
國立中興大學,資訊科學與工程學系,123,0,19 臺中市
國立中興大學,資訊科學與工程學系,180,20,19 臺中市
國立中興大學,資訊科學與工程學系,109,0,19 臺中市
國立交通大學,資訊管理與財務金融學系,44,0,18 新竹市
國立交通大學,資訊管理與財務金融學系,171,0,18 新竹市
國立交通大學,資訊管理與財務金融學系,165,24,18 新竹市
國立交通大學,生物資訊與系統生物研究所,38,0,18 新竹市
國立交通大學,生物資訊與系統生物研究所,35,8,18 新竹市
國立交通大學,統計(科學)(資訊)學系,15,0,18 新竹市
國立交通大學,統計(科學)(資訊)學系,52,9,18 新竹市
國立交通大學,網路與資訊系統學位學程,7,0,18 新竹市
國立交通大學,資訊工程學系,789,19,18 新竹市
國立交通大學,(資訊)網路工程系,119,7,18 新竹市
國立交通大學,資訊科學與工程學系,191,0,18 新竹市
國立交通大學,資訊科學與工程學系,394,28,18 新竹市
國立交通大學,電機(資訊)學院,38,0,18 新竹市
國立交通大學,電機(資訊)學院,72,0,18 新竹市
國立交通大學,電機(資訊)學院,130,0,18 新竹市
國立交通大學,電機資訊學位學程,112,0,18 新竹市
國立交通大學,資訊(電機)學院(不分系),103,0,18 新竹市
國立中央大學,會計(與)(資訊)(科技)(系統)學系,29,6,03 桃園市
國立中央大學,會計(與)(資訊)(科技)(系統)學系,19,0,03 桃園市
國立中央大學,工業管理(與經營資訊)學系,12,0,03 桃園市
國立中央大學,工業管理(與經營資訊)學系,68,7,03 桃園市
國立中央大學,工業管理(與經營資訊)學系,70,0,03 桃園市
國立中央大學,系統生物與生物資訊研究所,0,0,03 桃園市
國立中央大學,統計(科學)(資訊)學系,4,0,03 桃園市
國立中央大學,統計(科學)(資訊)學系,35,8,03 桃園市
國立中央大學,資訊管理(技術)學系,32,0,03 桃園市
國立中央大學,資訊管理(技術)學系,107,0,03 桃園市
國立中央大學,資訊管理(技術)學系,405,21,03 桃園市
國立中央大學,資訊管理(技術)學系,58,0,03 桃園市
國立中央大學,資訊工程學系,89,0,03 桃園市
國立中央大學,資訊工程學系,253,0,03 桃園市
國立中央大學,資訊工程學系,456,27,03 桃園市
國立中央大學,資訊工程學系,95,0,03 桃園市
國立中山大學,資訊管理(技術)學系,26,0,50 高雄市
國立中山大學,資訊管理(技術)學系,112,0,50 高雄市
國立中山大學,資訊管理(技術)學系,196,20,50 高雄市
國立中山大學,資訊管理(技術)學系,76,0,50 高雄市
國立中山大學,資訊工程學系,26,0,50 高雄市
國立中山大學,資訊工程學系,212,0,50 高雄市
國立中山大學,資訊工程學系,220,19,50 高雄市
國立臺灣海洋大學,海洋環境資訊系,8,0,17 基隆市
國立臺灣海洋大學,海洋環境資訊系,14,0,17 基隆市
國立臺灣海洋大學,海洋環境資訊系,223,11,17 基隆市
國立臺灣海洋大學,海洋環境資訊系,41,0,17 基隆市
國立臺灣海洋大學,資訊工程學系,11,0,17 基隆市
國立臺灣海洋大學,資訊工程學系,117,0,17 基隆市
國立臺灣海洋大學,資訊工程學系,472,28,17 基隆市
國立臺灣海洋大學,資訊工程學系,8,0,17 基隆市
國立中正大學,會計(與)(資訊)(科技)(系統)學系,14,0,10 嘉義縣
國立中正大學,會計(與)(資訊)(科技)(系統)學系,57,0,10 嘉義縣
國立中正大學,會計(與)(資訊)(科技)(系統)學系,217,13,10 嘉義縣
國立中正大學,會計(與)(資訊)(科技)(系統)學系,123,0,10 嘉義縣
國立中正大學,資訊管理(技術)學系,24,0,10 嘉義縣
國立中正大學,資訊管理(技術)學系,109,0,10 嘉義縣
國立中正大學,資訊管理(技術)學系,163,14,10 嘉義縣
國立中正大學,資訊管理(技術)學系,103,0,10 嘉義縣
國立中正大學,資訊工程學系,23,0,10 嘉義縣
國立中正大學,資訊工程學系,267,0,10 嘉義縣
國立中正大學,資訊工程學系,381,26,10 嘉義縣
國立中正大學,資訊工程學系,52,0,10 嘉義縣
國立中正大學,通訊資訊碩士,14,0,10 嘉義縣
國立高雄師範大學,資訊教育學系,0,0,50 高雄市
國立高雄師範大學,資訊教育學系,0,0,50 高雄市
國立彰化師範大學,會計(與)(資訊)(科技)(系統)學系,49,0,07 彰化縣
國立彰化師範大學,會計(與)(資訊)(科技)(系統)學系,356,12,07 彰化縣
國立彰化師範大學,會計(與)(資訊)(科技)(系統)學系,64,0,07 彰化縣
國立彰化師範大學,統計(科學)(資訊)學系,24,5,07 彰化縣
國立彰化師範大學,資訊管理(技術)學系,48,0,07 彰化縣
國立彰化師範大學,資訊管理(技術)學系,207,11,07 彰化縣
國立彰化師範大學,資訊管理(技術)學系,67,0,07 彰化縣
國立彰化師範大學,資訊工程學系,59,0,07 彰化縣
國立彰化師範大學,資訊工程學系,162,14,07 彰化縣
國立彰化師範大學,資訊工程學系,7,0,07 彰化縣
國立陽明大學,生物(與)醫學資訊學系,55,0,30 臺北市
國立陽明大學,生物(與)醫學資訊學系,57,11,30 臺北市
國立臺北大學,會計(與)(資訊)(科技)(系統)學系,10,0,01 新北市
國立臺北大學,會計(與)(資訊)(科技)(系統)學系,35,0,01 新北市
國立臺北大學,會計(與)(資訊)(科技)(系統)學系,507,18,01 新北市
國立臺北大學,會計(與)(資訊)(科技)(系統)學系,45,0,01 新北市
國立臺北大學,統計(科學)(資訊)學系,38,0,01 新北市
國立臺北大學,統計(科學)(資訊)學系,245,19,01 新北市
國立臺北大學,統計(科學)(資訊)學系,57,0,01 新北市
國立臺北大學,統計(科學)(資訊)學系,50,0,01 新北市
國立臺北大學,資訊管理(技術)學系,28,6,01 新北市
國立臺北大學,資訊類產業研發專班,1,0,01 新北市
國立臺北大學,資訊工程學系,61,0,01 新北市
國立臺北大學,資訊工程學系,193,13,01 新北市
國立臺北大學,電機(資訊)學院,3,0,01 新北市
國立嘉義大學,資訊管理(技術)學系,35,0,20 嘉義市
國立嘉義大學,資訊管理(技術)學系,207,11,20 嘉義市
國立嘉義大學,資訊工程學系,9,0,20 嘉義市
國立嘉義大學,資訊工程學系,64,0,20 嘉義市
國立嘉義大學,資訊工程學系,205,15,20 嘉義市
國立嘉義大學,資訊工程學系,31,0,20 嘉義市
國立高雄大學,統計(科學)(資訊)學系,0,0,50 高雄市
國立高雄大學,統計(科學)(資訊)學系,14,5,50 高雄市
國立高雄大學,資訊管理(技術)學系,32,0,50 高雄市
國立高雄大學,資訊管理(技術)學系,187,11,50 高雄市
國立高雄大學,資訊管理(技術)學系,11,0,50 高雄市
國立高雄大學,資訊工程學系,32,0,50 高雄市
國立高雄大學,資訊工程學系,174,11,50 高雄市
國立高雄大學,資訊工程學系,27,0,50 高雄市
國立東華大學,會計(與)(資訊)(科技)(系統)學系,251,10,15 花蓮縣
國立東華大學,資訊管理(技術)學系,22,0,15 花蓮縣
國立東華大學,資訊管理(技術)學系,213,8,15 花蓮縣
國立東華大學,資訊工程學系,23,0,15 花蓮縣
國立東華大學,資訊工程學系,130,0,15 花蓮縣
國立東華大學,資訊工程學系,281,20,15 花蓮縣
國立東華大學,資訊工程學系,15,0,15 花蓮縣
國立暨南國際大學,資訊管理(技術)學系,76,0,08 南投縣
國立暨南國際大學,資訊管理(技術)學系,229,14,08 南投縣
國立暨南國際大學,資訊工程學系,13,0,08 南投縣
國立暨南國際大學,資訊工程學系,89,0,08 南投縣
國立暨南國際大學,資訊工程學系,228,16,08 南投縣
國立臺灣科技大學,工業管理(與經營資訊)學系,66,0,30 臺北市
國立臺灣科技大學,工業管理(與經營資訊)學系,120,0,30 臺北市
國立臺灣科技大學,工業管理(與經營資訊)學系,276,16,30 臺北市
國立臺灣科技大學,工業管理(與經營資訊)學系,5,0,30 臺北市
國立臺灣科技大學,工業管理(與經營資訊)學系,57,0,30 臺北市
國立臺灣科技大學,資訊管理(技術)學系,54,0,30 臺北市
國立臺灣科技大學,資訊管理(技術)學系,140,0,30 臺北市
國立臺灣科技大學,資訊管理(技術)學系,202,16,30 臺北市
國立臺灣科技大學,資訊管理(技術)學系,8,0,30 臺北市
國立臺灣科技大學,資訊管理(技術)學系,58,0,30 臺北市
國立臺灣科技大學,資訊工程學系,42,0,30 臺北市
國立臺灣科技大學,資訊工程學系,207,0,30 臺北市
國立臺灣科技大學,資訊工程學系,247,22,30 臺北市
國立臺灣科技大學,資訊工程學系,1,0,30 臺北市
國立臺灣科技大學,資訊工程學系,19,0,30 臺北市
國立雲林科技大學,會計(與)(資訊)(科技)(系統)學系,15,0,09 雲林縣
國立雲林科技大學,會計(與)(資訊)(科技)(系統)學系,43,0,09 雲林縣
國立雲林科技大學,會計(與)(資訊)(科技)(系統)學系,226,12,09 雲林縣
國立雲林科技大學,會計(與)(資訊)(科技)(系統)學系,3,0,09 雲林縣
國立雲林科技大學,會計(與)(資訊)(科技)(系統)學系,39,0,09 雲林縣
國立雲林科技大學,資訊管理(技術)學系,35,0,09 雲林縣
國立雲林科技大學,資訊管理(技術)學系,103,0,09 雲林縣
國立雲林科技大學,資訊管理(技術)學系,238,18,09 雲林縣
國立雲林科技大學,資訊管理(技術)學系,109,0,09 雲林縣
國立雲林科技大學,資訊管理(技術)學系,48,0,09 雲林縣
國立雲林科技大學,資訊工程學系,79,0,09 雲林縣
國立雲林科技大學,資訊工程學系,245,11,09 雲林縣
國立屏東科技大學,工業管理(與經營資訊)學系,43,0,13 屏東縣
國立屏東科技大學,工業管理(與經營資訊)學系,372,13,13 屏東縣
國立屏東科技大學,工業管理(與經營資訊)學系,26,0,13 屏東縣
國立屏東科技大學,資訊管理(技術)學系,52,0,13 屏東縣
國立屏東科技大學,資訊管理(技術)學系,226,12,13 屏東縣
國立屏東科技大學,資訊管理(技術)學系,32,0,13 屏東縣
國立臺北科技大學,資訊與財金管理學系,52,9,30 臺北市
國立臺北科技大學,資訊與財金管理學系,142,0,30 臺北市
國立臺北科技大學,資訊與財金管理學系,29,0,30 臺北市
國立臺北科技大學,資訊工程學系,23,0,30 臺北市
國立臺北科技大學,資訊工程學系,141,15,30 臺北市
國立臺北科技大學,資訊工程學系,209,0,30 臺北市
國立臺北科技大學,電機(資訊)學院,6,0,30 臺北市
國立臺北科技大學,電機(資訊)學院,25,2,30 臺北市
國立臺北科技大學,電機資訊學位學程,5,0,30 臺北市
國立高雄第一科技大學,會計(與)(資訊)(科技)(系統)學系,31,0,12 高雄市
國立高雄第一科技大學,會計(與)(資訊)(科技)(系統)學系,220,10,12 高雄市
國立高雄第一科技大學,會計(與)(資訊)(科技)(系統)學系,1,0,12 高雄市
國立高雄第一科技大學,資訊管理(技術)學系,78,0,12 高雄市
國立高雄第一科技大學,資訊管理(技術)學系,411,19,12 高雄市
國立高雄第一科技大學,資訊管理(技術)學系,4,0,12 高雄市
國立高雄第一科技大學,資訊管理(技術)學系,58,0,12 高雄市
國立高雄第一科技大學,電子與資訊(工程)系,0,0,12 高雄市
國立高雄應用科技大學,會計(與)(資訊)(科技)(系統)學系,34,0,50 高雄市
國立高雄應用科技大學,會計(與)(資訊)(科技)(系統)學系,249,9,50 高雄市
國立高雄應用科技大學,會計(與)(資訊)(科技)(系統)學系,34,0,50 高雄市
國立高雄應用科技大學,會計(與)(資訊)(科技)(系統)學系,169,0,50 高雄市
國立高雄應用科技大學,資訊管理(技術)學系,54,0,50 高雄市
國立高雄應用科技大學,資訊管理(技術)學系,407,16,50 高雄市
國立高雄應用科技大學,資訊管理(技術)學系,82,0,50 高雄市
國立高雄應用科技大學,資訊工程學系,30,0,50 高雄市
國立高雄應用科技大學,資訊工程學系,231,9,50 高雄市
國立高雄應用科技大學,資訊工程學系,30,0,50 高雄市
國立臺東大學,資訊管理(技術)學系,14,0,14 臺東縣
國立臺東大學,資訊管理(技術)學系,184,9,14 臺東縣
國立臺東大學,資訊管理(技術)學系,31,0,14 臺東縣
國立臺東大學,資訊管理(技術)學系,171,0,14 臺東縣
國立臺東大學,資訊工程學系,367,11,14 臺東縣
國立宜蘭大學,資訊工程學系,25,0,02 宜蘭縣
國立宜蘭大學,資訊工程學系,185,10,02 宜蘭縣
國立宜蘭大學,電機(資訊)學院,30,0,02 宜蘭縣
國立聯合大學,資訊與社會研究所,13,6,05 苗栗縣
國立聯合大學,資訊管理(技術)學系,25,0,05 苗栗縣
國立聯合大學,資訊管理(技術)學系,333,13,05 苗栗縣
國立聯合大學,資訊工程學系,14,0,05 苗栗縣
國立聯合大學,資訊工程學系,178,11,05 苗栗縣
國立聯合大學,資訊工程學系,184,0,05 苗栗縣
國立虎尾科技大學,工業管理(與經營資訊)學系,40,0,09 雲林縣
國立虎尾科技大學,工業管理(與經營資訊)學系,419,12,09 雲林縣
國立虎尾科技大學,工業管理(與經營資訊)學系,33,0,09 雲林縣
國立虎尾科技大學,資訊管理(技術)學系,35,0,09 雲林縣
國立虎尾科技大學,資訊管理(技術)學系,224,13,09 雲林縣
國立虎尾科技大學,資訊管理(技術)學系,34,0,09 雲林縣
國立虎尾科技大學,資訊管理(技術)學系,215,0,09 雲林縣
國立虎尾科技大學,資訊工程學系,65,0,09 雲林縣
國立虎尾科技大學,資訊工程學系,414,15,09 雲林縣
國立高雄海洋科技大學,資訊管理(技術)學系,416,12,50 高雄市
國立高雄海洋科技大學,海事資訊科技系,14,0,50 高雄市
國立高雄海洋科技大學,海事資訊科技系,134,9,50 高雄市
國立高雄海洋科技大學,海事資訊科技系,29,0,50 高雄市
國立臺南大學,資訊類產業研發專班,9,0,21 臺南市
國立臺南大學,資訊工程學系,31,0,21 臺南市
國立臺南大學,資訊工程學系,166,9,21 臺南市
國立臺北教育大學,數學(暨)資訊教育學系,28,0,30 臺北市
國立臺北教育大學,數學(暨)資訊教育學系,239,13,30 臺北市
國立臺北教育大學,數學(暨)資訊教育學系,53,0,30 臺北市
國立臺北教育大學,資訊科學學系,39,0,30 臺北市
國立臺北教育大學,資訊科學學系,164,11,30 臺北市
國立臺北教育大學,資訊科學學系,53,0,30 臺北市
國立臺中教育大學,教育資訊與測驗統計研究所,36,0,19 臺中市
國立臺中教育大學,教育資訊與測驗統計研究所,35,8,19 臺中市
國立臺中教育大學,教育資訊與測驗統計研究所,30,0,19 臺中市
國立臺中教育大學,教育資訊與測驗統計研究所,1,0,19 臺中市
國立臺中教育大學,資訊工程學系,38,0,19 臺中市
國立臺中教育大學,資訊工程學系,199,10,19 臺中市
國立澎湖科技大學,資訊管理(技術)學系,205,10,16 澎湖縣
國立澎湖科技大學,資訊管理(技術)學系,140,0,16 澎湖縣
國立澎湖科技大學,資訊類產學專班,0,0,16 澎湖縣
國立澎湖科技大學,資訊工程學系,192,7,16 澎湖縣
國立勤益科技大學,資訊管理(技術)學系,61,0,06 臺中市
國立勤益科技大學,資訊管理(技術)學系,406,16,06 臺中市
國立勤益科技大學,資訊管理(技術)學系,21,0,06 臺中市
國立勤益科技大學,資訊管理(技術)學系,274,0,06 臺中市
國立勤益科技大學,資訊工程學系,49,0,06 臺中市
國立勤益科技大學,資訊工程學系,518,15,06 臺中市
國立勤益科技大學,資訊工程學系,14,0,06 臺中市
國立勤益科技大學,資訊工程學系,179,0,06 臺中市
國立臺北護理健康大學,資訊管理(技術)學系,33,0,30 臺北市
國立臺北護理健康大學,資訊管理(技術)學系,370,11,30 臺北市
國立金門大學,資訊工程學系,185,8,71 金門縣
國立金門大學,資訊工程學系,144,0,71 金門縣
國立臺灣體育運動大學,運動資訊(與)傳播學系,188,6,19 臺中市
國立臺中科技大學,會計(與)(資訊)(科技)(系統)學系,21,0,19 臺中市
國立臺中科技大學,會計(與)(資訊)(科技)(系統)學系,413,25,19 臺中市
國立臺中科技大學,會計(與)(資訊)(科技)(系統)學系,120,0,19 臺中市
國立臺中科技大學,會計(資訊)科,487,0,19 臺中市
國立臺中科技大學,會計(與)(資訊)(科技)(系統)學系,14,0,19 臺中市
國立臺中科技大學,會計(與)(資訊)(科技)(系統)學系,379,0,19 臺中市
國立臺中科技大學,會計(與)(資訊)(科技)(系統)學系,75,0,19 臺中市
國立臺中科技大學,應用統計(資訊)學系,210,6,19 臺中市
國立臺中科技大學,資訊管理(技術)學系,34,0,19 臺中市
國立臺中科技大學,資訊管理(技術)學系,210,25,19 臺中市
國立臺中科技大學,資訊管理(技術)學系,144,0,19 臺中市
國立臺中科技大學,資訊管理科,483,0,19 臺中市
國立臺中科技大學,資訊管理(技術)學系,347,0,19 臺中市
國立臺中科技大學,資訊類產業研發專班,3,0,19 臺中市
國立臺中科技大學,資訊工程學系,63,0,19 臺中市
國立臺中科技大學,資訊工程學系,205,12,19 臺中市
國立臺中科技大學,資訊工程學系,31,0,19 臺中市
國立臺中科技大學,資訊工程學系,171,0,19 臺中市
國立臺北商業大學,會計(與)(資訊)(科技)(系統)學系,28,0,30 臺北市
國立臺北商業大學,會計(與)(資訊)(科技)(系統)學系,303,21,30 臺北市
國立臺北商業大學,會計(與)(資訊)(科技)(系統)學系,65,0,30 臺北市
國立臺北商業大學,會計(資訊)科,249,0,30 臺北市
國立臺北商業大學,會計(與)(資訊)(科技)(系統)學系,174,0,30 臺北市
國立臺北商業大學,會計(與)(資訊)(科技)(系統)學系,74,0,30 臺北市
國立臺北商業大學,會計(資訊)科,19,0,30 臺北市
國立臺北商業大學,資訊管理(技術)學系,180,18,30 臺北市
國立臺北商業大學,資訊管理(技術)學系,61,0,30 臺北市
國立臺北商業大學,資訊管理科,252,0,30 臺北市
國立臺北商業大學,資訊管理(技術)學系,192,0,30 臺北市
國立臺北商業大學,資訊管理(技術)學系,94,0,30 臺北市
國立臺北商業大學,資訊與決策科學研究所,45,6,30 臺北市
國立屏東大學,會計(與)(資訊)(科技)(系統)學系,376,12,13 屏東縣
國立屏東大學,會計(與)(資訊)(科技)(系統)學系,28,0,13 屏東縣
國立屏東大學,資訊管理(技術)學系,21,0,13 屏東縣
國立屏東大學,資訊管理(技術)學系,231,9,13 屏東縣
國立屏東大學,資訊管理(技術)學系,129,0,13 屏東縣
國立屏東大學,資訊工程學系,17,0,13 屏東縣
國立屏東大學,資訊工程學系,222,10,13 屏東縣
國立屏東大學,資訊科學學系,50,0,13 屏東縣
國立屏東大學,資訊科學學系,177,11,13 屏東縣
國立臺東專科學校,資訊管理科,81,5,14 臺東縣
國立臺東專科學校,資訊管理科,15,0,14 臺東縣
東海大學,會計(與)(資訊)(科技)(系統)學系,51,0,19 臺中市
東海大學,會計(與)(資訊)(科技)(系統)學系,527,12,19 臺中市
東海大學,會計(與)(資訊)(科技)(系統)學系,57,0,19 臺中市
東海大學,統計(科學)(資訊)學系,1,0,19 臺中市
東海大學,統計(科學)(資訊)學系,13,0,19 臺中市
東海大學,統計(科學)(資訊)學系,457,14,19 臺中市
東海大學,資訊管理(技術)學系,43,0,19 臺中市
東海大學,資訊管理(技術)學系,249,8,19 臺中市
東海大學,資訊工程學系,49,0,19 臺中市
東海大學,資訊工程學系,515,18,19 臺中市
東海大學,資訊工程學系,29,0,19 臺中市
東海大學,資訊工程學系,100,0,19 臺中市
東海大學,工業工程與經營資訊學系,18,0,19 臺中市
東海大學,工業工程與經營資訊學系,52,0,19 臺中市
東海大學,工業工程與經營資訊學系,500,14,19 臺中市
東海大學,工業工程與經營資訊學系,47,0,19 臺中市
輔仁大學,(數位)圖書資訊學系,35,0,01 新北市
輔仁大學,(數位)圖書資訊學系,244,11,01 新北市
輔仁大學,(數位)圖書資訊學系,221,0,01 新北市
輔仁大學,會計(與)(資訊)(科技)(系統)學系,36,0,01 新北市
輔仁大學,會計(與)(資訊)(科技)(系統)學系,517,14,01 新北市
輔仁大學,會計(與)(資訊)(科技)(系統)學系,66,0,01 新北市
輔仁大學,會計(與)(資訊)(科技)(系統)學系,1,0,01 新北市
輔仁大學,統計(科學)(資訊)學系,44,0,01 新北市
輔仁大學,統計(科學)(資訊)學系,474,14,01 新北市
輔仁大學,統計(科學)(資訊)學系,39,0,01 新北市
輔仁大學,統計(科學)(資訊)學系,0,0,01 新北市
輔仁大學,資訊管理(技術)學系,47,0,01 新北市
輔仁大學,資訊管理(技術)學系,470,15,01 新北市
輔仁大學,資訊管理(技術)學系,61,0,01 新北市
輔仁大學,醫學資訊與創新應用學位學程,27,0,01 新北市
輔仁大學,資訊工程學系,55,0,01 新北市
輔仁大學,資訊工程學系,505,15,01 新北市
輔仁大學,資訊工程學系,77,0,01 新北市
東吳大學,會計(與)(資訊)(科技)(系統)學系,60,0,30 臺北市
東吳大學,會計(與)(資訊)(科技)(系統)學系,"1,037",27,30 臺北市
東吳大學,會計(與)(資訊)(科技)(系統)學系,71,0,30 臺北市
東吳大學,資訊管理(技術)學系,37,0,30 臺北市
東吳大學,資訊管理(技術)學系,459,20,30 臺北市
東吳大學,資訊管理(技術)學系,63,0,30 臺北市
中原大學,會計(與)(資訊)(科技)(系統)學系,41,0,03 桃園市
中原大學,會計(與)(資訊)(科技)(系統)學系,708,16,03 桃園市
中原大學,會計(與)(資訊)(科技)(系統)學系,39,0,03 桃園市
中原大學,資訊管理(技術)學系,46,0,03 桃園市
中原大學,資訊管理(技術)學系,427,15,03 桃園市
中原大學,資訊管理(技術)學系,38,0,03 桃園市
中原大學,資訊工程學系,71,0,03 桃園市
中原大學,資訊工程學系,429,16,03 桃園市
中原大學,資訊工程學系,15,0,03 桃園市
中原大學,電機(資訊)學院,143,0,03 桃園市
淡江大學,資訊傳播(工程)(設計)學系,23,9,01 新北市
淡江大學,資訊傳播(工程)(設計)學系,285,0,01 新北市
淡江大學,(資訊與)圖書館學系,36,0,01 新北市
淡江大學,(資訊與)圖書館學系,501,11,01 新北市
淡江大學,會計(與)(資訊)(科技)(系統)學系,54,19,01 新北市
淡江大學,會計(與)(資訊)(科技)(系統)學系,588,0,01 新北市
淡江大學,會計(與)(資訊)(科技)(系統)學系,34,0,01 新北市
淡江大學,會計(與)(資訊)(科技)(系統)學系,166,0,01 新北市
淡江大學,統計(科學)(資訊)學系,32,19,01 新北市
淡江大學,統計(科學)(資訊)學系,790,0,01 新北市
淡江大學,統計(科學)(資訊)學系,126,0,01 新北市
淡江大學,資訊管理(技術)學系,72,21,01 新北市
淡江大學,資訊管理(技術)學系,824,0,01 新北市
淡江大學,資訊管理(技術)學系,55,0,01 新北市
淡江大學,資訊創新與科技學系,306,9,01 新北市
淡江大學,資訊工程學系,27,0,01 新北市
淡江大學,資訊工程學系,110,0,01 新北市
淡江大學,資訊工程學系,794,27,01 新北市
淡江大學,資訊工程學系,47,0,01 新北市
淡江大學,資訊工程學系,162,0,01 新北市
中國文化大學,資訊傳播(工程)(設計)學系,15,0,30 臺北市
中國文化大學,資訊傳播(工程)(設計)學系,473,12,30 臺北市
中國文化大學,會計(與)(資訊)(科技)(系統)學系,32,0,30 臺北市
中國文化大學,會計(與)(資訊)(科技)(系統)學系,488,11,30 臺北市
中國文化大學,資訊管理(技術)學系,27,0,30 臺北市
中國文化大學,資訊管理(技術)學系,712,20,30 臺北市
中國文化大學,資訊管理(技術)學系,49,8,30 臺北市
中國文化大學,資訊管理(技術)學系,73,0,30 臺北市
中國文化大學,資訊工程學系,15,0,30 臺北市
中國文化大學,資訊工程學系,483,11,30 臺北市
逢甲大學,(資訊與)電子商務學系,25,0,19 臺中市
逢甲大學,會計(與)(資訊)(科技)(系統)學系,34,0,19 臺中市
逢甲大學,會計(與)(資訊)(科技)(系統)學系,795,17,19 臺中市
逢甲大學,會計(與)(資訊)(科技)(系統)學系,11,0,19 臺中市
逢甲大學,統計(科學)(資訊)學系,6,0,19 臺中市
逢甲大學,統計(科學)(資訊)學系,46,0,19 臺中市
逢甲大學,統計(科學)(資訊)學系,441,12,19 臺中市
逢甲大學,資訊工程學系,25,0,19 臺中市
逢甲大學,資訊工程學系,110,0,19 臺中市
逢甲大學,資訊工程學系,858,31,19 臺中市
逢甲大學,資訊工程學系,13,0,19 臺中市
逢甲大學,資訊電機工程研究所,81,0,19 臺中市
逢甲大學,資訊(電機)學院(不分系),112,0,19 臺中市
逢甲大學,生醫資訊暨生醫工程學位學程,17,0,19 臺中市
逢甲大學,都市計畫與空間資訊學系,39,0,19 臺中市
逢甲大學,都市計畫與空間資訊學系,450,14,19 臺中市
逢甲大學,都市計畫與空間資訊學系,45,0,19 臺中市
靜宜大學,資訊傳播(工程)(設計)學系,19,0,06 臺中市
靜宜大學,資訊傳播(工程)(設計)學系,468,13,06 臺中市
靜宜大學,會計(與)(資訊)(科技)(系統)學系,30,0,06 臺中市
靜宜大學,會計(與)(資訊)(科技)(系統)學系,683,17,06 臺中市
靜宜大學,統計(科學)(資訊)學系,198,8,06 臺中市
靜宜大學,資訊管理(技術)學系,6,0,06 臺中市
靜宜大學,資訊管理(技術)學系,472,16,06 臺中市
靜宜大學,資訊工程學系,17,0,06 臺中市
靜宜大學,資訊工程學系,456,15,06 臺中市
靜宜大學,資訊學系,31,0,06 臺中市
長庚大學,資訊管理(技術)學系,53,0,03 桃園市
長庚大學,資訊管理(技術)學系,373,16,03 桃園市
長庚大學,資訊工程學系,56,0,03 桃園市
長庚大學,資訊工程學系,225,16,03 桃園市
元智大學,資訊社會學研究所,1,0,03 桃園市
元智大學,資訊社會學研究所,7,0,03 桃園市
元智大學,資訊傳播(工程)(設計)學系,27,0,03 桃園市
元智大學,資訊傳播(工程)(設計)學系,542,13,03 桃園市
元智大學,資訊傳播(工程)(設計)學系,0,0,03 桃園市
元智大學,生物(與)醫學資訊學系,3,0,03 桃園市
元智大學,資訊管理(技術)學系,33,0,03 桃園市
元智大學,資訊管理(技術)學系,63,0,03 桃園市
元智大學,資訊管理(技術)學系,501,24,03 桃園市
元智大學,資訊管理(技術)學系,82,0,03 桃園市
元智大學,資訊工程學系,41,0,03 桃園市
元智大學,資訊工程學系,153,0,03 桃園市
元智大學,資訊工程學系,656,25,03 桃園市
元智大學,資訊工程學系,42,0,03 桃園市
中華大學,工業管理(與經營資訊)學系,68,0,18 新竹市
中華大學,工業管理(與經營資訊)學系,193,10,18 新竹市
中華大學,工業管理(與經營資訊)學系,65,0,18 新竹市
中華大學,生物資訊學系,9,0,18 新竹市
中華大學,生物資訊學系,169,9,18 新竹市
中華大學,應用統計(資訊)學系,0,0,18 新竹市
中華大學,應用統計(資訊)學系,29,1,18 新竹市
中華大學,資訊管理(技術)學系,55,0,18 新竹市
中華大學,資訊管理(技術)學系,423,12,18 新竹市
中華大學,資訊管理(技術)學系,35,0,18 新竹市
中華大學,資訊管理(技術)學系,58,0,18 新竹市
中華大學,資訊工程學系,73,0,18 新竹市
中華大學,資訊工程學系,401,18,18 新竹市
中華大學,資訊工程學系,22,0,18 新竹市
中華大學,資訊學系,2,0,18 新竹市
大葉大學,會計(與)(資訊)(科技)(系統)學系,2,0,07 彰化縣
大葉大學,會計(與)(資訊)(科技)(系統)學系,206,7,07 彰化縣
大葉大學,會計(與)(資訊)(科技)(系統)學系,25,0,07 彰化縣
大葉大學,資訊管理(技術)學系,39,0,07 彰化縣
大葉大學,資訊管理(技術)學系,202,9,07 彰化縣
大葉大學,資訊管理(技術)學系,30,0,07 彰化縣
大葉大學,資訊管理(技術)學系,77,0,07 彰化縣
大葉大學,資訊工程學系,26,0,07 彰化縣
大葉大學,資訊工程學系,231,9,07 彰化縣
大葉大學,資訊工程學系,0,0,07 彰化縣
華梵大學,資訊管理(技術)學系,14,0,01 新北市
華梵大學,資訊管理(技術)學系,267,11,01 新北市
華梵大學,資訊管理(技術)學系,50,0,01 新北市
華梵大學,工業工程與經營資訊學系,21,0,01 新北市
華梵大學,工業工程與經營資訊學系,264,11,01 新北市
華梵大學,工業工程與經營資訊學系,25,0,01 新北市
義守大學,會計(與)(資訊)(科技)(系統)學系,220,8,12 高雄市
義守大學,工業管理(與經營資訊)學系,16,0,12 高雄市
義守大學,工業管理(與經營資訊)學系,19,0,12 高雄市
義守大學,工業管理(與經營資訊)學系,322,13,12 高雄市
義守大學,工業管理(與經營資訊)學系,34,0,12 高雄市
義守大學,工業管理(與經營資訊)學系,53,0,12 高雄市
義守大學,資訊管理(技術)學系,28,0,12 高雄市
義守大學,資訊管理(技術)學系,383,18,12 高雄市
義守大學,資訊管理(技術)學系,57,0,12 高雄市
義守大學,資訊管理(技術)學系,103,0,12 高雄市
義守大學,資訊工程學系,46,0,12 高雄市
義守大學,資訊工程學系,44,0,12 高雄市
義守大學,資訊工程學系,504,19,12 高雄市
義守大學,資訊工程學系,17,0,12 高雄市
義守大學,資訊工程學系,66,0,12 高雄市
世新大學,資訊傳播(工程)(設計)學系,22,0,30 臺北市
世新大學,資訊傳播(工程)(設計)學系,246,10,30 臺北市
世新大學,資訊傳播(工程)(設計)學系,25,0,30 臺北市
世新大學,資訊管理(技術)學系,38,0,30 臺北市
世新大學,資訊管理(技術)學系,889,26,30 臺北市
世新大學,資訊管理(技術)學系,73,0,30 臺北市
世新大學,資訊類產業研發專班,66,0,30 臺北市
銘傳大學,資訊傳播(工程)(設計)學系,24,0,30 臺北市
銘傳大學,資訊傳播(工程)(設計)學系,452,16,30 臺北市
銘傳大學,會計(與)(資訊)(科技)(系統)學系,24,0,30 臺北市
銘傳大學,會計(與)(資訊)(科技)(系統)學系,885,20,30 臺北市
銘傳大學,會計(與)(資訊)(科技)(系統)學系,16,0,30 臺北市
銘傳大學,醫療資訊(與)管理學系,4,0,30 臺北市
銘傳大學,醫療資訊(與)管理學系,345,10,30 臺北市
銘傳大學,應用統計(資訊)學系,9,0,30 臺北市
銘傳大學,應用統計(資訊)學系,442,14,30 臺北市
銘傳大學,資訊管理(技術)學系,24,0,30 臺北市
銘傳大學,資訊管理(技術)學系,673,25,30 臺北市
銘傳大學,資訊管理(技術)學系,50,0,30 臺北市
銘傳大學,資訊(科技)(與)應用學系,53,3,30 臺北市
銘傳大學,資訊工程學系,22,0,30 臺北市
銘傳大學,資訊工程學系,430,18,30 臺北市
實踐大學,會計(與)(資訊)(科技)(系統)學系,451,10,30 臺北市
實踐大學,會計(與)(資訊)(科技)(系統)學系,0,0,30 臺北市
實踐大學,會計(與)(資訊)(科技)(系統)學系,106,0,30 臺北市
實踐大學,資訊科技與管理系,16,0,30 臺北市
實踐大學,資訊科技與管理系,438,13,30 臺北市
實踐大學,資訊科技與管理系,9,0,30 臺北市
實踐大學,資訊科技與管理系,0,0,30 臺北市
實踐大學,資訊管理(技術)學系,320,10,30 臺北市
實踐大學,資訊模擬與設計學系,436,9,30 臺北市
實踐大學,資訊科技與(行動)通訊學系,365,9,30 臺北市
朝陽科技大學,會計(與)(資訊)(科技)(系統)學系,22,0,06 臺中市
朝陽科技大學,會計(與)(資訊)(科技)(系統)學系,673,15,06 臺中市
朝陽科技大學,會計(與)(資訊)(科技)(系統)學系,0,0,06 臺中市
朝陽科技大學,資訊管理(技術)學系,19,0,06 臺中市
朝陽科技大學,資訊管理(技術)學系,57,0,06 臺中市
朝陽科技大學,資訊管理(技術)學系,661,25,06 臺中市
朝陽科技大學,資訊管理(技術)學系,21,0,06 臺中市
朝陽科技大學,資訊管理(技術)學系,153,0,06 臺中市
朝陽科技大學,資訊工程學系,60,0,06 臺中市
朝陽科技大學,資訊工程學系,498,18,06 臺中市
朝陽科技大學,資訊工程學系,8,0,06 臺中市
朝陽科技大學,資訊工程學系,127,0,06 臺中市
朝陽科技大學,資訊與(網路)通訊系,50,0,06 臺中市
朝陽科技大學,資訊與(網路)通訊系,482,14,06 臺中市
朝陽科技大學,資訊與(網路)通訊系,100,0,06 臺中市
高雄醫學大學,醫務管理暨醫療資訊學系,27,0,50 高雄市
高雄醫學大學,醫務管理暨醫療資訊學系,224,11,50 高雄市
高雄醫學大學,醫務管理暨醫療資訊學系,49,0,50 高雄市
南華大學,會計(與)(資訊)(科技)(系統)學系,1,0,10 嘉義縣
南華大學,資訊管理(技術)學系,23,0,10 嘉義縣
南華大學,資訊管理(技術)學系,280,14,10 嘉義縣
南華大學,資訊管理(技術)學系,66,0,10 嘉義縣
南華大學,資訊工程學系,269,9,10 嘉義縣
真理大學,人文與資訊學系,181,7,01 新北市
真理大學,會計(與)(資訊)(科技)(系統)學系,347,10,01 新北市
真理大學,工業管理(與經營資訊)學系,502,14,01 新北市
真理大學,資訊管理(技術)學系,377,14,01 新北市
真理大學,資訊管理(技術)學系,45,0,01 新北市
真理大學,資訊(科技)(與)應用學系,0,0,01 新北市
真理大學,資訊(科技)(與)應用學系,2,0,01 新北市
真理大學,資訊工程學系,25,0,01 新北市
真理大學,資訊工程學系,366,14,01 新北市
真理大學,運動資訊(與)傳播學系,195,6,01 新北市
大同大學,資訊經營學系,25,0,30 臺北市
大同大學,資訊經營學系,226,11,30 臺北市
大同大學,資訊經營學系,83,0,30 臺北市
大同大學,資訊工程學系,22,0,30 臺北市
大同大學,資訊工程學系,64,0,30 臺北市
大同大學,資訊工程學系,411,16,30 臺北市
大同大學,資訊工程學系,26,0,30 臺北市
南臺科技大學,資訊傳播(工程)(設計)學系,22,0,11 臺南市
南臺科技大學,資訊傳播(工程)(設計)學系,460,13,11 臺南市
南臺科技大學,資訊傳播(工程)(設計)學系,3,0,11 臺南市
南臺科技大學,資訊傳播(工程)(設計)學系,136,0,11 臺南市
南臺科技大學,會計(與)(資訊)(科技)(系統)學系,15,0,11 臺南市
南臺科技大學,會計(與)(資訊)(科技)(系統)學系,423,12,11 臺南市
南臺科技大學,管理(與)資訊學系,23,0,11 臺南市
南臺科技大學,管理(與)資訊學系,751,23,11 臺南市
南臺科技大學,管理(與)資訊學系,29,0,11 臺南市
南臺科技大學,管理(與)資訊學系,74,0,11 臺南市
南臺科技大學,資訊管理(技術)學系,35,0,11 臺南市
南臺科技大學,資訊管理(技術)學系,645,20,11 臺南市
南臺科技大學,資訊管理(技術)學系,41,0,11 臺南市
南臺科技大學,資訊管理(技術)學系,36,0,11 臺南市
南臺科技大學,資訊管理(技術)學系,146,0,11 臺南市
南臺科技大學,資訊工程學系,33,0,11 臺南市
南臺科技大學,資訊工程學系,450,16,11 臺南市
南臺科技大學,資訊工程學系,129,0,11 臺南市
崑山科技大學,資訊傳播(工程)(設計)學系,188,8,11 臺南市
崑山科技大學,資訊傳播(工程)(設計)學系,92,0,11 臺南市
崑山科技大學,會計(與)(資訊)(科技)(系統)學系,173,9,11 臺南市
崑山科技大學,會計(與)(資訊)(科技)(系統)學系,52,0,11 臺南市
崑山科技大學,資訊管理(技術)學系,19,0,11 臺南市
崑山科技大學,資訊管理(技術)學系,381,17,11 臺南市
崑山科技大學,資訊管理(技術)學系,24,0,11 臺南市
崑山科技大學,資訊管理(技術)學系,210,0,11 臺南市
崑山科技大學,資訊管理(技術)學系,16,0,11 臺南市
崑山科技大學,資訊工程學系,24,0,11 臺南市
崑山科技大學,資訊工程學系,379,15,11 臺南市
崑山科技大學,資訊工程學系,18,0,11 臺南市
崑山科技大學,資訊工程學系,75,0,11 臺南市
嘉南藥理大學,資訊管理(技術)學系,625,21,11 臺南市
嘉南藥理大學,資訊管理(技術)學系,187,0,11 臺南市
嘉南藥理大學,應用空間資訊系,17,0,11 臺南市
嘉南藥理大學,應用空間資訊系,644,19,11 臺南市
嘉南藥理大學,應用空間資訊系,71,0,11 臺南市
嘉南藥理大學,資訊多媒體應用學系,416,12,11 臺南市
嘉南藥理大學,資訊多媒體應用學系,87,0,11 臺南市
樹德科技大學,資訊管理(技術)學系,27,0,12 高雄市
樹德科技大學,資訊管理(技術)學系,423,15,12 高雄市
樹德科技大學,資訊管理(技術)學系,32,0,12 高雄市
樹德科技大學,資訊管理(技術)學系,123,0,12 高雄市
樹德科技大學,資訊工程學系,28,0,12 高雄市
樹德科技大學,資訊工程學系,437,14,12 高雄市
樹德科技大學,資訊工程學系,46,0,12 高雄市
樹德科技大學,資訊工程學系,111,0,12 高雄市
慈濟大學,醫學資訊學系,32,0,15 花蓮縣
慈濟大學,醫學資訊學系,202,14,15 花蓮縣
臺北醫學大學,醫學資訊學系,38,0,30 臺北市
臺北醫學大學,醫學資訊學系,36,11,30 臺北市
臺北醫學大學,醫學資訊學系,27,0,30 臺北市
中山醫學大學,醫學資訊學系,12,0,19 臺中市
中山醫學大學,醫學資訊學系,152,8,19 臺中市
中山醫學大學,醫學資訊學系,1,0,19 臺中市
龍華科技大學,工業管理(與經營資訊)學系,446,16,03 桃園市
龍華科技大學,工業管理(與經營資訊)學系,306,0,03 桃園市
龍華科技大學,工業管理(與經營資訊)學系,0,0,03 桃園市
龍華科技大學,資訊管理(技術)學系,36,0,03 桃園市
龍華科技大學,資訊管理(技術)學系,496,22,03 桃園市
龍華科技大學,資訊管理(技術)學系,283,0,03 桃園市
龍華科技大學,資訊管理(技術)學系,2,0,03 桃園市
龍華科技大學,(資訊)網路工程系,454,14,03 桃園市
龍華科技大學,(資訊)網路工程系,308,0,03 桃園市
輔英科技大學,資訊科技學系,190,7,12 高雄市
輔英科技大學,資訊管理(技術)學系,408,15,12 高雄市
輔英科技大學,資訊管理(技術)學系,147,0,12 高雄市
明新科技大學,資訊管理(技術)學系,31,0,04 新竹縣
明新科技大學,資訊管理(技術)學系,437,21,04 新竹縣
明新科技大學,資訊管理(技術)學系,221,0,04 新竹縣
明新科技大學,資訊管理(技術)學系,92,0,04 新竹縣
明新科技大學,資訊管理科,32,0,04 新竹縣
明新科技大學,資訊工程學系,462,17,04 新竹縣
明新科技大學,資訊工程學系,162,0,04 新竹縣
長榮大學,會計(與)(資訊)(科技)(系統)學系,571,16,11 臺南市
長榮大學,資訊管理(技術)學系,28,0,11 臺南市
長榮大學,資訊管理(技術)學系,461,19,11 臺南市
長榮大學,資訊工程學系,317,10,11 臺南市
弘光科技大學,資訊管理(技術)學系,388,11,06 臺中市
弘光科技大學,資訊管理(技術)學系,1,0,06 臺中市
弘光科技大學,資訊管理(技術)學系,183,0,06 臺中市
弘光科技大學,資訊工程學系,341,10,06 臺中市
弘光科技大學,資訊工程學系,147,0,06 臺中市
健行科技大學,工業管理(與經營資訊)學系,25,0,03 桃園市
健行科技大學,工業管理(與經營資訊)學系,406,16,03 桃園市
健行科技大學,工業管理(與經營資訊)學系,8,0,03 桃園市
健行科技大學,工業管理(與經營資訊)學系,186,0,03 桃園市
健行科技大學,資訊管理(技術)學系,25,0,03 桃園市
健行科技大學,資訊管理(技術)學系,591,18,03 桃園市
健行科技大學,資訊管理(技術)學系,43,0,03 桃園市
健行科技大學,資訊管理(技術)學系,243,0,03 桃園市
健行科技大學,資訊管理(技術)學系,39,0,03 桃園市
健行科技大學,應用空間資訊系,148,8,03 桃園市
健行科技大學,資訊工程學系,40,0,03 桃園市
健行科技大學,資訊工程學系,795,29,03 桃園市
健行科技大學,資訊工程學系,190,0,03 桃園市
正修科技大學,資訊管理(技術)學系,18,0,12 高雄市
正修科技大學,資訊管理(技術)學系,414,20,12 高雄市
正修科技大學,資訊管理(技術)學系,21,0,12 高雄市
正修科技大學,資訊管理(技術)學系,461,0,12 高雄市
正修科技大學,資訊管理(技術)學系,64,0,12 高雄市
正修科技大學,資訊工程學系,17,0,12 高雄市
正修科技大學,資訊工程學系,469,15,12 高雄市
正修科技大學,資訊工程學系,365,0,12 高雄市
正修科技大學,土木與空間資訊系,47,0,12 高雄市
正修科技大學,土木與空間資訊系,434,22,12 高雄市
正修科技大學,土木與空間資訊系,150,0,12 高雄市
萬能科技大學,工業管理(與經營資訊)學系,276,13,03 桃園市
萬能科技大學,工業管理(與經營資訊)學系,152,0,03 桃園市
萬能科技大學,工業管理(與經營資訊)學系,68,0,03 桃園市
萬能科技大學,資訊管理(技術)學系,19,0,03 桃園市
萬能科技大學,資訊管理(技術)學系,390,15,03 桃園市
萬能科技大學,資訊管理(技術)學系,21,0,03 桃園市
萬能科技大學,資訊管理(技術)學系,88,0,03 桃園市
萬能科技大學,資訊管理(技術)學系,1,0,03 桃園市
萬能科技大學,資訊類產學專班,2,0,03 桃園市
萬能科技大學,資訊工程學系,339,15,03 桃園市
萬能科技大學,資訊工程學系,4,0,03 桃園市
玄奘大學,(數位)圖書資訊學系,1,0,18 新竹市
玄奘大學,資訊管理(技術)學系,20,0,18 新竹市
玄奘大學,資訊管理(技術)學系,148,8,18 新竹市
玄奘大學,資訊管理(技術)學系,25,0,18 新竹市
建國科技大學,資訊管理(技術)學系,475,16,07 彰化縣
建國科技大學,資訊管理(技術)學系,129,0,07 彰化縣
建國科技大學,資訊與(網路)通訊系,297,10,07 彰化縣
高苑科技大學,資訊傳播(工程)(設計)學系,291,12,12 高雄市
高苑科技大學,資訊傳播(工程)(設計)學系,61,0,12 高雄市
高苑科技大學,資訊管理(技術)學系,277,18,12 高雄市
高苑科技大學,資訊管理(技術)學系,3,0,12 高雄市
高苑科技大學,資訊管理(技術)學系,97,0,12 高雄市
高苑科技大學,資訊(科技)(與)應用學系,33,0,12 高雄市
高苑科技大學,資訊(科技)(與)應用學系,212,11,12 高雄市
高苑科技大學,資訊(科技)(與)應用學系,47,0,12 高雄市
大仁科技大學,資訊工程與娛樂科技系,145,11,13 屏東縣
大仁科技大學,資訊應用與管理系,135,12,13 屏東縣
大仁科技大學,資訊應用與管理系,76,0,13 屏東縣
聖約翰科技大學,資訊管理(技術)學系,307,14,01 新北市
聖約翰科技大學,資訊管理(技術)學系,21,0,01 新北市
聖約翰科技大學,醫護資訊學位學程,80,1,01 新北市
聖約翰科技大學,電子與資訊科,49,0,01 新北市
聖約翰科技大學,資訊工程學系,34,0,01 新北市
聖約翰科技大學,資訊工程學系,423,15,01 新北市
聖約翰科技大學,資訊工程學系,7,0,01 新北市
聖約翰科技大學,資訊與(網路)通訊系,37,0,01 新北市
聖約翰科技大學,資訊與(網路)通訊系,276,11,01 新北市
嶺東科技大學,會計(與)(資訊)(科技)(系統)學系,192,7,19 臺中市
嶺東科技大學,資訊科技學系,22,0,19 臺中市
嶺東科技大學,資訊科技學系,373,10,19 臺中市
嶺東科技大學,資訊科技學系,150,2,19 臺中市
嶺東科技大學,資訊管理(技術)學系,20,2,19 臺中市
嶺東科技大學,資訊管理(技術)學系,620,18,19 臺中市
嶺東科技大學,資訊管理(技術)學系,9,0,19 臺中市
嶺東科技大學,資訊管理(技術)學系,167,3,19 臺中市
嶺東科技大學,資訊網路(技術)系,397,10,19 臺中市
嶺東科技大學,資訊網路(技術)系,129,2,19 臺中市
中國科技大學,會計(與)(資訊)(科技)(系統)學系,208,9,30 臺北市
中國科技大學,會計(與)(資訊)(科技)(系統)學系,0,0,30 臺北市
中國科技大學,會計(與)(資訊)(科技)(系統)學系,12,0,30 臺北市
中國科技大學,會計(與)(資訊)(科技)(系統)學系,0,0,30 臺北市
中國科技大學,資訊管理(技術)學系,666,27,30 臺北市
中國科技大學,資訊管理(技術)學系,208,0,30 臺北市
中國科技大學,資訊管理(技術)學系,0,0,30 臺北市
中國科技大學,資訊工程學系,159,12,30 臺北市
中國科技大學,資訊工程學系,25,0,30 臺北市
中國科技大學,資訊工程學系,0,0,30 臺北市
中臺科技大學,資訊管理(技術)學系,407,16,19 臺中市
中臺科技大學,資訊管理(技術)學系,150,0,19 臺中市
中臺科技大學,資訊管理(技術)學系,0,0,19 臺中市
亞洲大學,資訊傳播(工程)(設計)學系,13,0,06 臺中市
亞洲大學,資訊傳播(工程)(設計)學系,491,12,06 臺中市
亞洲大學,會計(與)(資訊)(科技)(系統)學系,14,0,06 臺中市
亞洲大學,會計(與)(資訊)(科技)(系統)學系,280,10,06 臺中市
亞洲大學,生物(與)醫學資訊學系,1,0,06 臺中市
亞洲大學,生物(與)醫學資訊學系,0,0,06 臺中市
亞洲大學,生物(與)醫學資訊學系,0,0,06 臺中市
亞洲大學,生物(與)醫學資訊學系,4,0,06 臺中市
亞洲大學,資訊多媒體應用學系,0,0,06 臺中市
亞洲大學,資訊多媒體應用學系,0,0,06 臺中市
亞洲大學,資訊工程學系,20,0,06 臺中市
亞洲大學,資訊工程學系,36,0,06 臺中市
亞洲大學,資訊工程學系,367,16,06 臺中市
亞洲大學,資訊工程學系,74,0,06 臺中市
亞洲大學,生物資訊與醫學工程學系,18,0,06 臺中市
亞洲大學,生物資訊與醫學工程學系,11,0,06 臺中市
亞洲大學,生物資訊與醫學工程學系,152,10,06 臺中市
亞洲大學,生物資訊與醫學工程學系,27,0,06 臺中市
開南大學,資訊傳播(工程)(設計)學系,3,0,03 桃園市
開南大學,資訊傳播(工程)(設計)學系,367,9,03 桃園市
開南大學,會計(與)(資訊)(科技)(系統)學系,7,0,03 桃園市
開南大學,會計(與)(資訊)(科技)(系統)學系,184,11,03 桃園市
開南大學,資訊管理(技術)學系,1,0,03 桃園市
開南大學,資訊管理(技術)學系,433,20,03 桃園市
開南大學,資訊管理(技術)學系,1,0,03 桃園市
開南大學,資訊管理(技術)學系,39,0,03 桃園市
開南大學,資訊(電機)學院(不分系),23,0,03 桃園市
開南大學,資訊(電機)學院(不分系),34,0,03 桃園市
開南大學,資訊(電機)學院(不分系),75,0,03 桃園市
佛光大學,資訊(科技)(與)應用學系,27,0,02 宜蘭縣
佛光大學,資訊(科技)(與)應用學系,272,14,02 宜蘭縣
佛光大學,資訊(科技)(與)應用學系,27,0,02 宜蘭縣
台南應用科技大學,會計(與)(資訊)(科技)(系統)學系,122,7,11 臺南市
台南應用科技大學,資訊管理(技術)學系,388,13,11 臺南市
台南應用科技大學,資訊管理(技術)學系,4,0,11 臺南市
台南應用科技大學,資訊管理(技術)學系,90,0,11 臺南市
台南應用科技大學,資訊管理(技術)學系,22,0,11 臺南市
遠東科技大學,資訊管理(技術)學系,351,16,11 臺南市
遠東科技大學,資訊管理(技術)學系,1,0,11 臺南市
遠東科技大學,資訊工程學系,346,14,11 臺南市
遠東科技大學,資訊工程學系,0,0,11 臺南市
元培醫事科技大學,資訊管理(技術)學系,21,0,18 新竹市
元培醫事科技大學,資訊管理(技術)學系,409,14,18 新竹市
元培醫事科技大學,資訊管理(技術)學系,110,0,18 新竹市
元培醫事科技大學,資訊工程學系,211,12,18 新竹市
元培醫事科技大學,資訊工程學系,2,0,18 新竹市
景文科技大學,會計(與)(資訊)(科技)(系統)學系,15,0,01 新北市
景文科技大學,資訊管理(技術)學系,623,18,01 新北市
景文科技大學,資訊管理(技術)學系,1,0,01 新北市
景文科技大學,資訊管理(技術)學系,86,0,01 新北市
景文科技大學,資訊管理(技術)學系,0,0,01 新北市
景文科技大學,資訊工程學系,187,7,01 新北市
景文科技大學,資訊工程學系,30,0,01 新北市
中華醫事科技大學,資訊管理(技術)學系,323,13,11 臺南市
中華醫事科技大學,資訊管理(技術)學系,91,0,11 臺南市
東南科技大學,工業管理(與經營資訊)學系,35,0,01 新北市
東南科技大學,工業管理(與經營資訊)學系,114,10,01 新北市
東南科技大學,資訊科技學系,271,14,01 新北市
東南科技大學,資訊科技學系,1,0,01 新北市
東南科技大學,資訊管理(技術)學系,354,13,01 新北市
東南科技大學,資訊管理(技術)學系,71,0,01 新北市
東南科技大學,資訊管理(技術)學系,34,0,01 新北市
德明財經科技大學,會計(與)(資訊)(科技)(系統)學系,637,14,30 臺北市
德明財經科技大學,會計(與)(資訊)(科技)(系統)學系,3,0,30 臺北市
德明財經科技大學,資訊科技學系,428,10,30 臺北市
德明財經科技大學,資訊科技學系,25,0,30 臺北市
德明財經科技大學,資訊管理(技術)學系,0,0,30 臺北市
德明財經科技大學,資訊管理(技術)學系,434,17,30 臺北市
德明財經科技大學,資訊管理(技術)學系,34,0,30 臺北市
德明財經科技大學,資訊管理(技術)學系,164,0,30 臺北市
德明財經科技大學,資訊管理(技術)學系,21,0,30 臺北市
明道大學,資訊傳播(工程)(設計)學系,20,0,07 彰化縣
明道大學,資訊傳播(工程)(設計)學系,162,9,07 彰化縣
明道大學,資訊傳播(工程)(設計)學系,68,0,07 彰化縣
南開科技大學,工業管理(與經營資訊)學系,165,9,08 南投縣
南開科技大學,工業管理(與經營資訊)學系,27,0,08 南投縣
南開科技大學,資訊管理(技術)學系,189,8,08 南投縣
南開科技大學,資訊管理(技術)學系,90,0,08 南投縣
南開科技大學,電機與資訊技術系,250,21,08 南投縣
南開科技大學,電機與資訊技術系,37,0,08 南投縣
南開科技大學,電機與資訊技術科,396,0,08 南投縣
南開科技大學,電機與資訊技術系,70,0,08 南投縣
中華科技大學,資訊管理(技術)學系,2,0,30 臺北市
中華科技大學,資訊管理(技術)學系,398,11,30 臺北市
中華科技大學,資訊管理(技術)學系,84,0,30 臺北市
中華科技大學,資訊管理(技術)學系,40,0,30 臺北市
中華科技大學,資訊工程學系,298,10,30 臺北市
中華科技大學,資訊工程學系,8,0,30 臺北市
僑光科技大學,會計(與)(資訊)(科技)(系統)學系,102,4,19 臺中市
僑光科技大學,會計(資訊)科,0,0,19 臺中市
僑光科技大學,會計(與)(資訊)(科技)(系統)學系,42,0,19 臺中市
僑光科技大學,資訊科技學系,4,0,19 臺中市
僑光科技大學,資訊科技學系,349,18,19 臺中市
僑光科技大學,資訊科技學系,276,0,19 臺中市
僑光科技大學,資訊管理(技術)學系,109,4,19 臺中市
僑光科技大學,資訊管理科,48,0,19 臺中市
僑光科技大學,資訊管理(技術)學系,61,0,19 臺中市
育達科技大學,財務資訊與金融系,45,1,05 苗栗縣
育達科技大學,資訊管理(技術)學系,40,0,05 苗栗縣
育達科技大學,資訊管理(技術)學系,291,14,05 苗栗縣
育達科技大學,資訊管理(技術)學系,33,0,05 苗栗縣
育達科技大學,資訊管理(技術)學系,224,0,05 苗栗縣
美和科技大學,資訊科技學系,145,7,13 屏東縣
美和科技大學,資訊科技學系,40,0,13 屏東縣
美和科技大學,資訊管理(技術)學系,229,15,13 屏東縣
美和科技大學,資訊管理(技術)學系,85,0,13 屏東縣
吳鳳科技大學,資訊管理(技術)學系,132,7,10 嘉義縣
吳鳳科技大學,資訊管理(技術)學系,94,0,10 嘉義縣
吳鳳科技大學,資訊管理科,1,0,10 嘉義縣
吳鳳科技大學,資訊工程學系,172,7,10 嘉義縣
吳鳳科技大學,資訊工程學系,37,0,10 嘉義縣
環球科技大學,(資訊與)電子商務學系,2,0,09 雲林縣
環球科技大學,資訊管理(技術)學系,267,14,09 雲林縣
環球科技大學,資訊管理(技術)學系,215,0,09 雲林縣
環球科技大學,資訊管理科,42,0,09 雲林縣
台灣首府大學,工業管理(與經營資訊)學系,2,2,11 臺南市
台灣首府大學,工業管理(與經營資訊)學系,7,0,11 臺南市
台灣首府大學,休閒資訊管理學系,198,6,11 臺南市
台灣首府大學,休閒資訊管理學系,56,0,11 臺南市
台灣首府大學,資訊與多媒體設計學系,205,7,11 臺南市
台灣首府大學,資訊與多媒體設計學系,29,0,11 臺南市
中州科技大學,資訊管理(技術)學系,125,8,07 彰化縣
中州科技大學,資訊管理(技術)學系,88,0,07 彰化縣
中州科技大學,資訊管理(技術)學系,73,0,07 彰化縣
修平科技大學,資訊管理(技術)學系,325,14,06 臺中市
修平科技大學,資訊管理(技術)學系,126,0,06 臺中市
修平科技大學,資訊網路(技術)系,449,11,06 臺中市
修平科技大學,資訊網路(技術)系,8,0,06 臺中市
臺北城市科技大學,資訊管理(技術)學系,33,0,30 臺北市
臺北城市科技大學,資訊管理(技術)學系,436,17,30 臺北市
臺北城市科技大學,資訊管理(技術)學系,5,0,30 臺北市
臺北城市科技大學,資訊工程學系,3,0,30 臺北市
臺北城市科技大學,資訊工程學系,498,23,30 臺北市
臺北城市科技大學,資訊工程科,365,0,30 臺北市
臺北城市科技大學,資訊工程學系,0,0,30 臺北市
大華科技大學,資訊管理(技術)學系,136,11,04 新竹縣
大華科技大學,資訊管理(技術)學系,33,0,04 新竹縣
大華科技大學,資訊管理科,179,0,04 新竹縣
大華科技大學,資訊管理(技術)學系,39,0,04 新竹縣
大華科技大學,資訊管理科,27,0,04 新竹縣
醒吾科技大學,資訊傳播(工程)(設計)學系,421,15,01 新北市
醒吾科技大學,資訊傳播(工程)(設計)學系,112,0,01 新北市
醒吾科技大學,資訊科技學系,55,0,01 新北市
醒吾科技大學,資訊管理(技術)學系,327,15,01 新北市
醒吾科技大學,資訊管理(技術)學系,157,0,01 新北市
醒吾科技大學,資訊(科技)(與)應用學系,14,0,01 新北市
醒吾科技大學,資訊(科技)(與)應用學系,216,15,01 新北市
醒吾科技大學,資訊(科技)(與)應用學系,44,0,01 新北市
醒吾科技大學,資訊(科技)(與)應用學系,0,0,01 新北市
南榮科技大學,管理(與)資訊學系,0,0,11 臺南市
南榮科技大學,資訊科技學系,163,7,11 臺南市
南榮科技大學,資訊科技學系,91,0,11 臺南市
南榮科技大學,資訊管理(技術)學系,113,8,11 臺南市
南榮科技大學,資訊管理科,64,0,11 臺南市
南榮科技大學,資訊管理(技術)學系,176,0,11 臺南市
南榮科技大學,資訊管理(技術)學系,2,0,11 臺南市
南榮科技大學,資訊管理科,67,0,11 臺南市
南榮科技大學,資訊工程學系,3,0,11 臺南市
華夏科技大學,資訊管理(技術)學系,199,20,01 新北市
華夏科技大學,資訊管理(技術)學系,66,0,01 新北市
華夏科技大學,資訊管理科,244,0,01 新北市
華夏科技大學,資訊管理(技術)學系,30,0,01 新北市
華夏科技大學,資訊管理(技術)學系,79,0,01 新北市
華夏科技大學,資訊管理(技術)學系,39,0,01 新北市
華夏科技大學,資訊管理科,43,0,01 新北市
華夏科技大學,資訊工程學系,305,11,01 新北市
華夏科技大學,資訊工程學系,83,0,01 新北市
慈濟科技大學,資訊科技與管理系,296,14,15 花蓮縣
致理科技大學,會計(與)(資訊)(科技)(系統)學系,661,23,01 新北市
致理科技大學,會計(資訊)科,273,0,01 新北市
致理科技大學,會計(與)(資訊)(科技)(系統)學系,185,0,01 新北市
致理科技大學,資訊管理(技術)學系,649,17,01 新北市
致理科技大學,資訊管理(技術)學系,28,0,01 新北市
致理科技大學,資訊管理科,47,0,01 新北市
致理科技大學,資訊管理(技術)學系,236,0,01 新北市
致理科技大學,資訊網路(技術)系,0,0,01 新北市
致理科技大學,資訊網路(技術)系,1,0,01 新北市
康寧大學,資訊傳播(工程)(設計)學系,15,0,30 臺北市
康寧大學,資訊傳播(工程)(設計)學系,109,9,30 臺北市
康寧大學,資訊傳播(工程)(設計)學系,29,0,30 臺北市
康寧大學,資訊傳播(工程)(設計)學系,41,0,30 臺北市
康寧大學,資訊管理科,403,10,30 臺北市
康寧大學,資訊管理科,9,0,30 臺北市
中信金融管理學院,管理(與)資訊學系,1,0,21 臺南市
中信金融管理學院,管理(與)資訊學系,5,0,21 臺南市
和春技術學院,資訊管理(技術)學系,41,8,12 高雄市
和春技術學院,資訊管理(技術)學系,29,0,12 高雄市
和春技術學院,資訊管理科,71,0,12 高雄市
和春技術學院,資訊管理(技術)學系,125,0,12 高雄市
和春技術學院,資訊管理(技術)學系,56,0,12 高雄市
和春技術學院,資訊管理科,98,0,12 高雄市
和春技術學院,資訊工程學系,48,7,12 高雄市
和春技術學院,資訊工程科,31,0,12 高雄市
和春技術學院,資訊工程學系,10,0,12 高雄市
和春技術學院,資訊工程學系,6,0,12 高雄市
和春技術學院,資訊工程科,9,0,12 高雄市
亞東技術學院,工業管理(與經營資訊)學系,387,10,01 新北市
亞東技術學院,工業管理(與經營資訊)學系,1,0,01 新北市
亞東技術學院,資訊管理(技術)學系,373,8,01 新北市
亞東技術學院,資訊管理(技術)學系,1,0,01 新北市
桃園創新技術學院,資訊管理(技術)學系,150,8,03 桃園市
桃園創新技術學院,資訊管理(技術)學系,117,0,03 桃園市
桃園創新技術學院,資訊工程學系,135,8,03 桃園市
桃園創新技術學院,資訊工程科,0,0,03 桃園市
桃園創新技術學院,資訊工程學系,13,0,03 桃園市
德霖技術學院,資訊工程學系,261,8,01 新北市
德霖技術學院,資訊工程學系,136,0,01 新北市
蘭陽技術學院,資訊管理(技術)學系,54,12,02 宜蘭縣
蘭陽技術學院,資訊管理(技術)學系,2,0,02 宜蘭縣
蘭陽技術學院,資訊管理科,33,0,02 宜蘭縣
黎明技術學院,資訊科技學系,141,7,01 新北市
黎明技術學院,資訊科技學系,35,0,01 新北市
黎明技術學院,資訊管理(技術)學系,194,7,01 新北市
黎明技術學院,資訊管理(技術)學系,102,0,01 新北市
東方設計學院,電子與資訊(工程)系,10,6,12 高雄市
東方設計學院,電子與資訊(工程)系,5,0,12 高雄市
經國管理暨健康學院,資訊多媒體應用學系,163,7,17 基隆市
崇右技術學院,資訊法律系,0,0,17 基隆市
崇右技術學院,資訊管理(技術)學系,12,0,17 基隆市
崇右技術學院,資訊管理科,39,3,17 基隆市
台北海洋技術學院,資訊科技與(行動)通訊學系,35,7,01 新北市
台北海洋技術學院,資訊科技與(行動)通訊科,131,0,01 新北市
仁德醫護管理專科學校,資訊管理科,0,0,05 苗栗縣
樹人醫護管理專科學校,資訊管理科,241,9,12 高雄市
耕莘健康管理專科學校,資訊管理科,1,0,01 新北市
高美醫護管理專科學校,資訊管理科,134,3,12 高雄市
聖母醫護管理專科學校,資訊管理科,287,7,02 宜蘭縣
臺北市立大學,資訊科學學系,37,0,30 臺北市
臺北市立大學,資訊科學學系,166,11,30 臺北市
臺北市立大學,資訊科學學系,48,0,30 臺北市
國立政治大學,(數位)圖書資訊學系,0,0,30 臺北市
國立政治大學,圖書資訊與檔案學研究所,13,0,30 臺北市
國立政治大學,圖書資訊與檔案學研究所,48,6,30 臺北市
國立政治大學,圖書資訊與檔案學研究所,61,0,30 臺北市
國立政治大學,會計(與)(資訊)(科技)(系統)學系,15,0,30 臺北市
國立政治大學,會計(與)(資訊)(科技)(系統)學系,141,0,30 臺北市
國立政治大學,會計(與)(資訊)(科技)(系統)學系,449,21,30 臺北市
國立政治大學,統計(科學)(資訊)學系,4,0,30 臺北市
國立政治大學,統計(科學)(資訊)學系,69,0,30 臺北市
國立政治大學,統計(科學)(資訊)學系,214,16,30 臺北市
國立政治大學,資訊管理(技術)學系,52,0,30 臺北市
國立政治大學,資訊管理(技術)學系,79,0,30 臺北市
國立政治大學,資訊管理(技術)學系,332,22,30 臺北市
國立政治大學,資訊科學學系,15,0,30 臺北市
國立政治大學,資訊科學學系,104,0,30 臺北市
國立政治大學,資訊科學學系,207,19,30 臺北市
國立政治大學,資訊科學學系,78,0,30 臺北市
國立清華大學,生物資訊與結構生物研究所,69,0,18 新竹市
國立清華大學,生物資訊與結構生物研究所,48,10,18 新竹市
國立清華大學,統計(科學)(資訊)學系,10,0,18 新竹市
國立清華大學,統計(科學)(資訊)學系,51,9,18 新竹市
國立清華大學,資訊系統與應用研究所,21,0,18 新竹市
國立清華大學,資訊系統與應用研究所,110,0,18 新竹市
國立清華大學,資訊工程學系,72,0,18 新竹市
國立清華大學,資訊工程學系,353,0,18 新竹市
國立清華大學,資訊工程學系,565,43,18 新竹市
國立清華大學,電機(資訊)學院,115,0,18 新竹市
國立臺灣大學,(數位)圖書資訊學系,20,0,30 臺北市
國立臺灣大學,(數位)圖書資訊學系,61,0,30 臺北市
國立臺灣大學,(數位)圖書資訊學系,206,13,30 臺北市
國立臺灣大學,會計(與)(資訊)(科技)(系統)學系,29,0,30 臺北市
國立臺灣大學,會計(與)(資訊)(科技)(系統)學系,109,0,30 臺北市
國立臺灣大學,會計(與)(資訊)(科技)(系統)學系,512,26,30 臺北市
國立臺灣大學,統計(科學)(資訊)學系,19,0,30 臺北市
國立臺灣大學,資訊管理(技術)學系,23,0,30 臺北市
國立臺灣大學,資訊管理(技術)學系,121,0,30 臺北市
國立臺灣大學,資訊管理(技術)學系,207,14,30 臺北市
國立臺灣大學,資訊網路與多媒體研究所,48,0,30 臺北市
國立臺灣大學,資訊網路與多媒體研究所,102,9,30 臺北市
國立臺灣大學,資訊工程學系,108,0,30 臺北市
國立臺灣大學,資訊工程學系,324,0,30 臺北市
國立臺灣大學,資訊工程學系,520,30,30 臺北市
國立臺灣大學,資訊工程學系,17,0,30 臺北市
國立臺灣大學,生醫電子與資訊學研究所,74,0,30 臺北市
國立臺灣大學,生醫電子與資訊學研究所,100,8,30 臺北市
國立臺灣大學,生醫電子與資訊學研究所,1,0,30 臺北市
國立臺灣師範大學,資訊教育學系,23,0,30 臺北市
國立臺灣師範大學,資訊教育學系,53,5,30 臺北市
國立臺灣師範大學,(數位)圖書資訊學系,13,0,30 臺北市
國立臺灣師範大學,(數位)圖書資訊學系,51,6,30 臺北市
國立臺灣師範大學,(數位)圖書資訊學系,43,1,30 臺北市
國立臺灣師範大學,資訊工程學系,22,0,30 臺北市
國立臺灣師範大學,資訊工程學系,127,0,30 臺北市
國立臺灣師範大學,資訊工程學系,193,16,30 臺北市
國立成功大學,會計(與)(資訊)(科技)(系統)學系,7,0,21 臺南市
國立成功大學,會計(與)(資訊)(科技)(系統)學系,80,0,21 臺南市
國立成功大學,會計(與)(資訊)(科技)(系統)學系,273,11,21 臺南市
國立成功大學,工業與資訊管理學系,21,0,21 臺南市
國立成功大學,工業與資訊管理學系,89,0,21 臺南市
國立成功大學,工業與資訊管理學系,248,15,21 臺南市
國立成功大學,工業與資訊管理學系,91,0,21 臺南市
國立成功大學,生物(資訊與)訊息傳遞研究所,16,0,21 臺南市
國立成功大學,生物(資訊與)訊息傳遞研究所,21,1,21 臺南市
國立成功大學,統計(科學)(資訊)學系,6,0,21 臺南市
國立成功大學,統計(科學)(資訊)學系,49,0,21 臺南市
國立成功大學,統計(科學)(資訊)學系,228,17,21 臺南市
國立成功大學,資訊管理(技術)學系,15,0,21 臺南市
國立成功大學,資訊管理(技術)學系,48,7,21 臺南市
國立成功大學,資訊工程學系,63,0,21 臺南市
國立成功大學,資訊工程學系,262,0,21 臺南市
國立成功大學,資訊工程學系,461,28,21 臺南市
國立成功大學,製造資訊與系統研究所,31,0,21 臺南市
國立成功大學,製造資訊與系統研究所,61,7,21 臺南市
國立成功大學,測量及空間資訊學系,24,0,21 臺南市
國立成功大學,測量及空間資訊學系,59,0,21 臺南市
國立成功大學,測量及空間資訊學系,210,15,21 臺南市
國立成功大學,醫學資訊學系,32,5,21 臺南市
國立中興大學,(數位)圖書資訊學系,39,4,19 臺中市
國立中興大學,會計(與)(資訊)(科技)(系統)學系,47,0,19 臺中市
國立中興大學,會計(與)(資訊)(科技)(系統)學系,170,9,19 臺中市
國立中興大學,基因體暨生物資訊學研究所,20,7,19 臺中市
國立中興大學,統計(科學)(資訊)學系,43,8,19 臺中市
國立中興大學,資訊管理(技術)學系,67,0,19 臺中市
國立中興大學,資訊管理(技術)學系,156,11,19 臺中市
國立中興大學,資訊管理(技術)學系,56,0,19 臺中市
國立中興大學,資訊科學與工程學系,46,0,19 臺中市
國立中興大學,資訊科學與工程學系,128,0,19 臺中市
國立中興大學,資訊科學與工程學系,179,18,19 臺中市
國立中興大學,資訊科學與工程學系,107,0,19 臺中市
國立交通大學,資訊管理與財務金融學系,48,0,18 新竹市
國立交通大學,資訊管理與財務金融學系,173,0,18 新竹市
國立交通大學,資訊管理與財務金融學系,176,22,18 新竹市
國立交通大學,生物資訊與系統生物研究所,39,0,18 新竹市
國立交通大學,生物資訊與系統生物研究所,39,8,18 新竹市
國立交通大學,統計(科學)(資訊)學系,13,0,18 新竹市
國立交通大學,統計(科學)(資訊)學系,47,9,18 新竹市
國立交通大學,網路與資訊系統學位學程,8,0,18 新竹市
國立交通大學,資訊工程學系,788,24,18 新竹市
國立交通大學,(資訊)網路工程系,128,7,18 新竹市
國立交通大學,資訊科學與工程學系,176,0,18 新竹市
國立交通大學,資訊科學與工程學系,406,28,18 新竹市
國立交通大學,電機(資訊)學院,131,0,18 新竹市
國立交通大學,電機資訊學位學程,50,0,18 新竹市
國立交通大學,電機資訊學位學程,67,0,18 新竹市
國立交通大學,電機資訊學位學程,113,0,18 新竹市
國立交通大學,資訊(電機)學院(不分系),103,0,18 新竹市
國立中央大學,會計(與)(資訊)(科技)(系統)學系,32,6,03 桃園市
國立中央大學,會計(與)(資訊)(科技)(系統)學系,26,0,03 桃園市
國立中央大學,工業管理(與經營資訊)學系,15,0,03 桃園市
國立中央大學,工業管理(與經營資訊)學系,72,7,03 桃園市
國立中央大學,工業管理(與經營資訊)學系,67,0,03 桃園市
國立中央大學,統計(科學)(資訊)學系,4,0,03 桃園市
國立中央大學,統計(科學)(資訊)學系,50,8,03 桃園市
國立中央大學,資訊管理(技術)學系,27,0,03 桃園市
國立中央大學,資訊管理(技術)學系,110,0,03 桃園市
國立中央大學,資訊管理(技術)學系,416,20,03 桃園市
國立中央大學,資訊管理(技術)學系,61,0,03 桃園市
國立中央大學,資訊工程學系,91,0,03 桃園市
國立中央大學,資訊工程學系,265,0,03 桃園市
國立中央大學,資訊工程學系,475,28,03 桃園市
國立中央大學,資訊工程學系,91,0,03 桃園市
國立中山大學,資訊管理(技術)學系,28,0,50 高雄市
國立中山大學,資訊管理(技術)學系,109,0,50 高雄市
國立中山大學,資訊管理(技術)學系,203,20,50 高雄市
國立中山大學,資訊管理(技術)學系,73,0,50 高雄市
國立中山大學,資訊工程學系,19,0,50 高雄市
國立中山大學,資訊工程學系,220,0,50 高雄市
國立中山大學,資訊工程學系,234,20,50 高雄市
國立臺灣海洋大學,海洋環境資訊系,8,0,17 基隆市
國立臺灣海洋大學,海洋環境資訊系,20,0,17 基隆市
國立臺灣海洋大學,海洋環境資訊系,216,11,17 基隆市
國立臺灣海洋大學,海洋環境資訊系,39,0,17 基隆市
國立臺灣海洋大學,資訊工程學系,8,0,17 基隆市
國立臺灣海洋大學,資訊工程學系,109,0,17 基隆市
國立臺灣海洋大學,資訊工程學系,464,27,17 基隆市
國立臺灣海洋大學,資訊工程學系,18,0,17 基隆市
國立中正大學,會計(與)(資訊)(科技)(系統)學系,15,0,10 嘉義縣
國立中正大學,會計(與)(資訊)(科技)(系統)學系,67,0,10 嘉義縣
國立中正大學,會計(與)(資訊)(科技)(系統)學系,219,12,10 嘉義縣
國立中正大學,會計(與)(資訊)(科技)(系統)學系,105,0,10 嘉義縣
國立中正大學,資訊管理(技術)學系,13,0,10 嘉義縣
國立中正大學,資訊管理(技術)學系,107,0,10 嘉義縣
國立中正大學,資訊管理(技術)學系,160,13,10 嘉義縣
國立中正大學,資訊管理(技術)學系,101,0,10 嘉義縣
國立中正大學,資訊工程學系,22,0,10 嘉義縣
國立中正大學,資訊工程學系,265,0,10 嘉義縣
國立中正大學,資訊工程學系,385,24,10 嘉義縣
國立中正大學,資訊工程學系,72,0,10 嘉義縣
國立彰化師範大學,會計(與)(資訊)(科技)(系統)學系,53,0,07 彰化縣
國立彰化師範大學,會計(與)(資訊)(科技)(系統)學系,359,12,07 彰化縣
國立彰化師範大學,會計(與)(資訊)(科技)(系統)學系,63,0,07 彰化縣
國立彰化師範大學,統計(科學)(資訊)學系,22,5,07 彰化縣
國立彰化師範大學,資訊管理(技術)學系,51,0,07 彰化縣
國立彰化師範大學,資訊管理(技術)學系,206,11,07 彰化縣
國立彰化師範大學,資訊管理(技術)學系,68,0,07 彰化縣
國立彰化師範大學,資訊工程學系,53,0,07 彰化縣
國立彰化師範大學,資訊工程學系,162,13,07 彰化縣
國立彰化師範大學,資訊工程學系,5,0,07 彰化縣
國立陽明大學,生物(與)醫學資訊學系,47,0,30 臺北市
國立陽明大學,生物(與)醫學資訊學系,61,10,30 臺北市
國立臺北大學,會計(與)(資訊)(科技)(系統)學系,9,0,01 新北市
國立臺北大學,會計(與)(資訊)(科技)(系統)學系,35,0,01 新北市
國立臺北大學,會計(與)(資訊)(科技)(系統)學系,509,18,01 新北市
國立臺北大學,會計(與)(資訊)(科技)(系統)學系,47,0,01 新北市
國立臺北大學,統計(科學)(資訊)學系,37,0,01 新北市
國立臺北大學,統計(科學)(資訊)學系,246,20,01 新北市
國立臺北大學,統計(科學)(資訊)學系,60,0,01 新北市
國立臺北大學,統計(科學)(資訊)學系,11,0,01 新北市
國立臺北大學,資訊管理(技術)學系,27,5,01 新北市
國立臺北大學,資訊工程學系,60,0,01 新北市
國立臺北大學,資訊工程學系,200,12,01 新北市
國立臺北大學,電機(資訊)學院,6,0,01 新北市
國立嘉義大學,資訊管理(技術)學系,38,0,20 嘉義市
國立嘉義大學,資訊管理(技術)學系,202,11,20 嘉義市
國立嘉義大學,資訊工程學系,8,0,20 嘉義市
國立嘉義大學,資訊工程學系,66,0,20 嘉義市
國立嘉義大學,資訊工程學系,212,15,20 嘉義市
國立嘉義大學,資訊工程學系,7,0,20 嘉義市
國立高雄大學,統計(科學)(資訊)學系,20,5,50 高雄市
國立高雄大學,資訊管理(技術)學系,38,0,50 高雄市
國立高雄大學,資訊管理(技術)學系,192,11,50 高雄市
國立高雄大學,資訊管理(技術)學系,6,0,50 高雄市
國立高雄大學,資訊工程學系,37,0,50 高雄市
國立高雄大學,資訊工程學系,180,11,50 高雄市
國立高雄大學,資訊工程學系,27,0,50 高雄市
國立東華大學,會計(與)(資訊)(科技)(系統)學系,244,8,15 花蓮縣
國立東華大學,資訊管理(技術)學系,15,0,15 花蓮縣
國立東華大學,資訊管理(技術)學系,217,9,15 花蓮縣
國立東華大學,資訊工程學系,19,0,15 花蓮縣
國立東華大學,資訊工程學系,129,0,15 花蓮縣
國立東華大學,資訊工程學系,281,19,15 花蓮縣
國立東華大學,資訊工程學系,16,0,15 花蓮縣
國立暨南國際大學,資訊管理(技術)學系,71,0,08 南投縣
國立暨南國際大學,資訊管理(技術)學系,242,14,08 南投縣
國立暨南國際大學,資訊工程學系,14,0,08 南投縣
國立暨南國際大學,資訊工程學系,70,0,08 南投縣
國立暨南國際大學,資訊工程學系,232,16,08 南投縣
國立臺灣科技大學,工業管理(與經營資訊)學系,63,0,30 臺北市
國立臺灣科技大學,工業管理(與經營資訊)學系,127,0,30 臺北市
國立臺灣科技大學,工業管理(與經營資訊)學系,279,14,30 臺北市
國立臺灣科技大學,工業管理(與經營資訊)學系,4,0,30 臺北市
國立臺灣科技大學,工業管理(與經營資訊)學系,61,2,30 臺北市
國立臺灣科技大學,資訊管理(技術)學系,62,0,30 臺北市
國立臺灣科技大學,資訊管理(技術)學系,141,0,30 臺北市
國立臺灣科技大學,資訊管理(技術)學系,208,14,30 臺北市
國立臺灣科技大學,資訊管理(技術)學系,12,0,30 臺北市
國立臺灣科技大學,資訊管理(技術)學系,61,1,30 臺北市
國立臺灣科技大學,資訊工程學系,43,0,30 臺北市
國立臺灣科技大學,資訊工程學系,231,0,30 臺北市
國立臺灣科技大學,資訊工程學系,265,21,30 臺北市
國立臺灣科技大學,資訊工程學系,3,0,30 臺北市
國立臺灣科技大學,資訊工程學系,7,1,30 臺北市
國立雲林科技大學,會計(與)(資訊)(科技)(系統)學系,19,0,09 雲林縣
國立雲林科技大學,會計(與)(資訊)(科技)(系統)學系,41,0,09 雲林縣
國立雲林科技大學,會計(與)(資訊)(科技)(系統)學系,224,13,09 雲林縣
國立雲林科技大學,會計(與)(資訊)(科技)(系統)學系,7,0,09 雲林縣
國立雲林科技大學,會計(與)(資訊)(科技)(系統)學系,41,0,09 雲林縣
國立雲林科技大學,資訊管理(技術)學系,31,0,09 雲林縣
國立雲林科技大學,資訊管理(技術)學系,90,0,09 雲林縣
國立雲林科技大學,資訊管理(技術)學系,247,17,09 雲林縣
國立雲林科技大學,資訊管理(技術)學系,107,0,09 雲林縣
國立雲林科技大學,資訊管理(技術)學系,36,0,09 雲林縣
國立雲林科技大學,資訊工程學系,89,0,09 雲林縣
國立雲林科技大學,資訊工程學系,244,11,09 雲林縣
國立屏東科技大學,工業管理(與經營資訊)學系,44,0,13 屏東縣
國立屏東科技大學,工業管理(與經營資訊)學系,370,12,13 屏東縣
國立屏東科技大學,工業管理(與經營資訊)學系,26,2,13 屏東縣
國立屏東科技大學,資訊管理(技術)學系,48,0,13 屏東縣
國立屏東科技大學,資訊管理(技術)學系,226,11,13 屏東縣
國立屏東科技大學,資訊管理(技術)學系,26,0,13 屏東縣
國立臺北科技大學,資訊與財金管理學系,54,0,30 臺北市
國立臺北科技大學,資訊與財金管理學系,198,8,30 臺北市
國立臺北科技大學,資訊與財金管理學系,4,0,30 臺北市
國立臺北科技大學,資訊與財金管理學系,27,0,30 臺北市
國立臺北科技大學,資訊工程學系,24,0,30 臺北市
國立臺北科技大學,資訊工程學系,125,0,30 臺北市
國立臺北科技大學,資訊工程學系,204,15,30 臺北市
國立臺北科技大學,資訊工程學系,2,0,30 臺北市
國立臺北科技大學,電機(資訊)學院,9,0,30 臺北市
國立臺北科技大學,電機(資訊)學院,23,0,30 臺北市
國立高雄第一科技大學,會計(與)(資訊)(科技)(系統)學系,37,0,12 高雄市
國立高雄第一科技大學,會計(與)(資訊)(科技)(系統)學系,215,9,12 高雄市
國立高雄第一科技大學,會計(與)(資訊)(科技)(系統)學系,3,0,12 高雄市
國立高雄第一科技大學,會計(與)(資訊)(科技)(系統)學系,6,0,12 高雄市
國立高雄第一科技大學,資訊管理(技術)學系,93,0,12 高雄市
國立高雄第一科技大學,資訊管理(技術)學系,388,17,12 高雄市
國立高雄第一科技大學,資訊管理(技術)學系,8,0,12 高雄市
國立高雄第一科技大學,資訊管理(技術)學系,57,3,12 高雄市
國立高雄應用科技大學,會計(與)(資訊)(科技)(系統)學系,40,0,50 高雄市
國立高雄應用科技大學,會計(與)(資訊)(科技)(系統)學系,236,9,50 高雄市
國立高雄應用科技大學,會計(與)(資訊)(科技)(系統)學系,31,0,50 高雄市
國立高雄應用科技大學,會計(與)(資訊)(科技)(系統)學系,159,0,50 高雄市
國立高雄應用科技大學,資訊管理(技術)學系,56,0,50 高雄市
國立高雄應用科技大學,資訊管理(技術)學系,394,13,50 高雄市
國立高雄應用科技大學,資訊管理(技術)學系,75,2,50 高雄市
國立高雄應用科技大學,資訊類產業研發專班,10,0,50 高雄市
國立高雄應用科技大學,資訊工程學系,29,0,50 高雄市
國立高雄應用科技大學,資訊工程學系,238,9,50 高雄市
國立高雄應用科技大學,資訊工程學系,27,0,50 高雄市
國立高雄應用科技大學,電機(資訊)學院,2,0,50 高雄市
國立臺東大學,綠色與資訊科技學位學程,30,1,14 臺東縣
國立臺東大學,資訊管理(技術)學系,13,0,14 臺東縣
國立臺東大學,資訊管理(技術)學系,186,9,14 臺東縣
國立臺東大學,資訊管理(技術)學系,45,0,14 臺東縣
國立臺東大學,資訊管理(技術)學系,153,0,14 臺東縣
國立臺東大學,資訊工程學系,350,11,14 臺東縣
國立宜蘭大學,資訊工程學系,29,0,02 宜蘭縣
國立宜蘭大學,資訊工程學系,189,10,02 宜蘭縣
國立宜蘭大學,電機(資訊)學院,35,0,02 宜蘭縣
國立聯合大學,資訊與社會研究所,0,1,05 苗栗縣
國立聯合大學,資訊與社會研究所,8,0,05 苗栗縣
國立聯合大學,資訊管理(技術)學系,18,0,05 苗栗縣
國立聯合大學,資訊管理(技術)學系,338,13,05 苗栗縣
國立聯合大學,資訊工程學系,12,0,05 苗栗縣
國立聯合大學,資訊工程學系,176,11,05 苗栗縣
國立聯合大學,資訊工程學系,183,0,05 苗栗縣
國立虎尾科技大學,工業管理(與經營資訊)學系,52,0,09 雲林縣
國立虎尾科技大學,工業管理(與經營資訊)學系,405,11,09 雲林縣
國立虎尾科技大學,工業管理(與經營資訊)學系,29,1,09 雲林縣
國立虎尾科技大學,資訊管理(技術)學系,37,0,09 雲林縣
國立虎尾科技大學,資訊管理(技術)學系,213,11,09 雲林縣
國立虎尾科技大學,資訊管理(技術)學系,25,0,09 雲林縣
國立虎尾科技大學,資訊管理(技術)學系,203,1,09 雲林縣
國立虎尾科技大學,資訊工程學系,61,0,09 雲林縣
國立虎尾科技大學,資訊工程學系,426,15,09 雲林縣
國立高雄海洋科技大學,資訊管理(技術)學系,2,0,50 高雄市
國立高雄海洋科技大學,資訊管理(技術)學系,408,12,50 高雄市
國立高雄海洋科技大學,海事資訊科技系,13,0,50 高雄市
國立高雄海洋科技大學,海事資訊科技系,181,8,50 高雄市
國立高雄海洋科技大學,海事資訊科技系,27,1,50 高雄市
國立臺南大學,資訊類產業研發專班,7,0,21 臺南市
國立臺南大學,資訊工程學系,34,0,21 臺南市
國立臺南大學,資訊工程學系,161,9,21 臺南市
國立臺北教育大學,數學(暨)資訊教育學系,35,0,30 臺北市
國立臺北教育大學,數學(暨)資訊教育學系,236,13,30 臺北市
國立臺北教育大學,數學(暨)資訊教育學系,48,0,30 臺北市
國立臺北教育大學,資訊科學學系,34,0,30 臺北市
國立臺北教育大學,資訊科學學系,159,11,30 臺北市
國立臺北教育大學,資訊科學學系,47,0,30 臺北市
國立臺中教育大學,教育資訊與測驗統計研究所,38,0,19 臺中市
國立臺中教育大學,教育資訊與測驗統計研究所,44,8,19 臺中市
國立臺中教育大學,教育資訊與測驗統計研究所,31,0,19 臺中市
國立臺中教育大學,資訊工程學系,32,0,19 臺中市
國立臺中教育大學,資訊工程學系,198,10,19 臺中市
國立澎湖科技大學,資訊管理(技術)學系,189,10,16 澎湖縣
國立澎湖科技大學,資訊管理(技術)學系,141,0,16 澎湖縣
國立澎湖科技大學,資訊工程學系,198,7,16 澎湖縣
國立勤益科技大學,資訊管理(技術)學系,19,0,06 臺中市
國立勤益科技大學,資訊管理(技術)學系,390,15,06 臺中市
國立勤益科技大學,資訊管理(技術)學系,16,0,06 臺中市
國立勤益科技大學,資訊管理(技術)學系,174,0,06 臺中市
國立勤益科技大學,資訊類產學專班,36,0,06 臺中市
國立勤益科技大學,資訊類產業研發專班,32,0,06 臺中市
國立勤益科技大學,資訊工程學系,33,0,06 臺中市
國立勤益科技大學,資訊工程學系,551,15,06 臺中市
國立勤益科技大學,資訊工程學系,18,0,06 臺中市
國立勤益科技大學,資訊工程學系,195,0,06 臺中市
國立臺北護理健康大學,資訊管理(技術)學系,38,0,30 臺北市
國立臺北護理健康大學,資訊管理(技術)學系,349,9,30 臺北市
國立金門大學,資訊工程學系,183,8,71 金門縣
國立金門大學,資訊工程學系,110,0,71 金門縣
國立臺灣體育運動大學,運動資訊(與)傳播學系,191,8,19 臺中市
國立臺中科技大學,會計(與)(資訊)(科技)(系統)學系,19,0,19 臺中市
國立臺中科技大學,會計(與)(資訊)(科技)(系統)學系,400,23,19 臺中市
國立臺中科技大學,會計(與)(資訊)(科技)(系統)學系,109,0,19 臺中市
國立臺中科技大學,會計(資訊)科,473,0,19 臺中市
國立臺中科技大學,會計(與)(資訊)(科技)(系統)學系,24,0,19 臺中市
國立臺中科技大學,會計(與)(資訊)(科技)(系統)學系,340,1,19 臺中市
國立臺中科技大學,會計(與)(資訊)(科技)(系統)學系,60,0,19 臺中市
國立臺中科技大學,應用統計(資訊)學系,195,7,19 臺中市
國立臺中科技大學,資訊管理(技術)學系,34,0,19 臺中市
國立臺中科技大學,資訊管理(技術)學系,209,26,19 臺中市
國立臺中科技大學,資訊管理(技術)學系,171,0,19 臺中市
國立臺中科技大學,資訊管理科,452,0,19 臺中市
國立臺中科技大學,資訊管理(技術)學系,324,1,19 臺中市
國立臺中科技大學,資訊類產業研發專班,0,0,19 臺中市
國立臺中科技大學,資訊工程學系,42,0,19 臺中市
國立臺中科技大學,資訊工程學系,205,11,19 臺中市
國立臺中科技大學,資訊工程學系,27,0,19 臺中市
國立臺中科技大學,資訊工程學系,180,0,19 臺中市
國立臺北商業大學,會計(與)(資訊)(科技)(系統)學系,25,0,30 臺北市
國立臺北商業大學,會計(與)(資訊)(科技)(系統)學系,314,19,30 臺北市
國立臺北商業大學,會計(與)(資訊)(科技)(系統)學系,62,0,30 臺北市
國立臺北商業大學,會計(資訊)科,255,0,30 臺北市
國立臺北商業大學,會計(與)(資訊)(科技)(系統)學系,173,1,30 臺北市
國立臺北商業大學,會計(與)(資訊)(科技)(系統)學系,80,0,30 臺北市
國立臺北商業大學,資訊管理(技術)學系,179,17,30 臺北市
國立臺北商業大學,資訊管理(技術)學系,65,0,30 臺北市
國立臺北商業大學,資訊管理科,258,0,30 臺北市
國立臺北商業大學,資訊管理(技術)學系,199,0,30 臺北市
國立臺北商業大學,資訊管理(技術)學系,93,0,30 臺北市
國立臺北商業大學,資訊與決策科學研究所,30,6,30 臺北市
國立臺北商業大學,資訊類產業研發專班,0,0,30 臺北市
國立屏東大學,會計(與)(資訊)(科技)(系統)學系,425,11,13 屏東縣
國立屏東大學,會計(與)(資訊)(科技)(系統)學系,9,0,13 屏東縣
國立屏東大學,資訊管理(技術)學系,26,0,13 屏東縣
國立屏東大學,資訊管理(技術)學系,217,10,13 屏東縣
國立屏東大學,資訊管理(技術)學系,139,0,13 屏東縣
國立屏東大學,資訊工程學系,25,0,13 屏東縣
國立屏東大學,資訊工程學系,229,10,13 屏東縣
國立屏東大學,資訊科學學系,47,0,13 屏東縣
國立屏東大學,資訊科學學系,184,11,13 屏東縣
國立臺東專科學校,資訊管理科,83,5,14 臺東縣
國立臺東專科學校,資訊管理科,21,0,14 臺東縣
東海大學,會計(與)(資訊)(科技)(系統)學系,44,0,19 臺中市
東海大學,會計(與)(資訊)(科技)(系統)學系,515,12,19 臺中市
東海大學,會計(與)(資訊)(科技)(系統)學系,41,0,19 臺中市
東海大學,統計(科學)(資訊)學系,1,0,19 臺中市
東海大學,統計(科學)(資訊)學系,14,0,19 臺中市
東海大學,統計(科學)(資訊)學系,426,14,19 臺中市
東海大學,資訊管理(技術)學系,43,0,19 臺中市
東海大學,資訊管理(技術)學系,249,8,19 臺中市
東海大學,資訊工程學系,48,0,19 臺中市
東海大學,資訊工程學系,510,19,19 臺中市
東海大學,資訊工程學系,17,0,19 臺中市
東海大學,資訊工程學系,92,0,19 臺中市
東海大學,工業工程與經營資訊學系,20,0,19 臺中市
東海大學,工業工程與經營資訊學系,41,0,19 臺中市
東海大學,工業工程與經營資訊學系,495,15,19 臺中市
東海大學,工業工程與經營資訊學系,41,0,19 臺中市
輔仁大學,(數位)圖書資訊學系,35,0,01 新北市
輔仁大學,(數位)圖書資訊學系,241,10,01 新北市
輔仁大學,(數位)圖書資訊學系,216,0,01 新北市
輔仁大學,會計(與)(資訊)(科技)(系統)學系,34,0,01 新北市
輔仁大學,會計(與)(資訊)(科技)(系統)學系,522,14,01 新北市
輔仁大學,會計(與)(資訊)(科技)(系統)學系,66,0,01 新北市
輔仁大學,會計(與)(資訊)(科技)(系統)學系,0,0,01 新北市
輔仁大學,統計(科學)(資訊)學系,44,0,01 新北市
輔仁大學,統計(科學)(資訊)學系,458,14,01 新北市
輔仁大學,統計(科學)(資訊)學系,44,0,01 新北市
輔仁大學,統計(科學)(資訊)學系,0,0,01 新北市
輔仁大學,資訊管理(技術)學系,46,0,01 新北市
輔仁大學,資訊管理(技術)學系,468,16,01 新北市
輔仁大學,資訊管理(技術)學系,66,0,01 新北市
輔仁大學,醫學資訊與創新應用學位學程,58,1,01 新北市
輔仁大學,資訊工程學系,50,0,01 新北市
輔仁大學,資訊工程學系,485,15,01 新北市
輔仁大學,資訊工程學系,59,0,01 新北市
東吳大學,會計(與)(資訊)(科技)(系統)學系,63,0,30 臺北市
東吳大學,會計(與)(資訊)(科技)(系統)學系,"1,040",28,30 臺北市
東吳大學,會計(與)(資訊)(科技)(系統)學系,70,0,30 臺北市
東吳大學,資訊管理(技術)學系,37,0,30 臺北市
東吳大學,資訊管理(技術)學系,478,20,30 臺北市
東吳大學,資訊管理(技術)學系,58,0,30 臺北市
中原大學,會計(與)(資訊)(科技)(系統)學系,46,0,03 桃園市
中原大學,會計(與)(資訊)(科技)(系統)學系,720,17,03 桃園市
中原大學,會計(與)(資訊)(科技)(系統)學系,22,0,03 桃園市
中原大學,資訊管理(技術)學系,46,0,03 桃園市
中原大學,資訊管理(技術)學系,444,14,03 桃園市
中原大學,資訊管理(技術)學系,30,0,03 桃園市
中原大學,資訊工程學系,70,0,03 桃園市
中原大學,資訊工程學系,444,15,03 桃園市
中原大學,資訊工程學系,12,0,03 桃園市
中原大學,電機(資訊)學院,148,0,03 桃園市
淡江大學,資訊傳播(工程)(設計)學系,24,0,01 新北市
淡江大學,資訊傳播(工程)(設計)學系,333,9,01 新北市
淡江大學,(資訊與)圖書館學系,28,0,01 新北市
淡江大學,(資訊與)圖書館學系,503,10,01 新北市
淡江大學,會計(與)(資訊)(科技)(系統)學系,55,0,01 新北市
淡江大學,會計(與)(資訊)(科技)(系統)學系,577,18,01 新北市
淡江大學,會計(與)(資訊)(科技)(系統)學系,27,0,01 新北市
淡江大學,會計(與)(資訊)(科技)(系統)學系,112,0,01 新北市
淡江大學,統計(科學)(資訊)學系,31,0,01 新北市
淡江大學,統計(科學)(資訊)學系,764,19,01 新北市
淡江大學,統計(科學)(資訊)學系,77,0,01 新北市
淡江大學,資訊管理(技術)學系,57,0,01 新北市
淡江大學,資訊管理(技術)學系,816,20,01 新北市
淡江大學,資訊管理(技術)學系,45,0,01 新北市
淡江大學,資訊創新與科技學系,336,9,01 新北市
淡江大學,資訊工程學系,29,0,01 新北市
淡江大學,資訊工程學系,106,0,01 新北市
淡江大學,資訊工程學系,765,28,01 新北市
淡江大學,資訊工程學系,38,0,01 新北市
淡江大學,資訊工程學系,124,0,01 新北市
中國文化大學,資訊傳播(工程)(設計)學系,12,0,30 臺北市
中國文化大學,資訊傳播(工程)(設計)學系,485,12,30 臺北市
中國文化大學,會計(與)(資訊)(科技)(系統)學系,29,0,30 臺北市
中國文化大學,會計(與)(資訊)(科技)(系統)學系,494,12,30 臺北市
中國文化大學,資訊管理(技術)學系,27,0,30 臺北市
中國文化大學,資訊管理(技術)學系,698,21,30 臺北市
中國文化大學,資訊管理(技術)學系,42,6,30 臺北市
中國文化大學,資訊管理(技術)學系,62,0,30 臺北市
中國文化大學,資訊工程學系,16,0,30 臺北市
中國文化大學,資訊工程學系,465,11,30 臺北市
逢甲大學,(資訊與)電子商務學系,4,0,19 臺中市
逢甲大學,會計(與)(資訊)(科技)(系統)學系,41,0,19 臺中市
逢甲大學,會計(與)(資訊)(科技)(系統)學系,786,17,19 臺中市
逢甲大學,會計(與)(資訊)(科技)(系統)學系,2,0,19 臺中市
逢甲大學,統計(科學)(資訊)學系,4,0,19 臺中市
逢甲大學,統計(科學)(資訊)學系,53,0,19 臺中市
逢甲大學,統計(科學)(資訊)學系,432,16,19 臺中市
逢甲大學,資訊工程學系,22,0,19 臺中市
逢甲大學,資訊工程學系,103,0,19 臺中市
逢甲大學,資訊工程學系,929,32,19 臺中市
逢甲大學,資訊工程學系,5,0,19 臺中市
逢甲大學,資訊電機工程研究所,75,0,19 臺中市
逢甲大學,電機資訊學位學程,16,0,19 臺中市
逢甲大學,資訊(電機)學院(不分系),114,0,19 臺中市
逢甲大學,生醫資訊暨生醫工程學位學程,16,0,19 臺中市
逢甲大學,都市計畫與空間資訊學系,43,0,19 臺中市
逢甲大學,都市計畫與空間資訊學系,442,14,19 臺中市
逢甲大學,都市計畫與空間資訊學系,53,0,19 臺中市
靜宜大學,資訊傳播(工程)(設計)學系,14,0,06 臺中市
靜宜大學,資訊傳播(工程)(設計)學系,481,13,06 臺中市
靜宜大學,會計(與)(資訊)(科技)(系統)學系,26,0,06 臺中市
靜宜大學,會計(與)(資訊)(科技)(系統)學系,688,17,06 臺中市
靜宜大學,統計(科學)(資訊)學系,187,7,06 臺中市
靜宜大學,資訊管理(技術)學系,9,0,06 臺中市
靜宜大學,資訊管理(技術)學系,456,15,06 臺中市
靜宜大學,資訊應用與科技管理研究所,21,0,06 臺中市
靜宜大學,資訊工程學系,19,0,06 臺中市
靜宜大學,資訊工程學系,439,15,06 臺中市
靜宜大學,資訊學系,0,0,06 臺中市
靜宜大學,資訊(電機)學院(不分系),0,3,06 臺中市
長庚大學,資訊管理(技術)學系,53,0,03 桃園市
長庚大學,資訊管理(技術)學系,387,15,03 桃園市
長庚大學,資訊工程學系,44,0,03 桃園市
長庚大學,資訊工程學系,232,18,03 桃園市
元智大學,資訊社會學研究所,2,0,03 桃園市
元智大學,資訊傳播(工程)(設計)學系,33,0,03 桃園市
元智大學,資訊傳播(工程)(設計)學系,560,14,03 桃園市
元智大學,生物(與)醫學資訊學系,5,0,03 桃園市
元智大學,資訊管理(技術)學系,33,0,03 桃園市
元智大學,資訊管理(技術)學系,70,0,03 桃園市
元智大學,資訊管理(技術)學系,503,25,03 桃園市
元智大學,資訊管理(技術)學系,79,0,03 桃園市
元智大學,資訊工程學系,28,0,03 桃園市
元智大學,資訊工程學系,125,0,03 桃園市
元智大學,資訊工程學系,630,23,03 桃園市
元智大學,資訊工程學系,49,0,03 桃園市
中華大學,工業管理(與經營資訊)學系,75,0,18 新竹市
中華大學,工業管理(與經營資訊)學系,155,10,18 新竹市
中華大學,工業管理(與經營資訊)學系,57,0,18 新竹市
中華大學,生物資訊學系,7,0,18 新竹市
中華大學,生物資訊學系,163,9,18 新竹市
中華大學,應用統計(資訊)學系,5,0,18 新竹市
中華大學,資訊管理(技術)學系,45,0,18 新竹市
中華大學,資訊管理(技術)學系,366,12,18 新竹市
中華大學,資訊管理(技術)學系,23,0,18 新竹市
中華大學,資訊管理(技術)學系,58,0,18 新竹市
中華大學,資訊工程學系,65,0,18 新竹市
中華大學,資訊工程學系,398,18,18 新竹市
中華大學,資訊工程學系,20,0,18 新竹市
中華大學,資訊學系,1,0,18 新竹市
大葉大學,會計(與)(資訊)(科技)(系統)學系,1,0,07 彰化縣
大葉大學,會計(與)(資訊)(科技)(系統)學系,200,6,07 彰化縣
大葉大學,會計(與)(資訊)(科技)(系統)學系,35,0,07 彰化縣
大葉大學,資訊管理(技術)學系,41,0,07 彰化縣
大葉大學,資訊管理(技術)學系,191,7,07 彰化縣
大葉大學,資訊管理(技術)學系,19,0,07 彰化縣
大葉大學,資訊管理(技術)學系,76,0,07 彰化縣
大葉大學,資訊工程學系,29,0,07 彰化縣
大葉大學,資訊工程學系,215,9,07 彰化縣
華梵大學,資訊管理(技術)學系,9,0,01 新北市
華梵大學,資訊管理(技術)學系,195,10,01 新北市
華梵大學,資訊管理(技術)學系,45,0,01 新北市
華梵大學,工業工程與經營資訊學系,24,0,01 新北市
華梵大學,工業工程與經營資訊學系,206,10,01 新北市
華梵大學,工業工程與經營資訊學系,16,0,01 新北市
義守大學,會計(與)(資訊)(科技)(系統)學系,215,8,12 高雄市
義守大學,工業管理(與經營資訊)學系,13,0,12 高雄市
義守大學,工業管理(與經營資訊)學系,17,0,12 高雄市
義守大學,工業管理(與經營資訊)學系,292,13,12 高雄市
義守大學,工業管理(與經營資訊)學系,74,0,12 高雄市
義守大學,工業管理(與經營資訊)學系,44,0,12 高雄市
義守大學,資訊管理(技術)學系,14,0,12 高雄市
義守大學,資訊管理(技術)學系,386,18,12 高雄市
義守大學,資訊管理(技術)學系,102,0,12 高雄市
義守大學,資訊管理(技術)學系,136,0,12 高雄市
義守大學,資訊工程學系,42,0,12 高雄市
義守大學,資訊工程學系,34,0,12 高雄市
義守大學,資訊工程學系,477,18,12 高雄市
義守大學,資訊工程學系,21,0,12 高雄市
義守大學,資訊工程學系,43,0,12 高雄市
世新大學,資訊傳播(工程)(設計)學系,19,0,30 臺北市
世新大學,資訊傳播(工程)(設計)學系,250,10,30 臺北市
世新大學,資訊傳播(工程)(設計)學系,31,0,30 臺北市
世新大學,資訊管理(技術)學系,33,0,30 臺北市
世新大學,資訊管理(技術)學系,841,24,30 臺北市
世新大學,資訊管理(技術)學系,61,0,30 臺北市
世新大學,資訊類產業研發專班,64,0,30 臺北市
銘傳大學,資訊傳播(工程)(設計)學系,26,0,30 臺北市
銘傳大學,資訊傳播(工程)(設計)學系,463,16,30 臺北市
銘傳大學,會計(與)(資訊)(科技)(系統)學系,23,0,30 臺北市
銘傳大學,會計(與)(資訊)(科技)(系統)學系,861,20,30 臺北市
銘傳大學,會計(與)(資訊)(科技)(系統)學系,11,0,30 臺北市
銘傳大學,醫療資訊(與)管理學系,5,0,30 臺北市
銘傳大學,醫療資訊(與)管理學系,382,10,30 臺北市
銘傳大學,應用統計(資訊)學系,0,0,30 臺北市
銘傳大學,應用統計(資訊)學系,0,0,30 臺北市
銘傳大學,資訊管理(技術)學系,12,0,30 臺北市
銘傳大學,資訊管理(技術)學系,706,25,30 臺北市
銘傳大學,資訊管理(技術)學系,49,0,30 臺北市
銘傳大學,資訊(科技)(與)應用學系,53,2,30 臺北市
銘傳大學,資訊工程學系,29,0,30 臺北市
銘傳大學,資訊工程學系,428,18,30 臺北市
實踐大學,會計(與)(資訊)(科技)(系統)學系,454,11,30 臺北市
實踐大學,會計(與)(資訊)(科技)(系統)學系,79,0,30 臺北市
實踐大學,資訊科技與管理系,17,0,30 臺北市
實踐大學,資訊科技與管理系,427,13,30 臺北市
實踐大學,資訊科技與管理系,10,0,30 臺北市
實踐大學,資訊管理(技術)學系,295,10,30 臺北市
實踐大學,資訊模擬與設計學系,415,9,30 臺北市
實踐大學,資訊科技與(行動)通訊學系,313,9,30 臺北市
朝陽科技大學,會計(與)(資訊)(科技)(系統)學系,17,0,06 臺中市
朝陽科技大學,會計(與)(資訊)(科技)(系統)學系,658,14,06 臺中市
朝陽科技大學,會計(與)(資訊)(科技)(系統)學系,1,0,06 臺中市
朝陽科技大學,資訊管理(技術)學系,18,0,06 臺中市
朝陽科技大學,資訊管理(技術)學系,58,0,06 臺中市
朝陽科技大學,資訊管理(技術)學系,658,24,06 臺中市
朝陽科技大學,資訊管理(技術)學系,2,0,06 臺中市
朝陽科技大學,資訊管理(技術)學系,20,0,06 臺中市
朝陽科技大學,資訊管理(技術)學系,149,1,06 臺中市
朝陽科技大學,資訊類產業研發專班,3,0,06 臺中市
朝陽科技大學,資訊工程學系,47,0,06 臺中市
朝陽科技大學,資訊工程學系,493,17,06 臺中市
朝陽科技大學,資訊工程學系,1,0,06 臺中市
朝陽科技大學,資訊工程學系,11,0,06 臺中市
朝陽科技大學,資訊工程學系,119,1,06 臺中市
朝陽科技大學,資訊與(網路)通訊系,41,0,06 臺中市
朝陽科技大學,資訊與(網路)通訊系,486,15,06 臺中市
朝陽科技大學,資訊與(網路)通訊系,74,0,06 臺中市
高雄醫學大學,醫務管理暨醫療資訊學系,25,0,50 高雄市
高雄醫學大學,醫務管理暨醫療資訊學系,217,13,50 高雄市
高雄醫學大學,醫務管理暨醫療資訊學系,50,0,50 高雄市
南華大學,會計(與)(資訊)(科技)(系統)學系,0,1,10 嘉義縣
南華大學,資訊科技學系,100,0,10 嘉義縣
南華大學,資訊管理(技術)學系,23,0,10 嘉義縣
南華大學,資訊管理(技術)學系,244,14,10 嘉義縣
南華大學,資訊管理(技術)學系,57,0,10 嘉義縣
南華大學,資訊工程學系,248,8,10 嘉義縣
真理大學,人文與資訊學系,196,7,01 新北市
真理大學,會計(與)(資訊)(科技)(系統)學系,311,10,01 新北市
真理大學,工業管理(與經營資訊)學系,410,12,01 新北市
真理大學,資訊管理(技術)學系,361,12,01 新北市
真理大學,資訊管理(技術)學系,18,0,01 新北市
真理大學,資訊(科技)(與)應用學系,2,0,01 新北市
真理大學,資訊工程學系,21,0,01 新北市
真理大學,資訊工程學系,344,14,01 新北市
真理大學,運動資訊(與)傳播學系,241,6,01 新北市
大同大學,資訊經營學系,21,0,30 臺北市
大同大學,資訊經營學系,225,10,30 臺北市
大同大學,資訊經營學系,75,0,30 臺北市
大同大學,資訊工程學系,15,0,30 臺北市
大同大學,資訊工程學系,57,0,30 臺北市
大同大學,資訊工程學系,437,16,30 臺北市
大同大學,資訊工程學系,21,0,30 臺北市
南臺科技大學,資訊傳播(工程)(設計)學系,22,0,11 臺南市
南臺科技大學,資訊傳播(工程)(設計)學系,447,12,11 臺南市
南臺科技大學,資訊傳播(工程)(設計)學系,3,0,11 臺南市
南臺科技大學,資訊傳播(工程)(設計)學系,117,0,11 臺南市
南臺科技大學,會計(與)(資訊)(科技)(系統)學系,21,0,11 臺南市
南臺科技大學,會計(與)(資訊)(科技)(系統)學系,414,12,11 臺南市
南臺科技大學,管理(與)資訊學系,0,0,11 臺南市
南臺科技大學,管理(與)資訊學系,0,0,11 臺南市
南臺科技大學,管理(與)資訊學系,0,0,11 臺南市
南臺科技大學,管理(與)資訊學系,0,0,11 臺南市
南臺科技大學,工業管理與資訊系,19,0,11 臺南市
南臺科技大學,工業管理與資訊系,743,27,11 臺南市
南臺科技大學,工業管理與資訊系,31,0,11 臺南市
南臺科技大學,工業管理與資訊系,87,0,11 臺南市
南臺科技大學,資訊管理(技術)學系,30,0,11 臺南市
南臺科技大學,資訊管理(技術)學系,619,23,11 臺南市
南臺科技大學,資訊管理(技術)學系,36,0,11 臺南市
南臺科技大學,資訊管理(技術)學系,31,0,11 臺南市
南臺科技大學,資訊管理(技術)學系,131,0,11 臺南市
南臺科技大學,資訊工程學系,32,0,11 臺南市
南臺科技大學,資訊工程學系,447,16,11 臺南市
南臺科技大學,資訊工程學系,113,0,11 臺南市
崑山科技大學,資訊傳播(工程)(設計)學系,176,7,11 臺南市
崑山科技大學,資訊傳播(工程)(設計)學系,76,0,11 臺南市
崑山科技大學,會計(與)(資訊)(科技)(系統)學系,107,7,11 臺南市
崑山科技大學,會計(與)(資訊)(科技)(系統)學系,33,0,11 臺南市
崑山科技大學,資訊管理(技術)學系,22,0,11 臺南市
崑山科技大學,資訊管理(技術)學系,363,16,11 臺南市
崑山科技大學,資訊管理(技術)學系,25,0,11 臺南市
崑山科技大學,資訊管理(技術)學系,191,0,11 臺南市
崑山科技大學,資訊管理(技術)學系,25,0,11 臺南市
崑山科技大學,資訊工程學系,22,0,11 臺南市
崑山科技大學,資訊工程學系,359,14,11 臺南市
崑山科技大學,資訊工程學系,9,0,11 臺南市
崑山科技大學,資訊工程學系,75,0,11 臺南市
嘉南藥理大學,資訊管理(技術)學系,574,18,11 臺南市
嘉南藥理大學,資訊管理(技術)學系,172,1,11 臺南市
嘉南藥理大學,應用空間資訊系,17,0,11 臺南市
嘉南藥理大學,應用空間資訊系,604,19,11 臺南市
嘉南藥理大學,應用空間資訊系,50,0,11 臺南市
嘉南藥理大學,資訊多媒體應用學系,422,12,11 臺南市
嘉南藥理大學,資訊多媒體應用學系,79,0,11 臺南市
樹德科技大學,資訊管理(技術)學系,21,0,12 高雄市
樹德科技大學,資訊管理(技術)學系,410,15,12 高雄市
樹德科技大學,資訊管理(技術)學系,23,0,12 高雄市
樹德科技大學,資訊管理(技術)學系,79,0,12 高雄市
樹德科技大學,資訊工程學系,21,0,12 高雄市
樹德科技大學,資訊工程學系,437,14,12 高雄市
樹德科技大學,資訊工程學系,36,0,12 高雄市
樹德科技大學,資訊工程學系,85,0,12 高雄市
慈濟大學,醫學資訊學系,25,0,15 花蓮縣
慈濟大學,醫學資訊學系,186,13,15 花蓮縣
臺北醫學大學,醫學資訊學系,33,0,30 臺北市
臺北醫學大學,醫學資訊學系,26,13,30 臺北市
臺北醫學大學,醫學資訊學系,31,0,30 臺北市
中山醫學大學,醫學資訊學系,13,0,19 臺中市
中山醫學大學,醫學資訊學系,145,9,19 臺中市
龍華科技大學,工業管理(與經營資訊)學系,420,15,03 桃園市
龍華科技大學,工業管理(與經營資訊)學系,231,0,03 桃園市
龍華科技大學,資訊管理(技術)學系,28,0,03 桃園市
龍華科技大學,資訊管理(技術)學系,460,22,03 桃園市
龍華科技大學,資訊管理(技術)學系,1,0,03 桃園市
龍華科技大學,資訊管理(技術)學系,8,0,03 桃園市
龍華科技大學,資訊管理(技術)學系,211,0,03 桃園市
龍華科技大學,資訊管理(技術)學系,1,0,03 桃園市
龍華科技大學,資訊類產學專班,24,0,03 桃園市
龍華科技大學,(資訊)網路工程系,463,14,03 桃園市
龍華科技大學,(資訊)網路工程系,310,0,03 桃園市
輔英科技大學,資訊科技學系,179,6,12 高雄市
輔英科技大學,資訊管理(技術)學系,354,11,12 高雄市
輔英科技大學,資訊管理(技術)學系,121,0,12 高雄市
明新科技大學,資訊管理(技術)學系,30,0,04 新竹縣
明新科技大學,資訊管理(技術)學系,431,21,04 新竹縣
明新科技大學,資訊管理(技術)學系,191,0,04 新竹縣
明新科技大學,資訊類產學專班,54,0,04 新竹縣
明新科技大學,資訊類產學專班,4,0,04 新竹縣
明新科技大學,資訊工程學系,463,15,04 新竹縣
明新科技大學,資訊工程學系,101,1,04 新竹縣
長榮大學,會計(與)(資訊)(科技)(系統)學系,467,16,11 臺南市
長榮大學,資訊管理(技術)學系,12,0,11 臺南市
長榮大學,資訊管理(技術)學系,371,12,11 臺南市
長榮大學,資訊工程學系,279,9,11 臺南市
弘光科技大學,資訊管理(技術)學系,376,10,06 臺中市
弘光科技大學,資訊管理(技術)學系,1,0,06 臺中市
弘光科技大學,資訊管理(技術)學系,188,0,06 臺中市
弘光科技大學,資訊工程學系,345,8,06 臺中市
弘光科技大學,資訊工程學系,142,2,06 臺中市
健行科技大學,工業管理(與經營資訊)學系,24,0,03 桃園市
健行科技大學,工業管理(與經營資訊)學系,331,15,03 桃園市
健行科技大學,工業管理(與經營資訊)學系,0,0,03 桃園市
健行科技大學,工業管理(與經營資訊)學系,141,1,03 桃園市
健行科技大學,資訊管理(技術)學系,26,0,03 桃園市
健行科技大學,資訊管理(技術)學系,553,18,03 桃園市
健行科技大學,資訊管理(技術)學系,38,0,03 桃園市
健行科技大學,資訊管理(技術)學系,224,0,03 桃園市
健行科技大學,資訊管理(技術)學系,36,0,03 桃園市
健行科技大學,應用空間資訊系,139,8,03 桃園市
健行科技大學,資訊工程學系,37,0,03 桃園市
健行科技大學,資訊工程學系,653,27,03 桃園市
健行科技大學,資訊工程學系,132,0,03 桃園市
正修科技大學,資訊管理(技術)學系,19,0,12 高雄市
正修科技大學,資訊管理(技術)學系,381,20,12 高雄市
正修科技大學,資訊管理(技術)學系,23,0,12 高雄市
正修科技大學,資訊管理(技術)學系,405,0,12 高雄市
正修科技大學,資訊管理(技術)學系,61,0,12 高雄市
正修科技大學,資訊類產業研發專班,8,0,12 高雄市
正修科技大學,資訊工程學系,21,0,12 高雄市
正修科技大學,資訊工程學系,429,15,12 高雄市
正修科技大學,資訊工程學系,312,1,12 高雄市
正修科技大學,土木與空間資訊系,26,0,12 高雄市
正修科技大學,土木與空間資訊系,431,21,12 高雄市
正修科技大學,土木與空間資訊系,157,0,12 高雄市
萬能科技大學,工業管理(與經營資訊)學系,237,8,03 桃園市
萬能科技大學,工業管理(與經營資訊)學系,183,1,03 桃園市
萬能科技大學,工業管理(與經營資訊)學系,129,0,03 桃園市
萬能科技大學,資訊管理(技術)學系,16,0,03 桃園市
萬能科技大學,資訊管理(技術)學系,347,16,03 桃園市
萬能科技大學,資訊管理(技術)學系,22,0,03 桃園市
萬能科技大學,資訊管理(技術)學系,32,0,03 桃園市
萬能科技大學,資訊管理(技術)學系,0,0,03 桃園市
萬能科技大學,資訊工程學系,286,13,03 桃園市
萬能科技大學,資訊工程學系,31,1,03 桃園市
玄奘大學,(數位)圖書資訊學系,1,0,18 新竹市
玄奘大學,資訊管理(技術)學系,23,0,18 新竹市
玄奘大學,資訊管理(技術)學系,107,11,18 新竹市
玄奘大學,資訊管理(技術)學系,13,0,18 新竹市
建國科技大學,資訊管理(技術)學系,419,14,07 彰化縣
建國科技大學,資訊管理(技術)學系,129,0,07 彰化縣
建國科技大學,資訊與(網路)通訊系,251,10,07 彰化縣
高苑科技大學,資訊傳播(工程)(設計)學系,208,9,12 高雄市
高苑科技大學,資訊傳播(工程)(設計)學系,52,2,12 高雄市
高苑科技大學,資訊管理(技術)學系,197,11,12 高雄市
高苑科技大學,資訊管理(技術)學系,0,0,12 高雄市
高苑科技大學,資訊管理(技術)學系,99,3,12 高雄市
高苑科技大學,資訊(科技)(與)應用學系,26,0,12 高雄市
高苑科技大學,資訊(科技)(與)應用學系,206,10,12 高雄市
高苑科技大學,資訊(科技)(與)應用學系,54,0,12 高雄市
大仁科技大學,資訊工程與娛樂科技系,105,8,13 屏東縣
大仁科技大學,資訊應用與管理系,102,11,13 屏東縣
大仁科技大學,資訊應用與管理系,52,0,13 屏東縣
聖約翰科技大學,資訊管理(技術)學系,213,10,01 新北市
聖約翰科技大學,資訊管理(技術)學系,3,0,01 新北市
聖約翰科技大學,醫護資訊學位學程,76,1,01 新北市
聖約翰科技大學,電子與資訊科,76,0,01 新北市
聖約翰科技大學,資訊工程學系,29,0,01 新北市
聖約翰科技大學,資訊工程學系,340,16,01 新北市
聖約翰科技大學,資訊工程學系,5,0,01 新北市
聖約翰科技大學,資訊與(網路)通訊系,23,0,01 新北市
聖約翰科技大學,資訊與(網路)通訊系,221,10,01 新北市
嶺東科技大學,會計(與)(資訊)(科技)(系統)學系,190,7,19 臺中市
嶺東科技大學,資訊科技學系,24,0,19 臺中市
嶺東科技大學,資訊科技學系,374,12,19 臺中市
嶺東科技大學,資訊科技學系,158,1,19 臺中市
嶺東科技大學,資訊管理(技術)學系,15,0,19 臺中市
嶺東科技大學,資訊管理(技術)學系,595,19,19 臺中市
嶺東科技大學,資訊管理(技術)學系,11,0,19 臺中市
嶺東科技大學,資訊管理(技術)學系,168,0,19 臺中市
嶺東科技大學,資訊網路(技術)系,393,12,19 臺中市
嶺東科技大學,資訊網路(技術)系,122,0,19 臺中市
中國科技大學,會計(與)(資訊)(科技)(系統)學系,167,8,30 臺北市
中國科技大學,會計(與)(資訊)(科技)(系統)學系,8,0,30 臺北市
中國科技大學,資訊管理(技術)學系,603,25,30 臺北市
中國科技大學,資訊管理(技術)學系,183,1,30 臺北市
中國科技大學,資訊工程學系,146,9,30 臺北市
中國科技大學,資訊工程學系,13,1,30 臺北市
中臺科技大學,資訊管理(技術)學系,424,16,19 臺中市
中臺科技大學,資訊管理(技術)學系,128,0,19 臺中市
亞洲大學,資訊傳播(工程)(設計)學系,12,0,06 臺中市
亞洲大學,資訊傳播(工程)(設計)學系,478,11,06 臺中市
亞洲大學,會計(與)(資訊)(科技)(系統)學系,16,0,06 臺中市
亞洲大學,會計(與)(資訊)(科技)(系統)學系,265,11,06 臺中市
亞洲大學,資訊工程學系,18,0,06 臺中市
亞洲大學,資訊工程學系,38,0,06 臺中市
亞洲大學,資訊工程學系,344,19,06 臺中市
亞洲大學,資訊工程學系,67,0,06 臺中市
亞洲大學,生物資訊與醫學工程學系,16,0,06 臺中市
亞洲大學,生物資訊與醫學工程學系,13,0,06 臺中市
亞洲大學,生物資訊與醫學工程學系,153,12,06 臺中市
亞洲大學,生物資訊與醫學工程學系,34,0,06 臺中市
開南大學,資訊傳播(工程)(設計)學系,1,0,03 桃園市
開南大學,資訊傳播(工程)(設計)學系,307,8,03 桃園市
開南大學,會計(與)(資訊)(科技)(系統)學系,0,0,03 桃園市
開南大學,會計(與)(資訊)(科技)(系統)學系,154,9,03 桃園市
開南大學,資訊管理(技術)學系,1,0,03 桃園市
開南大學,資訊管理(技術)學系,303,19,03 桃園市
開南大學,資訊管理(技術)學系,16,0,03 桃園市
開南大學,資訊(電機)學院(不分系),23,0,03 桃園市
開南大學,資訊(電機)學院(不分系),32,0,03 桃園市
開南大學,資訊(電機)學院(不分系),88,0,03 桃園市
佛光大學,資訊(科技)(與)應用學系,23,0,02 宜蘭縣
佛光大學,資訊(科技)(與)應用學系,279,14,02 宜蘭縣
佛光大學,資訊(科技)(與)應用學系,23,0,02 宜蘭縣
台南應用科技大學,會計(與)(資訊)(科技)(系統)學系,117,7,11 臺南市
台南應用科技大學,資訊管理(技術)學系,361,13,11 臺南市
台南應用科技大學,資訊管理(技術)學系,0,0,11 臺南市
台南應用科技大學,資訊管理(技術)學系,85,0,11 臺南市
台南應用科技大學,資訊管理(技術)學系,23,0,11 臺南市
遠東科技大學,資訊管理(技術)學系,294,10,11 臺南市
遠東科技大學,資訊管理(技術)學系,0,0,11 臺南市
遠東科技大學,資訊工程學系,312,12,11 臺南市
元培醫事科技大學,資訊管理(技術)學系,24,0,18 新竹市
元培醫事科技大學,資訊管理(技術)學系,341,14,18 新竹市
元培醫事科技大學,資訊管理(技術)學系,96,0,18 新竹市
元培醫事科技大學,資訊工程學系,0,0,18 新竹市
元培醫事科技大學,資訊工程學系,0,0,18 新竹市
景文科技大學,會計(與)(資訊)(科技)(系統)學系,6,0,01 新北市
景文科技大學,資訊管理(技術)學系,572,15,01 新北市
景文科技大學,資訊管理(技術)學系,0,0,01 新北市
景文科技大學,資訊管理(技術)學系,66,1,01 新北市
景文科技大學,資訊工程學系,166,7,01 新北市
景文科技大學,資訊工程學系,33,0,01 新北市
中華醫事科技大學,數位設計與資訊管理系,283,10,11 臺南市
中華醫事科技大學,數位設計與資訊管理系,48,0,11 臺南市
中華醫事科技大學,資訊管理(技術)學系,0,0,11 臺南市
中華醫事科技大學,資訊管理(技術)學系,0,0,11 臺南市
東南科技大學,工業管理(與經營資訊)學系,39,0,01 新北市
東南科技大學,工業管理(與經營資訊)學系,60,9,01 新北市
東南科技大學,資訊科技學系,218,13,01 新北市
東南科技大學,資訊管理(技術)學系,215,13,01 新北市
東南科技大學,資訊管理(技術)學系,49,0,01 新北市
東南科技大學,資訊管理(技術)學系,21,0,01 新北市
德明財經科技大學,會計(與)(資訊)(科技)(系統)學系,622,15,30 臺北市
德明財經科技大學,會計(與)(資訊)(科技)(系統)學系,0,0,30 臺北市
德明財經科技大學,資訊科技學系,432,11,30 臺北市
德明財經科技大學,資訊科技學系,3,0,30 臺北市
德明財經科技大學,資訊管理(技術)學系,444,17,30 臺北市
德明財經科技大學,資訊管理(技術)學系,33,0,30 臺北市
德明財經科技大學,資訊管理(技術)學系,108,0,30 臺北市
德明財經科技大學,資訊管理(技術)學系,19,0,30 臺北市
明道大學,資訊傳播(工程)(設計)學系,7,0,07 彰化縣
明道大學,資訊傳播(工程)(設計)學系,147,9,07 彰化縣
明道大學,資訊傳播(工程)(設計)學系,39,0,07 彰化縣
南開科技大學,工業管理(與經營資訊)學系,145,9,08 南投縣
南開科技大學,工業管理(與經營資訊)學系,2,0,08 南投縣
南開科技大學,資訊管理(技術)學系,142,7,08 南投縣
南開科技大學,資訊管理(技術)學系,71,0,08 南投縣
南開科技大學,電機與資訊技術系,202,16,08 南投縣
南開科技大學,電機與資訊技術系,30,0,08 南投縣
南開科技大學,電機與資訊技術科,380,0,08 南投縣
南開科技大學,電機與資訊技術系,73,0,08 南投縣
中華科技大學,資訊管理(技術)學系,304,12,30 臺北市
中華科技大學,資訊管理(技術)學系,87,0,30 臺北市
中華科技大學,資訊管理(技術)學系,31,0,30 臺北市
中華科技大學,資訊類產學專班,0,0,30 臺北市
中華科技大學,資訊類產業研發專班,0,0,30 臺北市
中華科技大學,資訊工程學系,202,10,30 臺北市
中華科技大學,資訊工程學系,4,0,30 臺北市
僑光科技大學,會計(與)(資訊)(科技)(系統)學系,6,0,19 臺中市
僑光科技大學,會計(與)(資訊)(科技)(系統)學系,10,0,19 臺中市
僑光科技大學,資訊科技學系,1,0,19 臺中市
僑光科技大學,資訊科技學系,338,16,19 臺中市
僑光科技大學,資訊科技學系,339,1,19 臺中市
僑光科技大學,資訊管理(技術)學系,8,0,19 臺中市
僑光科技大學,資訊管理科,7,0,19 臺中市
僑光科技大學,資訊管理(技術)學系,11,0,19 臺中市
育達科技大學,財務資訊與金融系,23,0,05 苗栗縣
育達科技大學,資訊管理(技術)學系,36,0,05 苗栗縣
育達科技大學,資訊管理(技術)學系,249,13,05 苗栗縣
育達科技大學,資訊管理(技術)學系,45,0,05 苗栗縣
育達科技大學,資訊管理(技術)學系,261,1,05 苗栗縣
美和科技大學,資訊科技學系,144,7,13 屏東縣
美和科技大學,資訊科技學系,27,0,13 屏東縣
美和科技大學,資訊管理(技術)學系,197,12,13 屏東縣
美和科技大學,資訊管理(技術)學系,75,1,13 屏東縣
美和科技大學,資訊管理科,6,0,13 屏東縣
吳鳳科技大學,資訊管理(技術)學系,95,7,10 嘉義縣
吳鳳科技大學,資訊管理(技術)學系,56,0,10 嘉義縣
吳鳳科技大學,資訊管理科,0,0,10 嘉義縣
吳鳳科技大學,資訊工程學系,150,7,10 嘉義縣
吳鳳科技大學,資訊工程學系,15,1,10 嘉義縣
環球科技大學,(資訊與)電子商務學系,0,0,09 雲林縣
環球科技大學,資訊與電子商務管理系,183,12,09 雲林縣
環球科技大學,資訊與電子商務管理系,205,1,09 雲林縣
環球科技大學,資訊與電子商務管理科,44,0,09 雲林縣
環球科技大學,資訊管理(技術)學系,0,0,09 雲林縣
環球科技大學,資訊管理(技術)學系,0,0,09 雲林縣
環球科技大學,資訊管理科,0,0,09 雲林縣
台灣首府大學,工業管理(與經營資訊)學系,0,0,11 臺南市
台灣首府大學,工業管理(與經營資訊)學系,0,0,11 臺南市
台灣首府大學,休閒資訊管理學系,168,7,11 臺南市
台灣首府大學,休閒資訊管理學系,48,0,11 臺南市
台灣首府大學,資訊與多媒體設計學系,175,7,11 臺南市
台灣首府大學,資訊與多媒體設計學系,28,0,11 臺南市
中州科技大學,資訊管理(技術)學系,71,8,07 彰化縣
中州科技大學,資訊管理(技術)學系,58,0,07 彰化縣
中州科技大學,資訊管理(技術)學系,79,0,07 彰化縣
修平科技大學,資訊管理(技術)學系,310,13,06 臺中市
修平科技大學,資訊管理(技術)學系,104,1,06 臺中市
修平科技大學,資訊網路(技術)系,414,11,06 臺中市
修平科技大學,資訊網路(技術)系,3,0,06 臺中市
臺北城市科技大學,資訊管理(技術)學系,27,0,30 臺北市
臺北城市科技大學,資訊管理(技術)學系,383,17,30 臺北市
臺北城市科技大學,資訊管理(技術)學系,2,0,30 臺北市
臺北城市科技大學,資訊工程學系,451,23,30 臺北市
臺北城市科技大學,資訊工程科,360,0,30 臺北市
大華科技大學,資訊管理(技術)學系,103,9,04 新竹縣
大華科技大學,資訊管理(技術)學系,30,0,04 新竹縣
大華科技大學,資訊管理科,133,0,04 新竹縣
大華科技大學,資訊管理(技術)學系,21,0,04 新竹縣
大華科技大學,資訊管理科,61,0,04 新竹縣
醒吾科技大學,資訊傳播(工程)(設計)學系,404,13,01 新北市
醒吾科技大學,資訊傳播(工程)(設計)學系,1,0,01 新北市
醒吾科技大學,資訊傳播(工程)(設計)學系,91,0,01 新北市
醒吾科技大學,資訊科技學系,29,0,01 新北市
醒吾科技大學,資訊管理(技術)學系,260,13,01 新北市
醒吾科技大學,資訊管理(技術)學系,132,2,01 新北市
醒吾科技大學,資訊(科技)(與)應用學系,11,0,01 新北市
醒吾科技大學,資訊(科技)(與)應用學系,169,12,01 新北市
醒吾科技大學,資訊(科技)(與)應用學系,48,1,01 新北市
南榮科技大學,資訊科技學系,119,7,11 臺南市
南榮科技大學,資訊科技學系,64,0,11 臺南市
南榮科技大學,資訊管理(技術)學系,74,7,11 臺南市
南榮科技大學,資訊管理科,54,0,11 臺南市
南榮科技大學,資訊管理(技術)學系,115,0,11 臺南市
南榮科技大學,資訊管理(技術)學系,0,0,11 臺南市
南榮科技大學,資訊管理科,75,0,11 臺南市
華夏科技大學,資訊管理(技術)學系,189,17,01 新北市
華夏科技大學,資訊管理(技術)學系,48,0,01 新北市
華夏科技大學,資訊管理科,230,0,01 新北市
華夏科技大學,資訊管理(技術)學系,36,0,01 新北市
華夏科技大學,資訊管理(技術)學系,88,1,01 新北市
華夏科技大學,資訊管理(技術)學系,47,0,01 新北市
華夏科技大學,資訊管理科,39,0,01 新北市
華夏科技大學,資訊工程學系,252,8,01 新北市
華夏科技大學,資訊工程學系,71,0,01 新北市
慈濟科技大學,資訊科技與管理系,307,12,15 花蓮縣
致理科技大學,會計(與)(資訊)(科技)(系統)學系,663,23,01 新北市
致理科技大學,會計(與)(資訊)(科技)(系統)學系,2,0,01 新北市
致理科技大學,會計(資訊)科,267,0,01 新北市
致理科技大學,會計(與)(資訊)(科技)(系統)學系,168,1,01 新北市
致理科技大學,資訊管理(技術)學系,649,19,01 新北市
致理科技大學,資訊管理(技術)學系,5,0,01 新北市
致理科技大學,資訊管理科,2,0,01 新北市
致理科技大學,資訊管理(技術)學系,227,0,01 新北市
致理科技大學,資訊網路(技術)系,1,0,01 新北市
康寧大學,資訊傳播(工程)(設計)學系,19,0,30 臺北市
康寧大學,資訊傳播(工程)(設計)學系,93,6,30 臺北市
康寧大學,資訊傳播(工程)(設計)學系,32,0,30 臺北市
康寧大學,資訊傳播(工程)(設計)學系,13,0,30 臺北市
康寧大學,資訊管理科,412,10,30 臺北市
康寧大學,資訊管理科,0,0,30 臺北市
中信金融管理學院,管理(與)資訊學系,0,0,21 臺南市
中信金融管理學院,管理(與)資訊學系,1,0,21 臺南市
和春技術學院,資訊管理(技術)學系,38,5,12 高雄市
和春技術學院,資訊管理(技術)學系,15,0,12 高雄市
和春技術學院,資訊管理科,59,0,12 高雄市
和春技術學院,資訊管理(技術)學系,72,3,12 高雄市
和春技術學院,資訊管理(技術)學系,61,0,12 高雄市
和春技術學院,資訊管理科,153,0,12 高雄市
和春技術學院,資訊工程學系,47,7,12 高雄市
和春技術學院,資訊工程科,51,0,12 高雄市
和春技術學院,資訊工程學系,12,0,12 高雄市
和春技術學院,資訊工程學系,14,0,12 高雄市
和春技術學院,資訊工程科,5,0,12 高雄市
亞東技術學院,工業管理(與經營資訊)學系,356,11,01 新北市
亞東技術學院,工業管理(與經營資訊)學系,0,0,01 新北市
亞東技術學院,資訊管理(技術)學系,341,11,01 新北市
亞東技術學院,資訊管理(技術)學系,0,0,01 新北市
南亞技術學院,資訊管理(技術)學系,117,6,03 桃園市
南亞技術學院,資訊管理(技術)學系,94,1,03 桃園市
南亞技術學院,資訊工程學系,114,7,03 桃園市
南亞技術學院,資訊工程學系,12,0,03 桃園市
德霖技術學院,資訊工程學系,229,7,01 新北市
德霖技術學院,資訊工程科,47,0,01 新北市
德霖技術學院,資訊工程學系,136,0,01 新北市
德霖技術學院,資訊工程科,31,0,01 新北市
蘭陽技術學院,資訊管理(技術)學系,25,7,02 宜蘭縣
蘭陽技術學院,資訊管理(技術)學系,0,0,02 宜蘭縣
蘭陽技術學院,資訊管理科,21,0,02 宜蘭縣
蘭陽技術學院,資訊管理科,1,0,02 宜蘭縣
黎明技術學院,資訊科技學系,122,7,01 新北市
黎明技術學院,資訊科技學系,20,0,01 新北市
黎明技術學院,資訊管理(技術)學系,166,7,01 新北市
黎明技術學院,資訊管理(技術)學系,96,0,01 新北市
東方設計學院,電子與資訊(工程)系,5,0,12 高雄市
東方設計學院,電子與資訊(工程)系,0,0,12 高雄市
經國管理暨健康學院,資訊多媒體應用學系,157,7,17 基隆市
崇右技術學院,資訊法律系,1,0,17 基隆市
崇右技術學院,資訊管理(技術)學系,3,0,17 基隆市
崇右技術學院,資訊管理科,5,0,17 基隆市
台北海洋技術學院,資訊科技與(行動)通訊學系,10,0,01 新北市
台北海洋技術學院,資訊科技與(行動)通訊科,69,6,01 新北市
樹人醫護管理專科學校,資訊管理科,230,9,12 高雄市
耕莘健康管理專科學校,資訊管理科,0,0,01 新北市
高美醫護管理專科學校,資訊管理科,137,3,12 高雄市
聖母醫護管理專科學校,資訊管理科,235,6,02 宜蘭縣
臺北市立大學,資訊科學學系,36,0,30 臺北市
臺北市立大學,資訊科學學系,170,10,30 臺北市
臺北市立大學,資訊科學學系,53,0,30 臺北市
國立政治大學,圖書資訊與檔案學研究所,11,0,30 臺北市
國立政治大學,圖書資訊與檔案學研究所,53,6,30 臺北市
國立政治大學,圖書資訊與檔案學研究所圖書資訊學數位碩士在職專班,63,0,30 臺北市
國立政治大學,資訊管理學系,58,0,30 臺北市
國立政治大學,資訊管理學系,84,0,30 臺北市
國立政治大學,資訊管理學系,334,23,30 臺北市
國立政治大學,資訊科學系,12,0,30 臺北市
國立政治大學,資訊科學系,109,0,30 臺北市
國立政治大學,資訊科學系,206,18,30 臺北市
國立政治大學,資訊科學系,80,0,30 臺北市
國立清華大學,生物資訊與結構生物研究所,64,0,18 新竹市
國立清華大學,生物資訊與結構生物研究所,53,9,18 新竹市
國立清華大學,資訊工程學系,72,0,18 新竹市
國立清華大學,資訊工程學系,352,0,18 新竹市
國立清華大學,資訊工程學系,579,43,18 新竹市
國立清華大學,資訊系統與應用研究所,18,0,18 新竹市
國立清華大學,資訊系統與應用研究所,109,0,18 新竹市
國立清華大學,電機資訊學院學士班,114,0,18 新竹市
國立臺灣大學,圖書資訊學系,19,0,30 臺北市
國立臺灣大學,圖書資訊學系,61,0,30 臺北市
國立臺灣大學,圖書資訊學系,210,14,30 臺北市
國立臺灣大學,生物資訊學國際研究生博士學位學程,1,0,30 臺北市
國立臺灣大學,資訊管理學系,17,0,30 臺北市
國立臺灣大學,資訊管理學系,118,0,30 臺北市
國立臺灣大學,資訊管理學系,209,14,30 臺北市
國立臺灣大學,資訊網路與多媒體研究所,40,0,30 臺北市
國立臺灣大學,資訊網路與多媒體研究所,96,8,30 臺北市
國立臺灣大學,資訊工程學系,111,0,30 臺北市
國立臺灣大學,資訊工程學系,332,0,30 臺北市
國立臺灣大學,資訊工程學系,526,28,30 臺北市
國立臺灣大學,資訊工程學系,16,0,30 臺北市
國立臺灣大學,生醫電子與資訊學研究所,74,0,30 臺北市
國立臺灣大學,生醫電子與資訊學研究所,105,8,30 臺北市
國立臺灣大學,生醫電子與資訊學研究所,1,0,30 臺北市
國立臺灣師範大學,資訊教育研究所,20,0,30 臺北市
國立臺灣師範大學,資訊教育研究所,39,7,30 臺北市
國立臺灣師範大學,資訊教育研究所,0,0,30 臺北市
國立臺灣師範大學,圖書資訊學研究所,12,0,30 臺北市
國立臺灣師範大學,圖書資訊學研究所,52,7,30 臺北市
國立臺灣師範大學,圖書資訊學研究所,28,0,30 臺北市
國立臺灣師範大學,資訊工程學系,18,0,30 臺北市
國立臺灣師範大學,資訊工程學系,144,0,30 臺北市
國立臺灣師範大學,資訊工程學系,202,14,30 臺北市
國立成功大學,工業與資訊管理學系,24,0,21 臺南市
國立成功大學,工業與資訊管理學系,88,0,21 臺南市
國立成功大學,工業與資訊管理學系,250,15,21 臺南市
國立成功大學,工業與資訊管理學系,98,0,21 臺南市
國立成功大學,生物資訊與訊息傳遞研究所,0,0,21 臺南市
國立成功大學,生物資訊與訊息傳遞研究所,0,0,21 臺南市
國立成功大學,資訊管理研究所,13,0,21 臺南市
國立成功大學,資訊管理研究所,47,7,21 臺南市
國立成功大學,資訊工程學系,58,0,21 臺南市
國立成功大學,資訊工程學系,278,0,21 臺南市
國立成功大學,資訊工程學系,460,27,21 臺南市
國立成功大學,醫學資訊研究所,35,5,21 臺南市
國立成功大學,製造資訊與系統研究所,27,0,21 臺南市
國立成功大學,製造資訊與系統研究所,66,7,21 臺南市
國立成功大學,測量及空間資訊學系,28,0,21 臺南市
國立成功大學,測量及空間資訊學系,62,0,21 臺南市
國立成功大學,測量及空間資訊學系,202,16,21 臺南市
國立中興大學,圖書資訊學研究所,38,4,19 臺中市
國立中興大學,基因體暨生物資訊學研究所,22,7,19 臺中市
國立中興大學,資訊管理學系,80,0,19 臺中市
國立中興大學,資訊管理學系,149,11,19 臺中市
國立中興大學,資訊管理學系,53,0,19 臺中市
國立中興大學,資訊科學與工程學系,37,0,19 臺中市
國立中興大學,資訊科學與工程學系,132,0,19 臺中市
國立中興大學,資訊科學與工程學系,185,19,19 臺中市
國立中興大學,資訊科學與工程學系,98,0,19 臺中市
國立交通大學,資訊管理與財務金融學系,58,0,18 新竹市
國立交通大學,資訊管理與財務金融學系,178,0,18 新竹市
國立交通大學,資訊管理與財務金融學系,172,21,18 新竹市
國立交通大學,生物資訊及系統生物研究所,35,0,18 新竹市
國立交通大學,生物資訊及系統生物研究所,36,6,18 新竹市
國立交通大學,網路與資訊系統博士學位學程,8,0,18 新竹市
國立交通大學,資訊工程學系,797,20,18 新竹市
國立交通大學,資訊科學與工程研究所,153,0,18 新竹市
國立交通大學,資訊科學與工程研究所,420,27,18 新竹市
國立交通大學,電機資訊國際博士學位學程,73,0,18 新竹市
國立交通大學,電機資訊國際碩士學位學程,71,0,18 新竹市
國立交通大學,電機資訊學士班,109,0,18 新竹市
國立交通大學,資訊學院碩士在職專班,99,0,18 新竹市
國立中央大學,資訊管理學系,24,0,03 桃園市
國立中央大學,資訊管理學系,113,0,03 桃園市
國立中央大學,資訊管理學系,425,20,03 桃園市
國立中央大學,資訊管理學系,67,0,03 桃園市
國立中央大學,資訊工程學系,84,0,03 桃園市
國立中央大學,資訊工程學系,277,0,03 桃園市
國立中央大學,資訊工程學系,475,27,03 桃園市
國立中央大學,資訊工程學系,91,0,03 桃園市
國立中山大學,資訊管理學系,28,0,50 高雄市
國立中山大學,資訊管理學系,109,0,50 高雄市
國立中山大學,資訊管理學系,200,19,50 高雄市
國立中山大學,資訊管理學系,87,0,50 高雄市
國立中山大學,資訊工程學系,17,0,50 高雄市
國立中山大學,資訊工程學系,205,0,50 高雄市
國立中山大學,資訊工程學系,235,19,50 高雄市
國立臺灣海洋大學,海洋環境資訊系,10,0,17 基隆市
國立臺灣海洋大學,海洋環境資訊系,18,0,17 基隆市
國立臺灣海洋大學,海洋環境資訊系,196,13,17 基隆市
國立臺灣海洋大學,海洋環境資訊系,23,0,17 基隆市
國立臺灣海洋大學,資訊工程學系,8,0,17 基隆市
國立臺灣海洋大學,資訊工程學系,114,0,17 基隆市
國立臺灣海洋大學,資訊工程學系,463,28,17 基隆市
國立臺灣海洋大學,資訊工程學系,27,0,17 基隆市
國立中正大學,會計與資訊科技學系,19,0,10 嘉義縣
國立中正大學,會計與資訊科技學系,65,0,10 嘉義縣
國立中正大學,會計與資訊科技學系,224,13,10 嘉義縣
國立中正大學,會計與資訊科技學系,108,0,10 嘉義縣
國立中正大學,資訊管理學系,25,0,10 嘉義縣
國立中正大學,資訊管理學系,109,0,10 嘉義縣
國立中正大學,資訊管理學系,183,13,10 嘉義縣
國立中正大學,資訊管理學系,83,0,10 嘉義縣
國立中正大學,資訊工程學系,20,0,10 嘉義縣
國立中正大學,資訊工程學系,256,0,10 嘉義縣
國立中正大學,資訊工程學系,386,27,10 嘉義縣
國立中正大學,資訊工程學系,67,0,10 嘉義縣
國立彰化師範大學,統計資訊研究所,17,5,07 彰化縣
國立彰化師範大學,資訊管理學系,51,0,07 彰化縣
國立彰化師範大學,資訊管理學系,200,11,07 彰化縣
國立彰化師範大學,資訊管理學系創新與管理碩士在職專班,66,0,07 彰化縣
國立彰化師範大學,資訊工程學系,48,0,07 彰化縣
國立彰化師範大學,資訊工程學系,174,13,07 彰化縣
國立彰化師範大學,資訊工程學系資訊科技應用教學碩士學位班,5,0,07 彰化縣
國立陽明大學,生物醫學資訊研究所,43,0,30 臺北市
國立陽明大學,生物醫學資訊研究所,52,11,30 臺北市
國立臺北大學,資訊管理研究所,32,5,01 新北市
國立臺北大學,資訊工程學系,61,0,01 新北市
國立臺北大學,資訊工程學系,199,11,01 新北市
國立臺北大學,電機資訊學院博士班,10,0,01 新北市
國立嘉義大學,資訊管理學系,24,0,20 嘉義市
國立嘉義大學,資訊管理學系,201,10,20 嘉義市
國立嘉義大學,資訊工程學系,7,0,20 嘉義市
國立嘉義大學,資訊工程學系,58,0,20 嘉義市
國立嘉義大學,資訊工程學系,206,15,20 嘉義市
國立嘉義大學,資訊工程學系,3,0,20 嘉義市
國立高雄大學,資訊管理學系,35,0,50 高雄市
國立高雄大學,資訊管理學系,187,10,50 高雄市
國立高雄大學,資訊管理學系,2,0,50 高雄市
國立高雄大學,資訊工程學系,36,0,50 高雄市
國立高雄大學,資訊工程學系,173,10,50 高雄市
國立高雄大學,資訊工程學系,17,0,50 高雄市
國立東華大學,資訊工程學系,15,0,15 花蓮縣
國立東華大學,資訊工程學系,110,0,15 花蓮縣
國立東華大學,資訊工程學系,314,19,15 花蓮縣
國立東華大學,資訊工程學系,15,0,15 花蓮縣
國立東華大學,資訊管理碩士學位學程,19,0,15 花蓮縣
國立東華大學,資訊管理學系,218,9,15 花蓮縣
國立暨南國際大學,資訊管理學系,59,0,08 南投縣
國立暨南國際大學,資訊管理學系,255,14,08 南投縣
國立暨南國際大學,資訊工程學系,12,0,08 南投縣
國立暨南國際大學,資訊工程學系,62,0,08 南投縣
國立暨南國際大學,資訊工程學系,234,16,08 南投縣
國立臺灣科技大學,資訊管理系,69,0,30 臺北市
國立臺灣科技大學,資訊管理系,143,0,30 臺北市
國立臺灣科技大學,資訊管理系,225,15,30 臺北市
國立臺灣科技大學,資訊管理系,9,0,30 臺北市
國立臺灣科技大學,資訊管理系,63,0,30 臺北市
國立臺灣科技大學,資訊工程系,40,0,30 臺北市
國立臺灣科技大學,資訊工程系,250,0,30 臺北市
國立臺灣科技大學,資訊工程系,291,25,30 臺北市
國立臺灣科技大學,資訊工程系,8,0,30 臺北市
國立臺灣科技大學,資訊工程系,5,0,30 臺北市
國立雲林科技大學,資訊管理系,27,0,09 雲林縣
國立雲林科技大學,資訊管理系,90,0,09 雲林縣
國立雲林科技大學,資訊管理系,241,17,09 雲林縣
國立雲林科技大學,資訊管理系,97,0,09 雲林縣
國立雲林科技大學,資訊管理系,22,0,09 雲林縣
國立雲林科技大學,資訊工程系,90,0,09 雲林縣
國立雲林科技大學,資訊工程系,259,10,09 雲林縣
國立雲林科技大學,資訊工程系,1,0,09 雲林縣
國立屏東科技大學,資訊管理系,50,0,13 屏東縣
國立屏東科技大學,資訊管理系,228,10,13 屏東縣
國立屏東科技大學,資訊管理系,27,0,13 屏東縣
國立臺北科技大學,資訊與財金管理系,52,0,30 臺北市
國立臺北科技大學,資訊與財金管理系,219,9,30 臺北市
國立臺北科技大學,資訊與財金管理系,8,0,30 臺北市
國立臺北科技大學,管理學院資訊與財金管理EMBA專班,70,0,30 臺北市
國立臺北科技大學,資訊與財金管理系,45,0,30 臺北市
國立臺北科技大學,資訊工程系,15,0,30 臺北市
國立臺北科技大學,資訊工程系,130,0,30 臺北市
國立臺北科技大學,資訊工程系,202,15,30 臺北市
國立臺北科技大學,資訊工程系,4,0,30 臺北市
國立高雄第一科技大學,會計資訊系,40,0,12 高雄市
國立高雄第一科技大學,會計資訊系,211,9,12 高雄市
國立高雄第一科技大學,會計資訊系,2,0,12 高雄市
國立高雄第一科技大學,會計資訊系,12,0,12 高雄市
國立高雄第一科技大學,資訊管理系,92,0,12 高雄市
國立高雄第一科技大學,資訊管理系,403,19,12 高雄市
國立高雄第一科技大學,資訊管理系,6,0,12 高雄市
國立高雄第一科技大學,資訊管理系,48,0,12 高雄市
國立高雄第一科技大學,電機資訊學院資通訊服務創新產業碩士專班,11,0,12 高雄市
國立高雄應用科技大學,金融系金融資訊碩士班,38,0,50 高雄市
國立高雄應用科技大學,金融系金融資訊碩士在職專班,69,0,50 高雄市
國立高雄應用科技大學,資訊管理系,37,0,50 高雄市
國立高雄應用科技大學,資訊管理系,380,15,50 高雄市
國立高雄應用科技大學,資訊工程系,234,9,50 高雄市
國立高雄應用科技大學,資訊工程系,26,0,50 高雄市
國立高雄應用科技大學,資訊工程系,33,0,50 高雄市
國立高雄應用科技大學,資訊管理系,64,0,50 高雄市
國立高雄應用科技大學,資訊管理系文化創意暨雲端商務管理產業碩士專班,0,0,50 高雄市
國立高雄應用科技大學,工業工程與管理系製造加值與資訊應用產業碩士專班,0,0,50 高雄市
國立臺東大學,資訊管理學系產業管理與數位行銷進修學士班,118,0,14 臺東縣
國立臺東大學,資訊管理學系,13,0,14 臺東縣
國立臺東大學,資訊管理學系,181,9,14 臺東縣
國立臺東大學,資訊管理學系環境經濟資訊管理碩士在職專班(暑期班),40,0,14 臺東縣
國立臺東大學,綠色與資訊科技學士學位學程,59,2,14 臺東縣
國立臺東大學,資訊工程學系,364,12,14 臺東縣
國立宜蘭大學,資訊工程學系,29,0,02 宜蘭縣
國立宜蘭大學,資訊工程學系,190,9,02 宜蘭縣
國立宜蘭大學,電機資訊學院碩士在職專班,24,0,02 宜蘭縣
國立聯合大學,資訊與社會研究所,1,0,05 苗栗縣
國立聯合大學,資訊管理學系,22,0,05 苗栗縣
國立聯合大學,資訊管理學系,342,13,05 苗栗縣
國立聯合大學,資訊工程學系,11,0,05 苗栗縣
國立聯合大學,資訊工程學系,168,10,05 苗栗縣
國立聯合大學,資訊工程學系,168,0,05 苗栗縣
國立虎尾科技大學,資訊管理系,46,0,09 雲林縣
國立虎尾科技大學,資訊管理系,208,12,09 雲林縣
國立虎尾科技大學,資訊管理系,18,0,09 雲林縣
國立虎尾科技大學,資訊管理系,198,0,09 雲林縣
國立虎尾科技大學,資訊工程系,64,0,09 雲林縣
國立虎尾科技大學,資訊工程系,426,15,09 雲林縣
國立高雄海洋科技大學,資訊管理系,7,0,50 高雄市
國立高雄海洋科技大學,資訊管理系,405,12,50 高雄市
國立高雄海洋科技大學,海事資訊科技系,13,0,50 高雄市
國立高雄海洋科技大學,海事資訊科技系,177,9,50 高雄市
國立高雄海洋科技大學,海事資訊科技系,28,0,50 高雄市
國立臺南大學,資訊工程學系,34,0,21 臺南市
國立臺南大學,資訊工程學系,168,9,21 臺南市
國立臺南大學,數位化資訊管理產業碩士專班,6,0,21 臺南市
國立臺北教育大學,數學暨資訊教育學系,34,0,30 臺北市
國立臺北教育大學,數學暨資訊教育學系,235,13,30 臺北市
國立臺北教育大學,數學暨資訊教育學系,40,0,30 臺北市
國立臺北教育大學,資訊科學系,32,0,30 臺北市
國立臺北教育大學,資訊科學系,163,10,30 臺北市
國立臺北教育大學,資訊科學系,46,0,30 臺北市
國立臺中教育大學,教育資訊與測驗統計研究所,38,0,19 臺中市
國立臺中教育大學,教育資訊與測驗統計研究所,38,8,19 臺中市
國立臺中教育大學,教育資訊與測驗統計研究所,31,0,19 臺中市
國立臺中教育大學,資訊工程學系,39,0,19 臺中市
國立臺中教育大學,資訊工程學系,195,10,19 臺中市
國立澎湖科技大學,資訊管理系,196,11,16 澎湖縣
國立澎湖科技大學,資訊管理系,143,0,16 澎湖縣
國立澎湖科技大學,資訊工程系,200,7,16 澎湖縣
國立勤益科技大學,資訊管理系,18,0,06 臺中市
國立勤益科技大學,資訊管理系,390,15,06 臺中市
國立勤益科技大學,資訊管理系研發科技與資訊管理碩士在職專班,22,0,06 臺中市
國立勤益科技大學,資訊管理系,167,0,06 臺中市
國立勤益科技大學,資訊工程系,39,0,06 臺中市
國立勤益科技大學,資訊工程系,578,15,06 臺中市
國立勤益科技大學,資訊工程系,26,0,06 臺中市
國立勤益科技大學,資訊工程系,188,0,06 臺中市
國立勤益科技大學,資訊工程系電資研發產業碩士專班,13,0,06 臺中市
國立勤益科技大學,資訊工程系電資研發與管理產業碩士專班,0,0,06 臺中市
國立勤益科技大學,資訊管理(學)系精密製造與資訊應用專班,1,0,06 臺中市
國立勤益科技大學,資訊管理(學)系研發管理與資訊應用產業碩士專班,44,0,06 臺中市
國立臺北護理健康大學,資訊管理系,43,0,30 臺北市
國立臺北護理健康大學,資訊管理系,341,9,30 臺北市
國立金門大學,資訊工程學系,179,8,71 金門縣
國立金門大學,資訊工程學系,70,0,71 金門縣
國立臺灣體育運動大學,運動資訊與傳播學系,200,7,19 臺中市
國立臺中科技大學,會計資訊系,21,0,19 臺中市
國立臺中科技大學,會計資訊系,395,22,19 臺中市
國立臺中科技大學,會計資訊系,100,0,19 臺中市
國立臺中科技大學,會計資訊科,454,0,19 臺中市
國立臺中科技大學,會計資訊系,28,0,19 臺中市
國立臺中科技大學,會計資訊系,329,1,19 臺中市
國立臺中科技大學,會計資訊系,63,0,19 臺中市
國立臺中科技大學,資訊管理系,29,0,19 臺中市
國立臺中科技大學,資訊管理系,205,22,19 臺中市
國立臺中科技大學,資訊管理系,168,0,19 臺中市
國立臺中科技大學,資訊管理科,423,0,19 臺中市
國立臺中科技大學,資訊管理系,13,0,19 臺中市
國立臺中科技大學,資訊管理系,292,2,19 臺中市
國立臺中科技大學,資訊工程系,38,0,19 臺中市
國立臺中科技大學,資訊工程系,221,12,19 臺中市
國立臺中科技大學,資訊工程系,34,0,19 臺中市
國立臺中科技大學,資訊工程系,160,0,19 臺中市
國立臺中科技大學,資訊工程系物聯網智慧整合產業碩士專班,2,0,19 臺中市
國立臺北商業大學,會計資訊系會計財稅碩士班,18,0,30 臺北市
國立臺北商業大學,會計資訊系,311,20,30 臺北市
國立臺北商業大學,會計資訊系,55,0,30 臺北市
國立臺北商業大學,會計資訊科,253,0,30 臺北市
國立臺北商業大學,會計資訊系,179,0,30 臺北市
國立臺北商業大學,會計資訊系,75,0,30 臺北市
國立臺北商業大學,資訊管理系,176,18,30 臺北市
國立臺北商業大學,資訊管理系,58,0,30 臺北市
國立臺北商業大學,資訊管理科,249,0,30 臺北市
國立臺北商業大學,資訊管理系,193,0,30 臺北市
國立臺北商業大學,資訊管理系,106,0,30 臺北市
國立臺北商業大學,資訊與決策科學研究所,35,6,30 臺北市
國立屏東大學,資訊管理學系,19,0,13 屏東縣
國立屏東大學,資訊管理學系,220,10,13 屏東縣
國立屏東大學,資訊管理學系,153,0,13 屏東縣
國立屏東大學,資訊科學系,41,0,13 屏東縣
國立屏東大學,資訊科學系,187,11,13 屏東縣
國立屏東大學,資訊工程學系,23,0,13 屏東縣
國立屏東大學,資訊工程學系,225,10,13 屏東縣
國立臺東專科學校,資訊管理科,81,5,14 臺東縣
國立臺東專科學校,資訊管理科,12,0,14 臺東縣
東海大學,工業工程與經營資訊學系高階醫務工程與管理碩士在職專班,45,0,19 臺中市
東海大學,資訊管理學系,34,0,19 臺中市
東海大學,資訊管理學系,250,8,19 臺中市
東海大學,資訊工程學系,44,0,19 臺中市
東海大學,資訊工程學系,521,19,19 臺中市
東海大學,資訊工程學系,17,0,19 臺中市
東海大學,資訊工程學系,87,0,19 臺中市
東海大學,工業工程與經營資訊學系,22,0,19 臺中市
東海大學,工業工程與經營資訊學系,50,0,19 臺中市
東海大學,工業工程與經營資訊學系,500,16,19 臺中市
輔仁大學,圖書資訊學系,34,0,01 新北市
輔仁大學,圖書資訊學系,236,9,01 新北市
輔仁大學,圖書資訊學系,197,0,01 新北市
輔仁大學,統計資訊學系應用統計碩士班,38,0,01 新北市
輔仁大學,統計資訊學系,454,13,01 新北市
輔仁大學,統計資訊學系應用統計碩士在職專班,49,0,01 新北市
輔仁大學,資訊工程學系,49,0,01 新北市
輔仁大學,資訊工程學系,484,15,01 新北市
輔仁大學,資訊工程學系,50,0,01 新北市
輔仁大學,資訊管理學系,41,0,01 新北市
輔仁大學,資訊管理學系,474,16,01 新北市
輔仁大學,資訊管理學系,67,0,01 新北市
輔仁大學,醫學資訊與創新應用學士學位學程,90,0,01 新北市
東吳大學,資訊管理學系,41,0,30 臺北市
東吳大學,資訊管理學系,486,19,30 臺北市
東吳大學,資訊管理學系,67,0,30 臺北市
中原大學,資訊管理學系,50,0,03 桃園市
中原大學,資訊管理學系,447,14,03 桃園市
中原大學,資訊管理學系,36,0,03 桃園市
中原大學,資訊工程學系,50,0,03 桃園市
中原大學,資訊工程學系,456,15,03 桃園市
中原大學,資訊工程學系,13,0,03 桃園市
中原大學,電機資訊學院學士班,153,0,03 桃園市
淡江大學,資訊傳播學系,21,0,01 新北市
淡江大學,資訊傳播學系,390,9,01 新北市
淡江大學,資訊與圖書館學系,21,0,01 新北市
淡江大學,資訊與圖書館學系,485,11,01 新北市
淡江大學,資訊工程學系,18,0,01 新北市
淡江大學,資訊工程學系,99,0,01 新北市
淡江大學,資訊工程學系,735,27,01 新北市
淡江大學,資訊工程學系,39,0,01 新北市
淡江大學,資訊工程學系,109,0,01 新北市
淡江大學,資訊管理學系,47,0,01 新北市
淡江大學,資訊管理學系,763,20,01 新北市
淡江大學,資訊管理學系,44,0,01 新北市
淡江大學,資訊創新與科技學系,333,8,01 新北市
中國文化大學,資訊傳播學系,12,0,30 臺北市
中國文化大學,資訊傳播學系,502,12,30 臺北市
中國文化大學,資訊工程學系,10,0,30 臺北市
中國文化大學,資訊工程學系,485,11,30 臺北市
中國文化大學,資訊管理學系,26,0,30 臺北市
中國文化大學,資訊管理學系,706,25,30 臺北市
中國文化大學,資訊管理學系,42,0,30 臺北市
中國文化大學,資訊管理學系,46,0,30 臺北市
逢甲大學,資訊工程學系,30,0,19 臺中市
逢甲大學,資訊工程學系,99,0,19 臺中市
逢甲大學,資訊工程學系,932,28,19 臺中市
逢甲大學,資訊工程學系,3,0,19 臺中市
逢甲大學,資訊電機工程碩士在職專班,83,0,19 臺中市
逢甲大學,資訊電機學院,132,0,19 臺中市
逢甲大學,資訊與通訊產業碩士專班,0,0,19 臺中市
逢甲大學,生醫資訊暨生醫工程碩士學位學程,19,0,19 臺中市
逢甲大學,都市計畫與空間資訊學系,33,0,19 臺中市
逢甲大學,都市計畫與空間資訊學系,431,13,19 臺中市
逢甲大學,都市計畫與空間資訊學系,41,0,19 臺中市
靜宜大學,資訊傳播工程學系,11,0,06 臺中市
靜宜大學,資訊傳播工程學系,472,13,06 臺中市
靜宜大學,統計資訊學系,167,6,06 臺中市
靜宜大學,資訊管理學系,19,0,06 臺中市
靜宜大學,資訊管理學系,456,15,06 臺中市
靜宜大學,資訊學院資訊應用與科技管理碩士在職專班,15,0,06 臺中市
靜宜大學,資訊學院,0,4,06 臺中市
靜宜大學,資訊工程學系,15,0,06 臺中市
靜宜大學,資訊工程學系,447,15,06 臺中市
長庚大學,資訊管理學系,46,0,03 桃園市
長庚大學,資訊管理學系,377,16,03 桃園市
長庚大學,資訊工程學系,40,0,03 桃園市
長庚大學,資訊工程學系,234,18,03 桃園市
元智大學,資訊社會學碩士學位學程,0,0,03 桃園市
元智大學,生物與醫學資訊碩士學位學程,5,0,03 桃園市
元智大學,資訊管理學系,30,0,03 桃園市
元智大學,資訊管理學系,62,0,03 桃園市
元智大學,資訊管理學系,472,24,03 桃園市
元智大學,資訊管理學系,69,0,03 桃園市
元智大學,資訊工程學系,25,0,03 桃園市
元智大學,資訊工程學系,112,0,03 桃園市
元智大學,資訊工程學系,632,25,03 桃園市
元智大學,資訊工程學系,46,0,03 桃園市
元智大學,資訊學院英語學士學位學程,28,0,03 桃園市
元智大學,資訊傳播學系,26,0,03 桃園市
元智大學,資訊傳播學系,546,13,03 桃園市
中華大學,生物資訊學系,3,0,18 新竹市
中華大學,生物資訊學系,128,8,18 新竹市
中華大學,資訊學士學位學程,0,0,18 新竹市
中華大學,資訊管理學系,34,0,18 新竹市
中華大學,資訊管理學系,327,12,18 新竹市
中華大學,資訊管理學系,20,0,18 新竹市
中華大學,資訊管理學系,39,0,18 新竹市
中華大學,資訊工程學系,51,0,18 新竹市
中華大學,資訊工程學系,386,17,18 新竹市
中華大學,資訊工程學系,23,0,18 新竹市
大葉大學,會計資訊學系,0,0,07 彰化縣
大葉大學,會計資訊學系,182,7,07 彰化縣
大葉大學,會計資訊學系,40,0,07 彰化縣
大葉大學,資訊管理學系,36,0,07 彰化縣
大葉大學,資訊管理學系,195,8,07 彰化縣
大葉大學,資訊管理學系,25,0,07 彰化縣
大葉大學,資訊管理學系,69,0,07 彰化縣
大葉大學,資訊工程學系,27,0,07 彰化縣
大葉大學,資訊工程學系,189,9,07 彰化縣
華梵大學,資訊管理學系,6,0,01 新北市
華梵大學,資訊管理學系,136,9,01 新北市
華梵大學,資訊管理學系,19,0,01 新北市
華梵大學,工業工程與經營資訊學系,20,0,01 新北市
華梵大學,工業工程與經營資訊學系,155,9,01 新北市
華梵大學,工業工程與經營資訊學系,3,0,01 新北市
義守大學,資訊管理學系,8,0,12 高雄市
義守大學,資訊管理學系,366,18,12 高雄市
義守大學,資訊管理學系,104,0,12 高雄市
義守大學,資訊管理學系,300,0,12 高雄市
義守大學,資訊工程學系,39,0,12 高雄市
義守大學,資訊工程學系,25,0,12 高雄市
義守大學,資訊工程學系,425,18,12 高雄市
義守大學,資訊工程學系,21,0,12 高雄市
義守大學,資訊工程學系,41,0,12 高雄市
世新大學,資訊傳播學系,16,0,30 臺北市
世新大學,資訊傳播學系,244,10,30 臺北市
世新大學,資訊傳播學系,27,0,30 臺北市
世新大學,資訊管理學系,24,0,30 臺北市
世新大學,資訊管理學系,806,25,30 臺北市
世新大學,資訊管理學系,57,0,30 臺北市
世新大學,創新科技暨資訊應用產業碩士專班,30,0,30 臺北市
世新大學,資訊軟體產業碩士專班,2,0,30 臺北市
銘傳大學,醫療資訊與管理學系健康產業管理碩士班,10,0,30 臺北市
銘傳大學,醫療資訊與管理學系,445,9,30 臺北市
銘傳大學,資訊管理學系,14,0,30 臺北市
銘傳大學,資訊管理學系,703,23,30 臺北市
銘傳大學,資訊管理學系,36,0,30 臺北市
銘傳大學,資訊傳播工程學系,20,0,30 臺北市
銘傳大學,資訊傳播工程學系,429,15,30 臺北市
銘傳大學,資訊科技應用學士學位學程,52,2,30 臺北市
銘傳大學,資訊工程學系,28,0,30 臺北市
銘傳大學,資訊工程學系,444,18,30 臺北市
銘傳大學,資訊網路系統產業碩士專班,1,0,30 臺北市
實踐大學,資訊模擬與設計學系,396,8,30 臺北市
實踐大學,資訊科技與管理學系,16,0,30 臺北市
實踐大學,資訊科技與管理學系,414,13,30 臺北市
實踐大學,資訊科技與管理學系,8,0,30 臺北市
實踐大學,資訊管理學系,246,10,30 臺北市
實踐大學,資訊科技與通訊學系,271,9,30 臺北市
朝陽科技大學,資訊管理系,16,0,06 臺中市
朝陽科技大學,資訊管理系,61,0,06 臺中市
朝陽科技大學,資訊管理系,635,25,06 臺中市
朝陽科技大學,資訊管理系,1,0,06 臺中市
朝陽科技大學,資訊管理系,13,0,06 臺中市
朝陽科技大學,資訊管理系,145,0,06 臺中市
朝陽科技大學,資訊工程系精密機械暨水下機電技術整合產業碩士專班,0,0,06 臺中市
朝陽科技大學,資訊工程系,36,0,06 臺中市
朝陽科技大學,資訊工程系,491,17,06 臺中市
朝陽科技大學,資訊工程系,1,0,06 臺中市
朝陽科技大學,資訊工程系,11,0,06 臺中市
朝陽科技大學,資訊工程系,118,0,06 臺中市
朝陽科技大學,資訊與通訊系,45,0,06 臺中市
朝陽科技大學,資訊與通訊系,461,15,06 臺中市
朝陽科技大學,資訊與通訊系,39,0,06 臺中市
高雄醫學大學,醫務管理暨醫療資訊學系,23,0,50 高雄市
高雄醫學大學,醫務管理暨醫療資訊學系,221,12,50 高雄市
高雄醫學大學,醫務管理暨醫療資訊學系,52,0,50 高雄市
南華大學,資訊管理學系,23,0,10 嘉義縣
南華大學,資訊管理學系,222,16,10 嘉義縣
南華大學,資訊管理學系,51,0,10 嘉義縣
南華大學,科技學院資訊科技進修學士班,120,0,10 嘉義縣
南華大學,資訊工程學系,239,10,10 嘉義縣
真理大學,人文與資訊學系,168,7,01 新北市
真理大學,運動資訊傳播學系,255,7,01 新北市
真理大學,會計資訊學系,274,9,01 新北市
真理大學,工業管理與經營資訊學系,323,10,01 新北市
真理大學,資訊管理學系,319,12,01 新北市
真理大學,資訊管理學系,6,0,01 新北市
真理大學,資訊應用學系,0,0,01 新北市
真理大學,資訊工程學系,16,0,01 新北市
真理大學,資訊工程學系,312,14,01 新北市
大同大學,資訊經營學系,18,0,30 臺北市
大同大學,資訊經營學系,231,9,30 臺北市
大同大學,資訊經營學系,56,0,30 臺北市
大同大學,資訊工程學系,10,0,30 臺北市
大同大學,資訊工程學系,33,0,30 臺北市
大同大學,資訊工程學系,435,14,30 臺北市
大同大學,資訊工程學系,17,0,30 臺北市
南臺科技大學,資訊傳播系,18,0,11 臺南市
南臺科技大學,資訊傳播系,446,12,11 臺南市
南臺科技大學,資訊傳播系,1,0,11 臺南市
南臺科技大學,資訊傳播系,106,0,11 臺南市
南臺科技大學,會計資訊系,26,0,11 臺南市
南臺科技大學,會計資訊系,391,10,11 臺南市
南臺科技大學,工業管理與資訊系工業管理碩士班,16,0,11 臺南市
南臺科技大學,工業管理與資訊系,730,24,11 臺南市
南臺科技大學,工業管理與資訊系工業管理碩士在職專班,25,0,11 臺南市
南臺科技大學,工業管理與資訊系,57,0,11 臺南市
南臺科技大學,資訊管理系,31,0,11 臺南市
南臺科技大學,資訊管理系,630,22,11 臺南市
南臺科技大學,資訊管理系,24,0,11 臺南市
南臺科技大學,資訊管理系,36,0,11 臺南市
南臺科技大學,資訊管理系,124,0,11 臺南市
南臺科技大學,資訊工程系,36,0,11 臺南市
南臺科技大學,資訊工程系,445,18,11 臺南市
南臺科技大學,資訊工程系,102,0,11 臺南市
崑山科技大學,資訊傳播系,175,7,11 臺南市
崑山科技大學,資訊傳播系,57,0,11 臺南市
崑山科技大學,會計資訊系,58,7,11 臺南市
崑山科技大學,會計資訊系,24,0,11 臺南市
崑山科技大學,資訊管理系,19,0,11 臺南市
崑山科技大學,資訊管理系,327,15,11 臺南市
崑山科技大學,資訊管理系,27,0,11 臺南市
崑山科技大學,資訊管理系,161,1,11 臺南市
崑山科技大學,資訊管理系,21,0,11 臺南市
崑山科技大學,資訊工程系數位生活科技碩士班,15,0,11 臺南市
崑山科技大學,資訊工程系,313,14,11 臺南市
崑山科技大學,資訊工程系數位生活科技碩士在職專班,6,0,11 臺南市
崑山科技大學,資訊工程系,58,0,11 臺南市
嘉南藥理大學,資訊管理系,628,18,11 臺南市
嘉南藥理大學,資訊管理系,169,1,11 臺南市
嘉南藥理大學,資訊多媒體應用系,382,11,11 臺南市
嘉南藥理大學,資訊多媒體應用系,71,0,11 臺南市
嘉南藥理大學,應用空間資訊系,19,0,11 臺南市
嘉南藥理大學,應用空間資訊系,530,20,11 臺南市
嘉南藥理大學,應用空間資訊系,38,0,11 臺南市
樹德科技大學,資訊管理系,21,0,12 高雄市
樹德科技大學,資訊管理系,372,15,12 高雄市
樹德科技大學,資訊管理系,30,0,12 高雄市
樹德科技大學,資訊管理系,66,0,12 高雄市
樹德科技大學,資訊工程系,20,0,12 高雄市
樹德科技大學,資訊工程系,379,12,12 高雄市
樹德科技大學,資訊工程系,33,0,12 高雄市
樹德科技大學,資訊工程系,80,1,12 高雄市
慈濟大學,醫學資訊學系,24,0,15 花蓮縣
慈濟大學,醫學資訊學系,182,13,15 花蓮縣
臺北醫學大學,醫學資訊研究所,37,0,30 臺北市
臺北醫學大學,醫學資訊研究所,23,15,30 臺北市
臺北醫學大學,醫學資訊研究所,27,0,30 臺北市
中山醫學大學,醫學資訊學系,10,0,19 臺中市
中山醫學大學,醫學資訊學系,137,9,19 臺中市
龍華科技大學,資訊管理系,31,0,03 桃園市
龍華科技大學,資訊管理系,420,22,03 桃園市
龍華科技大學,資訊管理系,1,0,03 桃園市
龍華科技大學,資訊管理系,17,0,03 桃園市
龍華科技大學,資訊管理系,222,0,03 桃園市
龍華科技大學,資訊管理系,0,0,03 桃園市
龍華科技大學,資訊網路工程系,10,0,03 桃園市
龍華科技大學,資訊網路工程系,483,13,03 桃園市
龍華科技大學,資訊網路工程系,294,0,03 桃園市
龍華科技大學,資訊管理(學)系資訊服務產業專班,10,0,03 桃園市
龍華科技大學,資訊網路工程系產學攜手專班,32,0,03 桃園市
輔英科技大學,資訊科技學位學程,0,0,12 高雄市
輔英科技大學,資訊管理系,0,0,12 高雄市
輔英科技大學,資訊管理系,0,0,12 高雄市
輔英科技大學,資訊科技與管理系,443,14,12 高雄市
輔英科技大學,資訊科技與管理系,122,0,12 高雄市
明新科技大學,資訊管理系,28,0,04 新竹縣
明新科技大學,資訊管理系,410,20,04 新竹縣
明新科技大學,資訊管理系,175,0,04 新竹縣
明新科技大學,資訊管理(學)系,1,0,04 新竹縣
明新科技大學,資訊管理系半導體產業專班,15,0,04 新竹縣
明新科技大學,資訊管理科半導體產業專班,0,0,04 新竹縣
明新科技大學,資訊工程系,481,16,04 新竹縣
明新科技大學,資訊工程系,92,0,04 新竹縣
明新科技大學,資訊工程學系半導體與資訊整合產業專班,15,0,04 新竹縣
長榮大學,會計資訊學系,372,16,11 臺南市
長榮大學,資訊暨設計碩士學位學程,6,0,11 臺南市
長榮大學,資訊管理學系,5,0,11 臺南市
長榮大學,資訊管理學系,282,11,11 臺南市
長榮大學,資訊工程學系,242,11,11 臺南市
弘光科技大學,資訊管理系,357,9,06 臺中市
弘光科技大學,資訊管理系,0,0,06 臺中市
弘光科技大學,資訊管理系,180,1,06 臺中市
弘光科技大學,資訊工程系智慧型輔助科技碩士班,2,0,06 臺中市
弘光科技大學,資訊工程系,308,8,06 臺中市
弘光科技大學,資訊工程系,144,1,06 臺中市
健行科技大學,資訊管理系,21,0,03 桃園市
健行科技大學,資訊管理系,564,18,03 桃園市
健行科技大學,資訊管理系,37,0,03 桃園市
健行科技大學,資訊管理系,218,0,03 桃園市
健行科技大學,資訊管理系,35,0,03 桃園市
健行科技大學,應用空間資訊系,120,8,03 桃園市
健行科技大學,資訊工程系,39,0,03 桃園市
健行科技大學,資訊工程系,578,23,03 桃園市
健行科技大學,資訊工程系,126,0,03 桃園市
健行科技大學,土木工程系空間資訊與防災科技碩士班,21,0,03 桃園市
正修科技大學,資訊管理系,22,0,12 高雄市
正修科技大學,資訊管理系,379,20,12 高雄市
正修科技大學,資訊管理系,21,0,12 高雄市
正修科技大學,資訊管理系,339,0,12 高雄市
正修科技大學,資訊管理系,59,0,12 高雄市
正修科技大學,資訊管理系智慧生活行動商務產業碩士專班,8,0,12 高雄市
正修科技大學,資訊工程系,20,0,12 高雄市
正修科技大學,資訊工程系,474,15,12 高雄市
正修科技大學,資訊工程系,275,0,12 高雄市
正修科技大學,資訊工程系產學攜手資訊工程系半導體封裝與測試產業專班,0,0,12 高雄市
正修科技大學,土木與空間資訊系營建工程碩士班,30,0,12 高雄市
正修科技大學,土木與空間資訊系,429,19,12 高雄市
正修科技大學,土木與空間資訊系,178,0,12 高雄市
正修科技大學,土木與工程資訊系營建綠色產業研發碩士專班,2,0,12 高雄市
正修科技大學,土木與空間資訊系營建綠色產業碩士專班,23,0,12 高雄市
萬能科技大學,資訊管理系,18,0,03 桃園市
萬能科技大學,資訊管理系,314,15,03 桃園市
萬能科技大學,資訊管理系,20,0,03 桃園市
萬能科技大學,資訊管理系,7,0,03 桃園市
萬能科技大學,資訊管理系,28,0,03 桃園市
萬能科技大學,資訊工程系,247,13,03 桃園市
萬能科技大學,資訊工程系,61,1,03 桃園市
萬能科技大學,資訊工程系,31,0,03 桃園市
玄奘大學,圖書資訊學系,0,0,18 新竹市
玄奘大學,資訊管理學系,23,0,18 新竹市
玄奘大學,資訊管理學系,86,8,18 新竹市
玄奘大學,資訊管理學系,6,0,18 新竹市
建國科技大學,資訊管理系,358,14,07 彰化縣
建國科技大學,資訊管理系,125,0,07 彰化縣
建國科技大學,資訊與網路通訊系,186,10,07 彰化縣
建國科技大學,資訊與網路通訊系,31,0,07 彰化縣
高苑科技大學,資訊傳播系,148,10,12 高雄市
高苑科技大學,資訊傳播系,42,0,12 高雄市
高苑科技大學,資訊管理系,142,9,12 高雄市
高苑科技大學,資訊管理系,78,4,12 高雄市
高苑科技大學,資訊科技應用系,13,0,12 高雄市
高苑科技大學,資訊科技應用系,171,10,12 高雄市
高苑科技大學,資訊科技應用系,45,0,12 高雄市
大仁科技大學,資訊應用與管理系,50,9,13 屏東縣
大仁科技大學,資訊應用與管理系,34,1,13 屏東縣
大仁科技大學,資訊工程與娛樂科技系,87,7,13 屏東縣
聖約翰科技大學,資訊管理系跨平台創新電商經營與管理產業碩士專班,4,0,01 新北市
聖約翰科技大學,資訊管理系,148,8,01 新北市
聖約翰科技大學,資訊管理系,1,0,01 新北市
聖約翰科技大學,醫護資訊學士學位學程,55,1,01 新北市
聖約翰科技大學,資訊工程系,22,0,01 新北市
聖約翰科技大學,資訊工程系,242,16,01 新北市
聖約翰科技大學,資訊工程系,1,0,01 新北市
聖約翰科技大學,資訊與通訊系,17,0,01 新北市
聖約翰科技大學,資訊與通訊系,148,10,01 新北市
聖約翰科技大學,電子資訊科,84,0,01 新北市
嶺東科技大學,會計資訊系,188,8,19 臺中市
嶺東科技大學,財政系財稅與會計資訊碩士班,14,0,19 臺中市
嶺東科技大學,資訊科技系,19,0,19 臺中市
嶺東科技大學,資訊科技系,374,11,19 臺中市
嶺東科技大學,資訊科技系,175,1,19 臺中市
嶺東科技大學,資訊管理系,16,0,19 臺中市
嶺東科技大學,資訊管理系,533,18,19 臺中市
嶺東科技大學,資訊管理系,5,0,19 臺中市
嶺東科技大學,資訊管理系,154,0,19 臺中市
嶺東科技大學,資訊網路系,380,12,19 臺中市
嶺東科技大學,資訊網路系,115,0,19 臺中市
中國科技大學,資訊管理系,521,24,30 臺北市
中國科技大學,資訊管理系,146,0,30 臺北市
中國科技大學,資訊工程系,117,11,30 臺北市
中國科技大學,資訊工程系資訊科技應用碩士在職專班,21,0,30 臺北市
中臺科技大學,資訊管理系,368,14,19 臺中市
中臺科技大學,資訊管理系,95,0,19 臺中市
亞洲大學,資訊傳播學系,448,11,06 臺中市
亞洲大學,資訊傳播學系,15,0,06 臺中市
亞洲大學,會計與資訊學系,11,0,06 臺中市
亞洲大學,會計與資訊學系,276,11,06 臺中市
亞洲大學,資訊工程學系,345,21,06 臺中市
亞洲大學,資訊工程學系,19,0,06 臺中市
亞洲大學,資訊工程學系,35,0,06 臺中市
亞洲大學,資訊工程學系,24,0,06 臺中市
亞洲大學,生物資訊與醫學工程學系,14,0,06 臺中市
亞洲大學,生物資訊與醫學工程學系,5,0,06 臺中市
亞洲大學,生物資訊與醫學工程學系,145,14,06 臺中市
亞洲大學,生物資訊與醫學工程學系,33,0,06 臺中市
開南大學,資訊傳播學系,0,0,03 桃園市
開南大學,資訊傳播學系,238,8,03 桃園市
開南大學,資訊管理學系,1,0,03 桃園市
開南大學,資訊管理學系,240,18,03 桃園市
開南大學,資訊管理學系,4,0,03 桃園市
開南大學,資訊學院碩士班,18,0,03 桃園市
開南大學,資訊學院進修學士班,95,0,03 桃園市
開南大學,資訊學院碩士在職專班,28,0,03 桃園市
佛光大學,資訊應用學系,27,0,02 宜蘭縣
佛光大學,資訊應用學系,263,14,02 宜蘭縣
佛光大學,資訊應用學系,24,0,02 宜蘭縣
台南應用科技大學,會計資訊系,109,7,11 臺南市
台南應用科技大學,資訊管理系,356,13,11 臺南市
台南應用科技大學,資訊管理系,57,0,11 臺南市
台南應用科技大學,資訊管理系,14,0,11 臺南市
遠東科技大學,資訊管理系,200,7,11 臺南市
遠東科技大學,資訊工程系,245,12,11 臺南市
元培醫事科技大學,資訊管理系,317,11,18 新竹市
元培醫事科技大學,資訊管理系,123,0,18 新竹市
元培醫事科技大學,資訊管理系數位創新管理碩士班,23,0,18 新竹市
景文科技大學,資訊管理系,479,13,01 新北市
景文科技大學,資訊管理系,22,0,01 新北市
景文科技大學,資訊工程系,163,5,01 新北市
景文科技大學,資訊工程系,11,0,01 新北市
中華醫事科技大學,數位設計與資訊管理系,248,10,11 臺南市
中華醫事科技大學,數位設計與資訊管理系,32,0,11 臺南市
東南科技大學,資訊科技系,172,13,01 新北市
東南科技大學,資訊管理系,121,7,01 新北市
東南科技大學,資訊管理系,27,0,01 新北市
東南科技大學,資訊管理系,0,0,01 新北市
德明財經科技大學,會計資訊系,529,14,30 臺北市
德明財經科技大學,資訊科技系,414,11,30 臺北市
德明財經科技大學,資訊科技系,1,0,30 臺北市
德明財經科技大學,資訊管理系,449,16,30 臺北市
德明財經科技大學,資訊管理系,27,0,30 臺北市
德明財經科技大學,資訊管理系,91,0,30 臺北市
德明財經科技大學,資訊管理系,23,0,30 臺北市
明道大學,資訊傳播學系,11,0,07 彰化縣
明道大學,資訊傳播學系,120,8,07 彰化縣
明道大學,資訊傳播學系,16,0,07 彰化縣
南開科技大學,資訊管理系,112,7,08 南投縣
南開科技大學,資訊管理系,39,0,08 南投縣
南開科技大學,電機與資訊技術系,179,16,08 南投縣
南開科技大學,電機與資訊技術系,25,0,08 南投縣
南開科技大學,電機與資訊技術科,321,0,08 南投縣
南開科技大學,電機與資訊技術系,66,0,08 南投縣
中華科技大學,資訊管理系,220,11,30 臺北市
中華科技大學,資訊管理系,58,0,30 臺北市
中華科技大學,資訊管理系,47,0,30 臺北市
中華科技大學,資訊工程系,134,7,30 臺北市
中華科技大學,資訊工程系,0,0,30 臺北市
僑光科技大學,會計資訊系,2,0,19 臺中市
僑光科技大學,會計資訊系,1,0,19 臺中市
僑光科技大學,資訊科技系,0,0,19 臺中市
僑光科技大學,資訊科技系,336,16,19 臺中市
僑光科技大學,資訊科技系,386,1,19 臺中市
僑光科技大學,資訊管理系,3,0,19 臺中市
僑光科技大學,資訊管理科,0,0,19 臺中市
僑光科技大學,資訊管理系,11,0,19 臺中市
育達科技大學,財務資訊與金融系,10,0,05 苗栗縣
育達科技大學,資訊管理系,41,0,05 苗栗縣
育達科技大學,資訊管理系,186,13,05 苗栗縣
育達科技大學,資訊管理系,74,0,05 苗栗縣
育達科技大學,資訊管理系,303,0,05 苗栗縣
美和科技大學,資訊管理系,192,7,13 屏東縣
美和科技大學,資訊管理系,46,1,13 屏東縣
美和科技大學,資訊管理科,11,0,13 屏東縣
美和科技大學,資訊科技系,122,7,13 屏東縣
美和科技大學,資訊科技系,22,0,13 屏東縣
吳鳳科技大學,資訊管理系,59,6,10 嘉義縣
吳鳳科技大學,資訊管理系,37,0,10 嘉義縣
吳鳳科技大學,資訊工程系,138,7,10 嘉義縣
吳鳳科技大學,資訊工程系,3,0,10 嘉義縣
環球科技大學,資訊與電子商務管理系,157,12,09 雲林縣
環球科技大學,資訊與電子商務管理系,58,0,09 雲林縣
環球科技大學,資訊與電子商務管理科,22,0,09 雲林縣
台灣首府大學,休閒資訊管理學系,130,6,11 臺南市
台灣首府大學,休閒資訊管理學系,69,0,11 臺南市
台灣首府大學,資訊與多媒體設計學系,138,7,11 臺南市
台灣首府大學,資訊與多媒體設計學系,12,0,11 臺南市
中州科技大學,資訊管理系,51,7,07 彰化縣
中州科技大學,資訊管理系,53,0,07 彰化縣
中州科技大學,資訊管理系,106,0,07 彰化縣
修平科技大學,資訊網路技術系,302,10,06 臺中市
修平科技大學,資訊網路技術系,2,0,06 臺中市
修平科技大學,資訊管理系,241,11,06 臺中市
修平科技大學,資訊管理系,90,0,06 臺中市
臺北城市科技大學,資訊管理系電子商務碩士班,25,0,30 臺北市
臺北城市科技大學,資訊管理系,306,15,30 臺北市
臺北城市科技大學,資訊管理系,0,0,30 臺北市
臺北城市科技大學,資訊工程系,447,23,30 臺北市
臺北城市科技大學,資訊工程科,297,0,30 臺北市
臺北城市科技大學,資訊工程系資訊應用產業碩士專班,10,0,30 臺北市
大華科技大學,資訊管理系,66,9,04 新竹縣
大華科技大學,資訊管理系,22,0,04 新竹縣
大華科技大學,資訊管理科,99,0,04 新竹縣
大華科技大學,資訊管理系,5,0,04 新竹縣
大華科技大學,資訊管理科,29,0,04 新竹縣
醒吾科技大學,資訊傳播系,368,13,01 新北市
醒吾科技大學,資訊傳播系,1,0,01 新北市
醒吾科技大學,資訊傳播系,61,0,01 新北市
醒吾科技大學,資訊科技系,2,0,01 新北市
醒吾科技大學,資訊管理系,249,15,01 新北市
醒吾科技大學,資訊管理系,80,0,01 新北市
醒吾科技大學,資訊科技應用系,14,0,01 新北市
醒吾科技大學,資訊科技應用系,166,12,01 新北市
醒吾科技大學,資訊科技應用系,32,0,01 新北市
南榮科技大學,資訊科技系,101,7,11 臺南市
南榮科技大學,資訊科技系,56,0,11 臺南市
南榮科技大學,資訊管理系,55,7,11 臺南市
南榮科技大學,資訊管理科,44,0,11 臺南市
南榮科技大學,資訊管理系,64,0,11 臺南市
南榮科技大學,資訊管理科,68,0,11 臺南市
華夏科技大學,資訊管理系,192,18,01 新北市
華夏科技大學,資訊管理系,45,0,01 新北市
華夏科技大學,資訊管理科,191,0,01 新北市
華夏科技大學,資訊管理系,36,0,01 新北市
華夏科技大學,資訊管理系,81,0,01 新北市
華夏科技大學,資訊管理系,50,0,01 新北市
華夏科技大學,資訊管理科,26,0,01 新北市
華夏科技大學,資訊工程系,246,7,01 新北市
華夏科技大學,資訊工程系,65,0,01 新北市
慈濟科技大學,資訊科技與管理系,263,12,15 花蓮縣
致理科技大學,會計資訊系,644,24,01 新北市
致理科技大學,會計資訊系,2,0,01 新北市
致理科技大學,會計資訊科,269,0,01 新北市
致理科技大學,會計資訊系,148,0,01 新北市
致理科技大學,資訊管理系,645,19,01 新北市
致理科技大學,資訊管理系雙軌訓練旗艦計畫,0,0,01 新北市
致理科技大學,資訊管理科,3,0,01 新北市
致理科技大學,資訊管理系,203,0,01 新北市
康寧大學,資訊傳播學系,14,0,30 臺北市
康寧大學,資訊傳播學系,79,8,30 臺北市
康寧大學,資訊傳播學系,33,0,30 臺北市
康寧大學,資訊傳播學系,9,0,30 臺北市
康寧大學,資訊管理科,350,8,30 臺北市
宏國德霖科技大學,資訊工程系,206,7,01 新北市
宏國德霖科技大學,資訊工程科,73,0,01 新北市
宏國德霖科技大學,資訊工程系,117,0,01 新北市
宏國德霖科技大學,資訊工程科,55,0,01 新北市
東方設計大學,電子與資訊系,0,0,12 高雄市
崇右影藝科技大學,資訊法律系,0,0,17 基隆市
崇右影藝科技大學,資訊管理系,0,0,17 基隆市
崇右影藝科技大學,資訊管理科,0,0,17 基隆市
台北海洋科技大學,資訊科技與行動通訊系,3,0,01 新北市
台北海洋科技大學,資訊科技與行動通訊系,7,0,01 新北市
中信金融管理學院,管理資訊學系,0,0,21 臺南市
和春技術學院,資訊管理系,23,6,12 高雄市
和春技術學院,資訊管理系,15,0,12 高雄市
和春技術學院,資訊管理科,43,0,12 高雄市
和春技術學院,資訊管理系,59,1,12 高雄市
和春技術學院,資訊管理系,39,0,12 高雄市
和春技術學院,資訊管理科,96,0,12 高雄市
和春技術學院,資訊工程系,14,7,12 高雄市
和春技術學院,資訊工程科,28,0,12 高雄市
和春技術學院,資訊工程系,7,0,12 高雄市
和春技術學院,資訊工程系,3,0,12 高雄市
和春技術學院,資訊工程科,0,0,12 高雄市
亞東技術學院,資訊管理系,346,11,01 新北市
亞東技術學院,通訊工程系資訊與通訊工程碩士班,12,0,01 新北市
南亞技術學院,資訊管理系,56,5,03 桃園市
南亞技術學院,資訊管理系,47,0,03 桃園市
南亞技術學院,資訊工程系,91,7,03 桃園市
南亞技術學院,資訊工程系,8,0,03 桃園市
蘭陽技術學院,資訊管理系,0,0,02 宜蘭縣
蘭陽技術學院,資訊管理科,4,2,02 宜蘭縣
蘭陽技術學院,資訊管理科,0,0,02 宜蘭縣
黎明技術學院,資訊科技系,104,7,01 新北市
黎明技術學院,資訊科技系,1,0,01 新北市
黎明技術學院,資訊管理系,97,7,01 新北市
黎明技術學院,資訊管理系,56,0,01 新北市
經國管理暨健康學院,資訊多媒體應用系,139,7,17 基隆市
樹人醫護管理專科學校,資訊管理科,207,8,12 高雄市
高美醫護管理專科學校,資訊管理科,52,3,12 高雄市
聖母醫護管理專科學校,資訊管理科,149,6,02 宜蘭縣
臺北市立大學,資訊科學系,39,0,30 臺北市
臺北市立大學,資訊科學系,177,10,30 臺北市
臺北市立大學,資訊科學系,62,0,30 臺北市
國立政治大學,圖書資訊與檔案學研究所,14,0,30 臺北市
國立政治大學,圖書資訊與檔案學研究所,62,6,30 臺北市
國立政治大學,圖書資訊與檔案學研究所,64,0,30 臺北市
國立政治大學,資訊管理學系,55,0,30 臺北市
國立政治大學,資訊管理學系,89,0,30 臺北市
國立政治大學,資訊管理學系,337,19,30 臺北市
國立政治大學,資訊科學系,8,0,30 臺北市
國立政治大學,資訊科學系,104,0,30 臺北市
國立政治大學,資訊科學系,208,16,30 臺北市
國立政治大學,資訊科學系,78,1,30 臺北市
國立清華大學,生物資訊與結構生物研究所,58,0,18 新竹市
國立清華大學,生物資訊與結構生物研究所,55,9,18 新竹市
國立清華大學,資訊工程學系,62,0,18 新竹市
國立清華大學,資訊工程學系,353,0,18 新竹市
國立清華大學,資訊工程學系,584,42,18 新竹市
國立清華大學,資訊系統與應用研究所,17,0,18 新竹市
國立清華大學,資訊系統與應用研究所,121,0,18 新竹市
國立清華大學,電機資訊學院,128,0,18 新竹市
國立臺灣大學,圖書資訊學系,18,0,30 臺北市
國立臺灣大學,圖書資訊學系,56,0,30 臺北市
國立臺灣大學,圖書資訊學系,192,13,30 臺北市
國立臺灣大學,生物資訊學學位學程,3,0,30 臺北市
國立臺灣大學,資訊管理學系,17,0,30 臺北市
國立臺灣大學,資訊管理學系,113,0,30 臺北市
國立臺灣大學,資訊管理學系,214,14,30 臺北市
國立臺灣大學,資訊網路與多媒體研究所,38,0,30 臺北市
國立臺灣大學,資訊網路與多媒體研究所,101,8,30 臺北市
國立臺灣大學,資訊工程學系,104,0,30 臺北市
國立臺灣大學,資訊工程學系,308,0,30 臺北市
國立臺灣大學,資訊工程學系,554,30,30 臺北市
國立臺灣大學,資訊工程學系,18,0,30 臺北市
國立臺灣大學,生醫電子與資訊學研究所,69,0,30 臺北市
國立臺灣大學,生醫電子與資訊學研究所,112,7,30 臺北市
國立臺灣大學,生醫電子與資訊學研究所,0,0,30 臺北市
國立臺灣師範大學,資訊教育研究所,17,0,30 臺北市
國立臺灣師範大學,資訊教育研究所,43,6,30 臺北市
國立臺灣師範大學,圖書資訊學研究所,14,0,30 臺北市
國立臺灣師範大學,圖書資訊學研究所,56,7,30 臺北市
國立臺灣師範大學,圖書資訊學研究所,34,0,30 臺北市
國立臺灣師範大學,資訊工程學系,16,0,30 臺北市
國立臺灣師範大學,資訊工程學系,155,0,30 臺北市
國立臺灣師範大學,資訊工程學系,201,16,30 臺北市
國立成功大學,工業與資訊管理學系,19,0,21 臺南市
國立成功大學,工業與資訊管理學系,91,0,21 臺南市
國立成功大學,工業與資訊管理學系,230,14,21 臺南市
國立成功大學,工業與資訊管理學系,95,0,21 臺南市
國立成功大學,資訊管理研究所,14,0,21 臺南市
國立成功大學,資訊管理研究所,47,8,21 臺南市
國立成功大學,資訊工程學系,72,0,21 臺南市
國立成功大學,資訊工程學系,287,0,21 臺南市
國立成功大學,資訊工程學系,478,28,21 臺南市
國立成功大學,醫學資訊研究所,33,5,21 臺南市
國立成功大學,製造資訊與系統研究所,29,0,21 臺南市
國立成功大學,製造資訊與系統研究所,51,7,21 臺南市
國立成功大學,測量及空間資訊學系,34,0,21 臺南市
國立成功大學,測量及空間資訊學系,69,0,21 臺南市
國立成功大學,測量及空間資訊學系,200,16,21 臺南市
國立中興大學,圖書資訊學研究所,33,3,19 臺中市
國立中興大學,基因體暨生物資訊學研究所,20,7,19 臺中市
國立中興大學,資訊管理學系,73,0,19 臺中市
國立中興大學,資訊管理學系,143,10,19 臺中市
國立中興大學,資訊管理學系,53,0,19 臺中市
國立中興大學,資訊科學與工程學系,34,0,19 臺中市
國立中興大學,資訊科學與工程學系,143,0,19 臺中市
國立中興大學,資訊科學與工程學系,181,19,19 臺中市
國立中興大學,資訊科學與工程學系,95,0,19 臺中市
國立交通大學,資訊管理與財務金融學系,29,0,18 新竹市
國立交通大學,資訊管理與財務金融學系,107,0,18 新竹市
國立交通大學,資訊管理與財務金融學系,181,13,18 新竹市
國立交通大學,生物資訊及系統生物研究所,31,0,18 新竹市
國立交通大學,生物資訊及系統生物研究所,43,6,18 新竹市
國立交通大學,網路與資訊系統學位學程,7,0,18 新竹市
國立交通大學,資訊管理研究所,30,0,18 新竹市
國立交通大學,資訊管理研究所,78,7,18 新竹市
國立交通大學,資訊工程學系,781,20,18 新竹市
國立交通大學,資訊科學與工程研究所,163,0,18 新竹市
國立交通大學,資訊科學與工程研究所,377,25,18 新竹市
國立交通大學,電機資訊學位學程,80,0,18 新竹市
國立交通大學,電機資訊學位學程,68,0,18 新竹市
國立交通大學,電機資訊學士班,110,0,18 新竹市
國立交通大學,資訊學院,98,0,18 新竹市
國立中央大學,資訊管理學系,14,0,03 桃園市
國立中央大學,資訊管理學系,116,0,03 桃園市
國立中央大學,資訊管理學系,420,21,03 桃園市
國立中央大學,資訊管理學系,68,0,03 桃園市
國立中央大學,資訊工程學系,78,0,03 桃園市
國立中央大學,資訊工程學系,286,0,03 桃園市
國立中央大學,資訊工程學系,471,27,03 桃園市
國立中央大學,資訊工程學系,101,0,03 桃園市
國立中央大學,資訊電機學院,21,0,03 桃園市
國立中山大學,資訊管理學系,24,0,50 高雄市
國立中山大學,資訊管理學系,99,0,50 高雄市
國立中山大學,資訊管理學系,198,19,50 高雄市
國立中山大學,資訊管理學系,87,0,50 高雄市
國立中山大學,資訊工程學系,15,0,50 高雄市
國立中山大學,資訊工程學系,213,0,50 高雄市
國立中山大學,資訊工程學系,246,19,50 高雄市
國立臺灣海洋大學,海洋環境資訊系,10,0,17 基隆市
國立臺灣海洋大學,海洋環境資訊系,21,0,17 基隆市
國立臺灣海洋大學,海洋環境資訊系,184,13,17 基隆市
國立臺灣海洋大學,海洋環境資訊系,21,0,17 基隆市
國立臺灣海洋大學,資訊工程學系,7,0,17 基隆市
國立臺灣海洋大學,資訊工程學系,121,0,17 基隆市
國立臺灣海洋大學,資訊工程學系,457,27,17 基隆市
國立臺灣海洋大學,資訊工程學系,32,0,17 基隆市
國立中正大學,會計與資訊科技學系,20,0,10 嘉義縣
國立中正大學,會計與資訊科技學系,58,0,10 嘉義縣
國立中正大學,會計與資訊科技學系,234,13,10 嘉義縣
國立中正大學,會計與資訊科技學系,103,0,10 嘉義縣
國立中正大學,資訊管理學系,27,0,10 嘉義縣
國立中正大學,資訊管理學系,94,0,10 嘉義縣
國立中正大學,資訊管理學系,189,15,10 嘉義縣
國立中正大學,資訊管理學系,73,0,10 嘉義縣
國立中正大學,資訊工程學系,24,0,10 嘉義縣
國立中正大學,資訊工程學系,255,0,10 嘉義縣
國立中正大學,資訊工程學系,400,30,10 嘉義縣
國立中正大學,資訊工程學系,73,0,10 嘉義縣
國立彰化師範大學,統計資訊研究所,16,5,07 彰化縣
國立彰化師範大學,資訊管理學系,55,0,07 彰化縣
國立彰化師範大學,資訊管理學系,201,11,07 彰化縣
國立彰化師範大學,資訊管理學系,68,0,07 彰化縣
國立彰化師範大學,資訊工程學系,46,0,07 彰化縣
國立彰化師範大學,資訊工程學系,185,12,07 彰化縣
國立彰化師範大學,資訊工程學系,4,0,07 彰化縣
國立陽明大學,生物醫學資訊研究所,40,0,30 臺北市
國立陽明大學,生物醫學資訊研究所,61,11,30 臺北市
國立臺北大學,電機資訊學院,13,0,01 新北市
國立臺北大學,資訊工程學系,64,0,01 新北市
國立臺北大學,資訊工程學系,197,11,01 新北市
國立臺北大學,資訊管理研究所,34,5,01 新北市
國立嘉義大學,資訊管理學系,23,0,20 嘉義市
國立嘉義大學,資訊管理學系,201,11,20 嘉義市
國立嘉義大學,資訊工程學系,8,0,20 嘉義市
國立嘉義大學,資訊工程學系,63,0,20 嘉義市
國立嘉義大學,資訊工程學系,202,16,20 嘉義市
國立嘉義大學,資訊工程學系,1,0,20 嘉義市
國立高雄大學,資訊管理學系,29,0,50 高雄市
國立高雄大學,資訊管理學系,194,11,50 高雄市
國立高雄大學,資訊管理學系,3,0,50 高雄市
國立高雄大學,資訊工程學系,37,0,50 高雄市
國立高雄大學,資訊工程學系,182,11,50 高雄市
國立高雄大學,資訊工程學系,18,0,50 高雄市
國立東華大學,資訊工程學系,13,0,15 花蓮縣
國立東華大學,資訊工程學系,95,0,15 花蓮縣
國立東華大學,資訊工程學系,332,20,15 花蓮縣
國立東華大學,資訊工程學系,8,0,15 花蓮縣
國立東華大學,資訊管理學系,19,0,15 花蓮縣
國立東華大學,資訊管理學系,218,9,15 花蓮縣
國立暨南國際大學,資訊管理學系,44,0,08 南投縣
國立暨南國際大學,資訊管理學系,247,14,08 南投縣
國立暨南國際大學,資訊工程學系,7,0,08 南投縣
國立暨南國際大學,資訊工程學系,70,0,08 南投縣
國立暨南國際大學,資訊工程學系,224,16,08 南投縣
國立臺灣科技大學,資訊管理系,61,0,30 臺北市
國立臺灣科技大學,資訊管理系,143,0,30 臺北市
國立臺灣科技大學,資訊管理系,258,15,30 臺北市
國立臺灣科技大學,資訊管理系,11,0,30 臺北市
國立臺灣科技大學,資訊管理系,63,0,30 臺北市
國立臺灣科技大學,資訊工程系,38,0,30 臺北市
國立臺灣科技大學,資訊工程系,280,0,30 臺北市
國立臺灣科技大學,資訊工程系,326,24,30 臺北市
國立臺灣科技大學,資訊工程系,10,0,30 臺北市
國立臺灣科技大學,資訊工程系,3,0,30 臺北市
國立雲林科技大學,資訊管理系,23,0,09 雲林縣
國立雲林科技大學,資訊管理系,98,0,09 雲林縣
國立雲林科技大學,資訊管理系,243,17,09 雲林縣
國立雲林科技大學,資訊管理系,122,0,09 雲林縣
國立雲林科技大學,資訊管理系,38,0,09 雲林縣
國立雲林科技大學,資訊工程系,90,0,09 雲林縣
國立雲林科技大學,資訊工程系,260,10,09 雲林縣
國立雲林科技大學,資訊工程系,1,0,09 雲林縣
國立屏東科技大學,資訊管理系,37,0,13 屏東縣
國立屏東科技大學,資訊管理系,236,12,13 屏東縣
國立屏東科技大學,資訊管理系,23,0,13 屏東縣
國立臺北科技大學,資訊與財金管理系,50,0,30 臺北市
國立臺北科技大學,資訊與財金管理系,225,9,30 臺北市
國立臺北科技大學,資訊與財金管理系,11,0,30 臺北市
國立臺北科技大學,資訊與財金管理碩士在職專班,103,0,30 臺北市
國立臺北科技大學,資訊與財金管理系,100,0,30 臺北市
國立臺北科技大學,資訊工程系,16,0,30 臺北市
國立臺北科技大學,資訊工程系,134,0,30 臺北市
國立臺北科技大學,資訊工程系,215,16,30 臺北市
國立臺北科技大學,資訊工程系,6,0,30 臺北市
國立臺東大學,資訊管理學系,92,0,14 臺東縣
國立臺東大學,資訊管理學系,14,0,14 臺東縣
國立臺東大學,資訊管理學系,184,10,14 臺東縣
國立臺東大學,資訊管理學系,30,0,14 臺東縣
國立臺東大學,綠色與資訊科技學位學程,85,3,14 臺東縣
國立臺東大學,資訊工程學系,335,12,14 臺東縣
國立宜蘭大學,資訊工程學系,32,0,02 宜蘭縣
國立宜蘭大學,資訊工程學系,185,9,02 宜蘭縣
國立宜蘭大學,電機資訊學院,26,0,02 宜蘭縣
國立聯合大學,資訊管理學系,24,0,05 苗栗縣
國立聯合大學,資訊管理學系,326,13,05 苗栗縣
國立聯合大學,資訊工程學系,12,0,05 苗栗縣
國立聯合大學,資訊工程學系,157,10,05 苗栗縣
國立聯合大學,資訊工程學系,166,0,05 苗栗縣
國立虎尾科技大學,資訊管理系,41,0,09 雲林縣
國立虎尾科技大學,資訊管理系,208,12,09 雲林縣
國立虎尾科技大學,資訊管理系,23,0,09 雲林縣
國立虎尾科技大學,資訊管理系,185,0,09 雲林縣
國立虎尾科技大學,資訊工程系,51,0,09 雲林縣
國立虎尾科技大學,資訊工程系,425,16,09 雲林縣
國立臺南大學,資訊工程學系,30,0,21 臺南市
國立臺南大學,資訊工程學系,166,9,21 臺南市
國立臺南大學,數位化資訊管理產業碩士專班,0,0,21 臺南市
國立臺北教育大學,數學暨資訊教育學系,37,0,30 臺北市
國立臺北教育大學,數學暨資訊教育學系,234,13,30 臺北市
國立臺北教育大學,數學暨資訊教育學系,44,0,30 臺北市
國立臺北教育大學,資訊科學系,32,0,30 臺北市
國立臺北教育大學,資訊科學系,158,10,30 臺北市
國立臺北教育大學,資訊科學系,37,0,30 臺北市
國立臺中教育大學,教育資訊與測驗統計研究所,32,0,19 臺中市
國立臺中教育大學,教育資訊與測驗統計研究所,41,8,19 臺中市
國立臺中教育大學,教育資訊與測驗統計研究所,43,0,19 臺中市
國立臺中教育大學,資訊工程學系,39,0,19 臺中市
國立臺中教育大學,資訊工程學系,194,10,19 臺中市
國立澎湖科技大學,資訊管理系,196,9,16 澎湖縣
國立澎湖科技大學,資訊管理系,141,0,16 澎湖縣
國立澎湖科技大學,資訊工程系,205,7,16 澎湖縣
國立勤益科技大學,資訊管理系,73,0,06 臺中市
國立勤益科技大學,資訊管理系,384,17,06 臺中市
國立勤益科技大學,資訊管理系,17,0,06 臺中市
國立勤益科技大學,資訊管理系,179,0,06 臺中市
國立勤益科技大學,資訊工程系,72,0,06 臺中市
國立勤益科技大學,資訊工程系,588,15,06 臺中市
國立勤益科技大學,資訊工程系,23,0,06 臺中市
國立勤益科技大學,資訊工程系,191,0,06 臺中市
國立臺北護理健康大學,資訊管理系,30,0,30 臺北市
國立臺北護理健康大學,資訊管理系,335,9,30 臺北市
國立金門大學,資訊工程學系,159,8,71 金門縣
國立金門大學,資訊工程學系,35,0,71 金門縣
國立金門大學,資訊科技與應用碩士班,15,0,71 金門縣
國立臺灣體育運動大學,運動資訊與傳播學系,191,8,19 臺中市
國立臺中科技大學,會計資訊系,16,0,19 臺中市
國立臺中科技大學,會計資訊系,391,23,19 臺中市
國立臺中科技大學,會計資訊系,95,0,19 臺中市
國立臺中科技大學,會計資訊科,448,0,19 臺中市
國立臺中科技大學,會計資訊系,29,0,19 臺中市
國立臺中科技大學,會計資訊系,300,0,19 臺中市
國立臺中科技大學,會計資訊系,65,0,19 臺中市
國立臺中科技大學,資訊管理系,28,0,19 臺中市
國立臺中科技大學,資訊管理系,216,29,19 臺中市
國立臺中科技大學,資訊管理系,176,0,19 臺中市
國立臺中科技大學,資訊管理科,426,0,19 臺中市
國立臺中科技大學,資訊管理系,26,0,19 臺中市
國立臺中科技大學,資訊管理系,242,1,19 臺中市
國立臺中科技大學,資訊工程系,43,0,19 臺中市
國立臺中科技大學,資訊工程系,236,13,19 臺中市
國立臺中科技大學,資訊工程科,47,0,19 臺中市
國立臺中科技大學,資訊工程系,34,0,19 臺中市
國立臺中科技大學,資訊工程系,161,0,19 臺中市
國立臺北商業大學,會計資訊系,21,0,30 臺北市
國立臺北商業大學,會計資訊系,307,20,30 臺北市
國立臺北商業大學,會計資訊系,78,0,30 臺北市
國立臺北商業大學,會計資訊科,254,0,30 臺北市
國立臺北商業大學,會計資訊系,149,0,30 臺北市
國立臺北商業大學,會計資訊系,72,0,30 臺北市
國立臺北商業大學,資訊管理系,173,19,30 臺北市
國立臺北商業大學,資訊管理系,62,0,30 臺北市
國立臺北商業大學,資訊管理科,260,0,30 臺北市
國立臺北商業大學,資訊管理系,185,0,30 臺北市
國立臺北商業大學,資訊管理系,99,0,30 臺北市
國立臺北商業大學,資訊與決策科學研究所,41,5,30 臺北市
國立屏東大學,資訊管理學系,23,0,13 屏東縣
國立屏東大學,資訊管理學系,216,10,13 屏東縣
國立屏東大學,資訊管理學系,154,0,13 屏東縣
國立屏東大學,資訊科學系,41,0,13 屏東縣
國立屏東大學,資訊科學系,193,11,13 屏東縣
國立屏東大學,資訊科學系,8,0,13 屏東縣
國立屏東大學,資訊工程學系,23,0,13 屏東縣
國立屏東大學,資訊工程學系,212,10,13 屏東縣
國立高雄科技大學,會計資訊系,32,0,50 高雄市
國立高雄科技大學,會計資訊系,214,9,50 高雄市
國立高雄科技大學,會計資訊系,0,0,50 高雄市
國立高雄科技大學,會計資訊系,13,0,50 高雄市
國立高雄科技大學,金融資訊系,40,0,50 高雄市
國立高雄科技大學,金融資訊系,198,12,50 高雄市
國立高雄科技大學,金融資訊系,69,0,50 高雄市
國立高雄科技大學,金融資訊系,105,0,50 高雄市
國立高雄科技大學,金融資訊系,31,0,50 高雄市
國立高雄科技大學,資訊財務學位學程,10,0,50 高雄市
國立高雄科技大學,海事資訊科技系,16,0,50 高雄市
國立高雄科技大學,海事資訊科技系,171,9,50 高雄市
國立高雄科技大學,資訊工程系,234,9,50 高雄市
國立高雄科技大學,資訊管理系,136,0,50 高雄市
國立高雄科技大學,資訊管理系,1151,46,50 高雄市
國立高雄科技大學,資訊管理系,3,0,50 高雄市
國立高雄科技大學,資訊管理系,106,0,50 高雄市
國立高雄科技大學,資訊工程系,27,0,50 高雄市
國立高雄科技大學,資訊工程系,31,0,50 高雄市
國立高雄科技大學,海事資訊科技系,24,0,50 高雄市
國立臺東專科學校,資訊管理科,78,5,14 臺東縣
國立臺東專科學校,資訊管理科,14,0,14 臺東縣
東海大學,工業工程與經營資訊學系,44,0,19 臺中市
東海大學,資訊管理學系,33,0,19 臺中市
東海大學,資訊管理學系,245,8,19 臺中市
東海大學,資訊工程學系,40,0,19 臺中市
東海大學,資訊工程學系,524,19,19 臺中市
東海大學,資訊工程學系,21,0,19 臺中市
東海大學,資訊工程學系,97,0,19 臺中市
東海大學,工業工程與經營資訊學系,23,0,19 臺中市
東海大學,工業工程與經營資訊學系,57,0,19 臺中市
東海大學,工業工程與經營資訊學系,474,16,19 臺中市
輔仁大學,圖書資訊學系,38,0,01 新北市
輔仁大學,圖書資訊學系,239,9,01 新北市
輔仁大學,圖書資訊學系,189,0,01 新北市
輔仁大學,統計資訊學系,44,0,01 新北市
輔仁大學,統計資訊學系,433,14,01 新北市
輔仁大學,統計資訊學系,49,0,01 新北市
輔仁大學,資訊工程學系,44,0,01 新北市
輔仁大學,資訊工程學系,477,15,01 新北市
輔仁大學,資訊工程學系,29,0,01 新北市
輔仁大學,資訊管理學系,36,0,01 新北市
輔仁大學,資訊管理學系,468,15,01 新北市
輔仁大學,資訊管理學系,60,0,01 新北市
輔仁大學,醫學資訊與創新應用學位學程,118,0,01 新北市
東吳大學,資訊管理學系,37,0,30 臺北市
東吳大學,資訊管理學系,466,19,30 臺北市
東吳大學,資訊管理學系,58,0,30 臺北市
中原大學,資訊管理學系,45,0,03 桃園市
中原大學,資訊管理學系,456,16,03 桃園市
中原大學,資訊管理學系,48,0,03 桃園市
中原大學,資訊工程學系,65,0,03 桃園市
中原大學,資訊工程學系,473,15,03 桃園市
中原大學,資訊工程學系,11,0,03 桃園市
中原大學,電機資訊學院,165,0,03 桃園市
淡江大學,資訊傳播學系,11,0,01 新北市
淡江大學,資訊傳播學系,440,9,01 新北市
淡江大學,資訊與圖書館學系,22,0,01 新北市
淡江大學,資訊與圖書館學系,478,10,01 新北市
淡江大學,資訊工程學系,19,0,01 新北市
淡江大學,資訊工程學系,108,0,01 新北市
淡江大學,資訊工程學系,711,26,01 新北市
淡江大學,資訊工程學系,35,0,01 新北市
淡江大學,資訊工程學系,129,0,01 新北市
淡江大學,資訊管理學系,50,0,01 新北市
淡江大學,資訊管理學系,721,20,01 新北市
淡江大學,資訊管理學系,33,0,01 新北市
淡江大學,資訊創新與科技學系,312,8,01 新北市
中國文化大學,資訊傳播學系,12,0,30 臺北市
中國文化大學,資訊傳播學系,506,11,30 臺北市
中國文化大學,資訊工程學系,8,0,30 臺北市
中國文化大學,資訊工程學系,451,10,30 臺北市
中國文化大學,資訊管理學系,688,23,30 臺北市
中國文化大學,資訊管理學系,46,0,30 臺北市
中國文化大學,資訊管理學系,50,0,30 臺北市
中國文化大學,資訊管理學系,21,0,30 臺北市
逢甲大學,資訊工程學系,29,0,19 臺中市
逢甲大學,資訊工程學系,102,0,19 臺中市
逢甲大學,資訊工程學系,943,31,19 臺中市
逢甲大學,資訊工程學系,3,0,19 臺中市
逢甲大學,資訊電機工程碩士在職專班,73,0,19 臺中市
逢甲大學,資訊電機學院,104,0,19 臺中市
逢甲大學,電機資訊學位學程,47,0,19 臺中市
逢甲大學,生醫資訊暨生醫工程學位學程,19,0,19 臺中市
逢甲大學,都市計畫與空間資訊學系,26,0,19 臺中市
逢甲大學,都市計畫與空間資訊學系,422,13,19 臺中市
逢甲大學,都市計畫與空間資訊學系,22,0,19 臺中市
靜宜大學,統計資訊學系,0,0,06 臺中市
靜宜大學,資訊管理學系,22,0,06 臺中市
靜宜大學,資訊管理學系,439,14,06 臺中市
靜宜大學,資訊傳播工程學系,12,0,06 臺中市
靜宜大學,資訊傳播工程學系,467,12,06 臺中市
靜宜大學,資訊應用與科技管理碩士在職專班,17,0,06 臺中市
靜宜大學,資訊學院,0,5,06 臺中市
靜宜大學,資訊工程學系,9,0,06 臺中市
靜宜大學,資訊工程學系,467,15,06 臺中市
長庚大學,資訊管理學系,46,0,03 桃園市
長庚大學,資訊管理學系,371,15,03 桃園市
長庚大學,資訊工程學系,47,0,03 桃園市
長庚大學,資訊工程學系,218,18,03 桃園市
元智大學,資訊社會學學位學程,2,0,03 桃園市
元智大學,生物與醫學資訊學位學程,5,0,03 桃園市
元智大學,資訊管理學系,23,0,03 桃園市
元智大學,資訊管理學系,51,0,03 桃園市
元智大學,資訊管理學系,470,22,03 桃園市
元智大學,資訊管理學系,71,0,03 桃園市
元智大學,資訊工程學系,20,0,03 桃園市
元智大學,資訊工程學系,94,0,03 桃園市
元智大學,資訊工程學系,624,24,03 桃園市
元智大學,資訊工程學系,52,0,03 桃園市
元智大學,資訊學院,55,0,03 桃園市
元智大學,資訊傳播學系,31,0,03 桃園市
元智大學,資訊傳播學系,529,13,03 桃園市
中華大學,生物資訊學系,2,0,18 新竹市
中華大學,生物資訊學系,141,7,18 新竹市
中華大學,資訊管理學系,32,0,18 新竹市
中華大學,資訊管理學系,322,13,18 新竹市
中華大學,資訊管理學系,21,0,18 新竹市
中華大學,資訊管理學系,27,0,18 新竹市
中華大學,資訊工程學系,51,0,18 新竹市
中華大學,資訊工程學系,391,16,18 新竹市
中華大學,資訊工程學系,17,0,18 新竹市
大葉大學,會計資訊學系,161,7,07 彰化縣
大葉大學,會計資訊學系,56,0,07 彰化縣
大葉大學,資訊管理學系,28,0,07 彰化縣
大葉大學,資訊管理學系,170,8,07 彰化縣
大葉大學,資訊管理學系,20,0,07 彰化縣
大葉大學,資訊管理學系,66,0,07 彰化縣
大葉大學,資訊工程學系,18,0,07 彰化縣
大葉大學,資訊工程學系,170,8,07 彰化縣
華梵大學,資訊管理學系,7,0,01 新北市
華梵大學,資訊管理學系,88,4,01 新北市
華梵大學,資訊管理學系,31,0,01 新北市
華梵大學,工業工程與經營資訊學系,9,0,01 新北市
華梵大學,工業工程與經營資訊學系,96,9,01 新北市
華梵大學,工業工程與經營資訊學系,8,0,01 新北市
義守大學,資訊管理學系,8,0,12 高雄市
義守大學,資訊管理學系,336,18,12 高雄市
義守大學,資訊管理學系,73,0,12 高雄市
義守大學,資訊管理學系,293,0,12 高雄市
義守大學,資訊工程學系,42,0,12 高雄市
義守大學,資訊工程學系,23,0,12 高雄市
義守大學,資訊工程學系,410,18,12 高雄市
義守大學,資訊工程學系,21,0,12 高雄市
義守大學,資訊工程學系,16,0,12 高雄市
義守大學,電機資訊學院,53,0,12 高雄市
世新大學,資訊傳播學系,10,0,30 臺北市
世新大學,資訊傳播學系,244,9,30 臺北市
世新大學,資訊傳播學系,26,0,30 臺北市
世新大學,資訊管理學系,31,0,30 臺北市
世新大學,資訊管理學系,753,27,30 臺北市
世新大學,資訊管理學系,56,0,30 臺北市
世新大學,創新科技暨資訊應用產業碩士專班,33,0,30 臺北市
世新大學,資訊軟體產業碩士專班,0,0,30 臺北市
銘傳大學,醫療資訊與管理學系,20,0,30 臺北市
銘傳大學,醫療資訊與管理學系,433,11,30 臺北市
銘傳大學,資訊管理學系,15,0,30 臺北市
銘傳大學,資訊管理學系,673,23,30 臺北市
銘傳大學,資訊管理學系,29,0,30 臺北市
銘傳大學,資訊傳播工程學系,22,0,30 臺北市
銘傳大學,資訊傳播工程學系,428,14,30 臺北市
銘傳大學,資訊科技應用學位學程,54,3,30 臺北市
銘傳大學,資訊工程學系,28,0,30 臺北市
銘傳大學,資訊工程學系,426,18,30 臺北市
銘傳大學,資訊網路系統產業碩士專班,0,0,30 臺北市
實踐大學,資訊模擬與設計學系,375,8,30 臺北市
實踐大學,資訊科技與管理學系,12,0,30 臺北市
實踐大學,資訊科技與管理學系,421,12,30 臺北市
實踐大學,資訊科技與管理學系,8,0,30 臺北市
實踐大學,資訊管理學系,206,9,30 臺北市
實踐大學,資訊科技與通訊學系,265,8,30 臺北市
朝陽科技大學,資訊與通訊系,475,16,06 臺中市
朝陽科技大學,資訊與通訊系,21,0,06 臺中市
朝陽科技大學,資訊管理系,17,0,06 臺中市
朝陽科技大學,資訊管理系,58,0,06 臺中市
朝陽科技大學,資訊管理系,670,25,06 臺中市
朝陽科技大學,資訊管理系,1,0,06 臺中市
朝陽科技大學,資訊管理系,14,0,06 臺中市
朝陽科技大學,資訊管理系,141,0,06 臺中市
朝陽科技大學,資訊與通訊系,51,0,06 臺中市
朝陽科技大學,資訊工程系,28,0,06 臺中市
朝陽科技大學,資訊工程系,483,17,06 臺中市
朝陽科技大學,資訊工程系,0,0,06 臺中市
朝陽科技大學,資訊工程系,13,0,06 臺中市
朝陽科技大學,資訊工程系,118,0,06 臺中市
高雄醫學大學,醫務管理暨醫療資訊學系,26,0,50 高雄市
高雄醫學大學,醫務管理暨醫療資訊學系,228,11,50 高雄市
高雄醫學大學,醫務管理暨醫療資訊學系,53,0,50 高雄市
南華大學,資訊科技進修學士班,119,0,10 嘉義縣
南華大學,資訊管理學系,20,0,10 嘉義縣
南華大學,資訊管理學系,206,14,10 嘉義縣
南華大學,資訊管理學系,56,0,10 嘉義縣
南華大學,資訊工程學系,250,11,10 嘉義縣
真理大學,人文與資訊學系,165,6,01 新北市
真理大學,運動資訊傳播學系,267,8,01 新北市
真理大學,會計資訊學系,246,9,01 新北市
真理大學,工業管理與經營資訊學系,250,10,01 新北市
真理大學,資訊工程學系,304,13,01 新北市
真理大學,資訊工程學系,10,0,01 新北市
真理大學,資訊管理學系,299,12,01 新北市
真理大學,資訊管理學系,4,0,01 新北市
大同大學,資訊經營學系,14,0,30 臺北市
大同大學,資訊經營學系,233,10,30 臺北市
大同大學,資訊經營學系,31,0,30 臺北市
大同大學,資訊工程學系,8,0,30 臺北市
大同大學,資訊工程學系,40,0,30 臺北市
大同大學,資訊工程學系,436,13,30 臺北市
大同大學,資訊工程學系,20,0,30 臺北市
南臺科技大學,資訊傳播系,19,0,11 臺南市
南臺科技大學,資訊傳播系,443,12,11 臺南市
南臺科技大學,資訊傳播系,1,0,11 臺南市
南臺科技大學,資訊傳播系,108,0,11 臺南市
南臺科技大學,會計資訊系,26,0,11 臺南市
南臺科技大學,會計資訊系,384,11,11 臺南市
南臺科技大學,工業管理與資訊系,12,0,11 臺南市
南臺科技大學,工業管理與資訊系,685,24,11 臺南市
南臺科技大學,工業管理與資訊系,21,0,11 臺南市
南臺科技大學,工業管理與資訊系,30,0,11 臺南市
南臺科技大學,資訊管理系,28,0,11 臺南市
南臺科技大學,資訊管理系,609,21,11 臺南市
南臺科技大學,資訊管理系,7,0,11 臺南市
南臺科技大學,資訊管理系,33,0,11 臺南市
南臺科技大學,資訊管理系,148,0,11 臺南市
南臺科技大學,資訊工程系,34,0,11 臺南市
南臺科技大學,資訊工程系,440,19,11 臺南市
南臺科技大學,資訊工程科,22,0,11 臺南市
南臺科技大學,資訊工程系,63,0,11 臺南市
崑山科技大學,會計資訊系,27,7,11 臺南市
崑山科技大學,會計資訊系,9,0,11 臺南市
崑山科技大學,資訊傳播系,175,7,11 臺南市
崑山科技大學,資訊傳播系,48,0,11 臺南市
崑山科技大學,資訊管理系,19,0,11 臺南市
崑山科技大學,資訊管理系,300,16,11 臺南市
崑山科技大學,資訊管理系,25,0,11 臺南市
崑山科技大學,資訊管理系,114,1,11 臺南市
崑山科技大學,資訊管理系,19,0,11 臺南市
崑山科技大學,資訊工程系,9,0,11 臺南市
崑山科技大學,資訊工程系,336,15,11 臺南市
崑山科技大學,資訊工程系,11,0,11 臺南市
崑山科技大學,資訊工程系,52,0,11 臺南市
嘉南藥理大學,資訊管理系,504,18,11 臺南市
嘉南藥理大學,資訊管理系,156,0,11 臺南市
嘉南藥理大學,資訊多媒體應用系,289,10,11 臺南市
嘉南藥理大學,資訊多媒體應用系,60,0,11 臺南市
嘉南藥理大學,應用空間資訊系,7,0,11 臺南市
嘉南藥理大學,應用空間資訊系,426,19,11 臺南市
嘉南藥理大學,應用空間資訊系,22,0,11 臺南市
樹德科技大學,資訊管理系,19,0,12 高雄市
樹德科技大學,資訊管理系,361,13,12 高雄市
樹德科技大學,資訊管理系,27,0,12 高雄市
樹德科技大學,資訊管理系,69,0,12 高雄市
樹德科技大學,資訊工程系,19,0,12 高雄市
樹德科技大學,資訊工程系,385,13,12 高雄市
樹德科技大學,資訊工程系,36,0,12 高雄市
樹德科技大學,資訊工程系,71,0,12 高雄市
慈濟大學,醫學資訊學系,29,0,15 花蓮縣
慈濟大學,醫學資訊學系,171,11,15 花蓮縣
臺北醫學大學,醫學資訊研究所,32,0,30 臺北市
臺北醫學大學,醫學資訊研究所,24,14,30 臺北市
臺北醫學大學,醫學資訊研究所,35,0,30 臺北市
中山醫學大學,醫學資訊學系,8,0,19 臺中市
中山醫學大學,醫學資訊學系,148,9,19 臺中市
龍華科技大學,資訊管理系,21,0,03 桃園市
龍華科技大學,資訊管理系,438,19,03 桃園市
龍華科技大學,資訊管理系,1,0,03 桃園市
龍華科技大學,資訊管理系,22,0,03 桃園市
龍華科技大學,資訊管理系,194,0,03 桃園市
龍華科技大學,資訊網路工程系,10,0,03 桃園市
龍華科技大學,資訊網路工程系,545,13,03 桃園市
龍華科技大學,資訊網路工程系,240,0,03 桃園市
輔英科技大學,資訊科技與管理系,331,15,12 高雄市
輔英科技大學,資訊科技與管理系,113,0,12 高雄市
明新科技大學,資訊管理系,24,0,04 新竹縣
明新科技大學,資訊管理系,397,23,04 新竹縣
明新科技大學,資訊管理系,152,0,04 新竹縣
明新科技大學,資訊管理系,3,0,04 新竹縣
明新科技大學,資訊工程系,460,18,04 新竹縣
明新科技大學,資訊工程系,102,0,04 新竹縣
長榮大學,會計資訊學系,278,14,11 臺南市
長榮大學,資訊暨設計學位學程,14,40,11 臺南市
長榮大學,資訊管理學系,1,0,11 臺南市
長榮大學,資訊管理學系,214,0,11 臺南市
長榮大學,資訊工程學系,228,0,11 臺南市
弘光科技大學,資訊管理系,329,12,06 臺中市
弘光科技大學,資訊管理系,176,0,06 臺中市
弘光科技大學,資訊工程系,4,0,06 臺中市
弘光科技大學,資訊工程系,301,10,06 臺中市
弘光科技大學,資訊工程系,140,0,06 臺中市
健行科技大學,資訊管理系,540,18,03 桃園市
健行科技大學,資訊管理系,28,0,03 桃園市
健行科技大學,資訊管理系,179,0,03 桃園市
健行科技大學,資訊管理系,48,0,03 桃園市
健行科技大學,資訊管理系,11,0,03 桃園市
健行科技大學,資訊工程系,46,0,03 桃園市
健行科技大學,資訊工程系,637,20,03 桃園市
健行科技大學,資訊工程系,120,0,03 桃園市
健行科技大學,應用空間資訊系,125,8,03 桃園市
正修科技大學,資訊管理系,22,0,12 高雄市
正修科技大學,資訊管理系,376,20,12 高雄市
正修科技大學,資訊管理系,19,0,12 高雄市
正修科技大學,資訊管理系,291,0,12 高雄市
正修科技大學,資訊管理系,69,0,12 高雄市
正修科技大學,資訊工程系,20,0,12 高雄市
正修科技大學,資訊工程系,550,14,12 高雄市
正修科技大學,資訊工程系,206,0,12 高雄市
正修科技大學,土木與空間資訊系,46,0,12 高雄市
正修科技大學,土木與空間資訊系,430,12,12 高雄市
正修科技大學,土木與空間資訊系,190,7,12 高雄市
正修科技大學,土木與資訊工程系,0,0,12 高雄市
萬能科技大學,資訊管理系,19,0,03 桃園市
萬能科技大學,資訊管理系,297,14,03 桃園市
萬能科技大學,資訊管理系,24,0,03 桃園市
萬能科技大學,資訊管理系,1,0,03 桃園市
萬能科技大學,資訊管理系,31,0,03 桃園市
萬能科技大學,資訊工程系,217,12,03 桃園市
萬能科技大學,資訊工程系,91,1,03 桃園市
萬能科技大學,資訊工程系,21,0,03 桃園市
玄奘大學,資訊管理學系,26,0,18 新竹市
玄奘大學,資訊管理學系,68,6,18 新竹市
玄奘大學,資訊管理學系,4,0,18 新竹市
建國科技大學,資訊管理系,314,11,07 彰化縣
建國科技大學,資訊管理系,128,0,07 彰化縣
建國科技大學,資訊與網路通訊系,183,10,07 彰化縣
建國科技大學,資訊與網路通訊系,54,0,07 彰化縣
高苑科技大學,資訊傳播系,88,8,12 高雄市
高苑科技大學,資訊傳播系,35,0,12 高雄市
高苑科技大學,資訊管理系,113,10,12 高雄市
高苑科技大學,資訊管理系,85,3,12 高雄市
高苑科技大學,資訊科技應用系,13,0,12 高雄市
高苑科技大學,資訊科技應用系,190,9,12 高雄市
高苑科技大學,資訊科技應用系,25,0,12 高雄市
高苑科技大學,資訊科技應用系,10,0,12 高雄市
大仁科技大學,資訊應用與管理系,16,6,13 屏東縣
大仁科技大學,資訊應用與管理系,10,0,13 屏東縣
大仁科技大學,資訊工程與娛樂科技系,76,6,13 屏東縣
聖約翰科技大學,資訊管理系,96,8,01 新北市
聖約翰科技大學,資訊管理系,15,0,01 新北市
聖約翰科技大學,資訊工程系,24,0,01 新北市
聖約翰科技大學,資訊工程系,185,15,01 新北市
聖約翰科技大學,資訊工程系,0,0,01 新北市
聖約翰科技大學,醫護資訊學位學程,28,0,01 新北市
聖約翰科技大學,資訊與通訊系,20,0,01 新北市
聖約翰科技大學,資訊與通訊系,132,9,01 新北市
聖約翰科技大學,電子資訊科,92,0,01 新北市
嶺東科技大學,會計資訊系,176,8,19 臺中市
嶺東科技大學,資訊管理系,460,18,19 臺中市
嶺東科技大學,資訊管理系,5,0,19 臺中市
嶺東科技大學,資訊科技系,16,0,19 臺中市
嶺東科技大學,資訊科技系,375,11,19 臺中市
嶺東科技大學,資訊科技系,194,1,19 臺中市
嶺東科技大學,資訊管理系,16,0,19 臺中市
嶺東科技大學,資訊網路系,394,11,19 臺中市
嶺東科技大學,資訊網路系,102,0,19 臺中市
嶺東科技大學,資訊管理系,164,0,19 臺中市
中國科技大學,資訊管理系,462,20,30 臺北市
中國科技大學,資訊管理系,95,0,30 臺北市
中國科技大學,資訊工程系,113,10,30 臺北市
中國科技大學,資訊工程系,32,0,30 臺北市
中臺科技大學,資訊管理系,323,12,19 臺中市
中臺科技大學,資訊管理系,100,0,19 臺中市
亞洲大學,資訊傳播學系,14,0,06 臺中市
亞洲大學,資訊傳播學系,415,11,06 臺中市
亞洲大學,會計與資訊學系,13,0,06 臺中市
亞洲大學,會計與資訊學系,286,11,06 臺中市
亞洲大學,資訊工程學系,21,0,06 臺中市
亞洲大學,資訊工程學系,32,0,06 臺中市
亞洲大學,資訊工程學系,334,19,06 臺中市
亞洲大學,資訊工程學系,35,0,06 臺中市
亞洲大學,生物資訊與醫學工程學系,14,0,06 臺中市
亞洲大學,生物資訊與醫學工程學系,9,0,06 臺中市
亞洲大學,生物資訊與醫學工程學系,147,13,06 臺中市
亞洲大學,生物資訊與醫學工程學系,23,0,06 臺中市
開南大學,資訊傳播學系,197,8,03 桃園市
開南大學,資訊管理學系,9,0,03 桃園市
開南大學,資訊管理學系,213,16,03 桃園市
開南大學,資訊管理學系,20,0,03 桃園市
開南大學,資訊學院,9,0,03 桃園市
開南大學,資訊學院,45,0,03 桃園市
開南大學,資訊學院,22,0,03 桃園市
佛光大學,資訊應用學系,29,0,02 宜蘭縣
佛光大學,資訊應用學系,246,13,02 宜蘭縣
佛光大學,資訊應用學系,19,0,02 宜蘭縣
台南應用科技大學,會計資訊系,98,7,11 臺南市
台南應用科技大學,資訊管理系,348,13,11 臺南市
台南應用科技大學,資訊管理系,68,0,11 臺南市
台南應用科技大學,資訊管理系,11,0,11 臺南市
遠東科技大學,資訊工程系,251,11,11 臺南市
遠東科技大學,資訊管理系,93,6,11 臺南市
元培醫事科技大學,資訊管理系,226,10,18 新竹市
元培醫事科技大學,資訊管理系,186,0,18 新竹市
元培醫事科技大學,資訊管理系,27,0,18 新竹市
景文科技大學,資訊管理系,0,0,01 新北市
景文科技大學,資訊管理系,0,0,01 新北市
景文科技大學,資訊工程系,153,9,01 新北市
景文科技大學,資訊工程系,11,0,01 新北市
中華醫事科技大學,數位設計與資訊管理系,182,10,11 臺南市
中華醫事科技大學,數位設計與資訊管理系,17,0,11 臺南市
中華醫事科技大學,資訊管理系,181,0,11 臺南市
東南科技大學,資訊科技系,192,10,01 新北市
東南科技大學,資訊管理系,63,7,01 新北市
東南科技大學,資訊管理系,15,0,01 新北市
東南科技大學,資訊管理系,1,0,01 新北市
德明財經科技大學,會計資訊系,497,13,30 臺北市
德明財經科技大學,資訊科技系,391,10,30 臺北市
德明財經科技大學,資訊科技系,0,0,30 臺北市
德明財經科技大學,資訊管理系,516,16,30 臺北市
德明財經科技大學,資訊管理系,29,0,30 臺北市
德明財經科技大學,資訊管理系,49,0,30 臺北市
德明財經科技大學,資訊管理系,14,0,30 臺北市
明道大學,資訊傳播學系,7,0,07 彰化縣
明道大學,資訊傳播學系,93,8,07 彰化縣
明道大學,資訊傳播學系,13,0,07 彰化縣
南開科技大學,資訊管理系,88,7,08 南投縣
南開科技大學,資訊管理系,21,0,08 南投縣
南開科技大學,電機與資訊技術系,162,13,08 南投縣
南開科技大學,電機與資訊技術系,10,0,08 南投縣
南開科技大學,電機與資訊技術科,282,0,08 南投縣
南開科技大學,電機與資訊技術系,61,0,08 南投縣
中華科技大學,資訊管理系,177,11,30 臺北市
中華科技大學,資訊管理系,51,0,30 臺北市
中華科技大學,資訊管理系,51,0,30 臺北市
中華科技大學,資訊工程系,53,5,30 臺北市
僑光科技大學,會計資訊系,0,0,19 臺中市
僑光科技大學,會計資訊系,0,0,19 臺中市
僑光科技大學,資訊科技系,353,17,19 臺中市
僑光科技大學,資訊科技系,448,2,19 臺中市
僑光科技大學,資訊管理系,0,0,19 臺中市
僑光科技大學,資訊管理系,0,0,19 臺中市
育達科技大學,財務資訊與金融系,1,0,05 苗栗縣
育達科技大學,資訊管理系,54,0,05 苗栗縣
育達科技大學,資訊管理系,231,10,05 苗栗縣
育達科技大學,資訊管理系,75,0,05 苗栗縣
育達科技大學,資訊管理系,337,1,05 苗栗縣
美和科技大學,資訊管理系,39,0,13 屏東縣
美和科技大學,資訊管理科,0,0,13 屏東縣
美和科技大學,資訊管理系,159,10,13 屏東縣
美和科技大學,資訊管理系,29,0,13 屏東縣
美和科技大學,資訊科技系,129,7,13 屏東縣
美和科技大學,資訊科技系,28,0,13 屏東縣
吳鳳科技大學,資訊管理系,28,6,10 嘉義縣
吳鳳科技大學,資訊管理系,14,0,10 嘉義縣
吳鳳科技大學,資訊工程系,82,6,10 嘉義縣
吳鳳科技大學,資訊工程系,1,0,10 嘉義縣
環球科技大學,資訊與電子商務管理系,144,11,09 雲林縣
環球科技大學,資訊與電子商務管理系,47,0,09 雲林縣
環球科技大學,資訊與電子商務管理科,13,0,09 雲林縣
台灣首府大學,休閒資訊管理學系,129,7,11 臺南市
台灣首府大學,休閒資訊管理學系,78,0,11 臺南市
台灣首府大學,資訊與多媒體設計學系,115,6,11 臺南市
台灣首府大學,資訊與多媒體設計學系,13,0,11 臺南市
中州科技大學,資訊管理系,38,6,07 彰化縣
中州科技大學,資訊管理系,61,2,07 彰化縣
中州科技大學,資訊管理系,111,0,07 彰化縣
修平科技大學,資訊網路技術系,233,9,06 臺中市
修平科技大學,資訊網路技術系,2,0,06 臺中市
修平科技大學,資訊管理系,195,9,06 臺中市
修平科技大學,資訊管理系,131,0,06 臺中市
臺北城市科技大學,資訊管理系,15,0,30 臺北市
臺北城市科技大學,資訊管理系,248,13,30 臺北市
臺北城市科技大學,資訊工程系,8,0,30 臺北市
臺北城市科技大學,資訊工程系,399,23,30 臺北市
臺北城市科技大學,資訊工程科,254,0,30 臺北市
大華科技大學,資訊管理系,49,8,04 新竹縣
大華科技大學,資訊管理系,16,0,04 新竹縣
大華科技大學,資訊管理科,74,0,04 新竹縣
大華科技大學,資訊管理系,3,0,04 新竹縣
大華科技大學,資訊管理系,71,0,04 新竹縣
大華科技大學,資訊管理科,64,0,04 新竹縣
醒吾科技大學,資訊傳播系,382,12,01 新北市
醒吾科技大學,資訊傳播系,0,0,01 新北市
醒吾科技大學,資訊傳播系,77,0,01 新北市
醒吾科技大學,資訊管理系,246,12,01 新北市
醒吾科技大學,資訊管理系,84,0,01 新北市
醒吾科技大學,資訊科技系,0,0,01 新北市
醒吾科技大學,資訊科技應用系,17,0,01 新北市
醒吾科技大學,資訊科技應用系,285,10,01 新北市
醒吾科技大學,資訊科技應用系,40,0,01 新北市
南榮科技大學,資訊科技系,65,7,11 臺南市
南榮科技大學,資訊科技系,82,0,11 臺南市
南榮科技大學,資訊管理系,35,7,11 臺南市
南榮科技大學,資訊管理科,26,0,11 臺南市
南榮科技大學,資訊管理系,47,0,11 臺南市
南榮科技大學,資訊管理科,17,0,11 臺南市
華夏科技大學,資訊管理系,164,14,01 新北市
華夏科技大學,資訊管理系,47,0,01 新北市
華夏科技大學,資訊管理科,178,0,01 新北市
華夏科技大學,資訊管理系,31,0,01 新北市
華夏科技大學,資訊管理系,75,1,01 新北市
華夏科技大學,資訊管理系,45,0,01 新北市
華夏科技大學,資訊管理科,35,0,01 新北市
華夏科技大學,資訊工程系,166,8,01 新北市
華夏科技大學,資訊工程系,57,0,01 新北市
慈濟科技大學,資訊科技與管理系,245,11,15 花蓮縣
致理科技大學,會計資訊系,631,24,01 新北市
致理科技大學,會計資訊系,2,0,01 新北市
致理科技大學,會計資訊科,267,0,01 新北市
致理科技大學,會計資訊系,146,0,01 新北市
致理科技大學,資訊管理科,1,0,01 新北市
致理科技大學,資訊管理系,201,0,01 新北市
致理科技大學,資訊管理系,654,18,01 新北市
康寧大學,資訊傳播學系,4,0,30 臺北市
康寧大學,資訊傳播學系,33,2,30 臺北市
康寧大學,資訊傳播學系,18,0,30 臺北市
康寧大學,資訊傳播學系,4,0,30 臺北市
康寧大學,資訊管理科,329,7,30 臺北市
宏國德霖科技大學,資訊工程系,197,15,01 新北市
宏國德霖科技大學,資訊工程科,117,0,01 新北市
宏國德霖科技大學,資訊工程系,121,0,01 新北市
宏國德霖科技大學,資訊工程系,35,0,01 新北市
宏國德霖科技大學,資訊工程科,21,0,01 新北市
台北海洋科技大學,資訊科技與行動通訊系,0,0,01 新北市
台北海洋科技大學,資訊科技與行動通訊科,2,0,01 新北市
和春技術學院,資訊管理系,10,6,12 高雄市
和春技術學院,資訊管理系,17,0,12 高雄市
和春技術學院,資訊管理科,36,0,12 高雄市
和春技術學院,資訊管理系,29,1,12 高雄市
和春技術學院,資訊管理系,42,0,12 高雄市
和春技術學院,資訊管理科,52,0,12 高雄市
和春技術學院,資訊工程系,4,1,12 高雄市
和春技術學院,資訊工程科,9,0,12 高雄市
和春技術學院,資訊工程系,3,0,12 高雄市
和春技術學院,資訊工程系,0,0,12 高雄市
亞東技術學院,資訊管理系,336,10,01 新北市
南亞技術學院,資訊管理系,27,3,03 桃園市
南亞技術學院,資訊管理系,27,0,03 桃園市
南亞技術學院,資訊工程系,99,7,03 桃園市
南亞技術學院,資訊工程系,7,0,03 桃園市
蘭陽技術學院,資訊管理科,2,1,02 宜蘭縣
黎明技術學院,資訊管理系,53,3,01 新北市
黎明技術學院,資訊管理系,33,0,01 新北市
黎明技術學院,資訊科技系,167,7,01 新北市
經國管理暨健康學院,醫護資訊應用系,110,7,17 基隆市
經國管理暨健康學院,資訊多媒體應用系,0,0,17 基隆市
樹人醫護管理專科學校,資訊管理科,200,7,12 高雄市
聖母醫護管理專科學校,資訊管理科,117,5,02 宜蘭縣
臺北市立大學,資訊科學系,45,0,30 臺北市
臺北市立大學,資訊科學系,170,10,30 臺北市
臺北市立大學,資訊科學系,60,0,30 臺北市
國立政治大學,圖書資訊與檔案學研究所,12,0,30 臺北市
國立政治大學,圖書資訊與檔案學研究所,57,6,30 臺北市
國立政治大學,圖書資訊與檔案學研究所圖書資訊學數位碩士在職專班,54,1,30 臺北市
國立政治大學,資訊管理學系,48,0,30 臺北市
國立政治大學,資訊管理學系,84,0,30 臺北市
國立政治大學,資訊管理學系,334,21,30 臺北市
國立政治大學,資訊科學系,8,0,30 臺北市
國立政治大學,資訊科學系,115,0,30 臺北市
國立政治大學,資訊科學系,206,20,30 臺北市
國立政治大學,資訊科學系,81,1,30 臺北市
國立清華大學,生物資訊與結構生物研究所,53,0,18 新竹市
國立清華大學,生物資訊與結構生物研究所,62,8,18 新竹市
國立清華大學,資訊工程學系,53,0,18 新竹市
國立清華大學,資訊工程學系,368,0,18 新竹市
國立清華大學,資訊工程學系,574,40,18 新竹市
國立清華大學,資訊安全研究所,11,0,18 新竹市
國立清華大學,資訊系統與應用研究所,18,0,18 新竹市
國立清華大學,資訊系統與應用研究所,133,0,18 新竹市
國立清華大學,電機資訊學院學士班,145,0,18 新竹市
國立臺灣大學,圖書資訊學系,21,0,30 臺北市
國立臺灣大學,圖書資訊學系,53,0,30 臺北市
國立臺灣大學,圖書資訊學系,200,13,30 臺北市
國立臺灣大學,生物資訊學國際研究生博士學位學程,4,0,30 臺北市
國立臺灣大學,資訊管理學系,21,0,30 臺北市
國立臺灣大學,資訊管理學系,111,0,30 臺北市
國立臺灣大學,資訊管理學系,212,14,30 臺北市
國立臺灣大學,資訊網路與多媒體研究所,39,0,30 臺北市
國立臺灣大學,資訊網路與多媒體研究所,109,8,30 臺北市
國立臺灣大學,資訊工程學系,106,0,30 臺北市
國立臺灣大學,資訊工程學系,350,0,30 臺北市
國立臺灣大學,資訊工程學系,556,30,30 臺北市
國立臺灣大學,資訊工程學系,18,0,30 臺北市
國立臺灣大學,生醫電子與資訊學研究所,82,0,30 臺北市
國立臺灣大學,生醫電子與資訊學研究所,108,7,30 臺北市
國立臺灣師範大學,資訊教育研究所,22,0,30 臺北市
國立臺灣師範大學,資訊教育研究所,55,7,30 臺北市
國立臺灣師範大學,圖書資訊學研究所,13,0,30 臺北市
國立臺灣師範大學,圖書資訊學研究所,56,8,30 臺北市
國立臺灣師範大學,圖書資訊學研究所圖書資訊學碩士在職專班,47,0,30 臺北市
國立臺灣師範大學,資訊工程學系,16,0,30 臺北市
國立臺灣師範大學,資訊工程學系,157,0,30 臺北市
國立臺灣師範大學,資訊工程學系,219,18,30 臺北市
國立成功大學,工業與資訊管理學系,21,0,21 臺南市
國立成功大學,工業與資訊管理學系,91,0,21 臺南市
國立成功大學,工業與資訊管理學系,232,14,21 臺南市
國立成功大學,工業與資訊管理學系,98,0,21 臺南市
國立成功大學,資訊管理研究所,14,0,21 臺南市
國立成功大學,資訊管理研究所,56,7,21 臺南市
國立成功大學,資訊工程學系,73,0,21 臺南市
國立成功大學,資訊工程學系,272,0,21 臺南市
國立成功大學,資訊工程學系,466,27,21 臺南市
國立成功大學,醫學資訊研究所,38,5,21 臺南市
國立成功大學,製造資訊與系統研究所,26,0,21 臺南市
國立成功大學,製造資訊與系統研究所,61,7,21 臺南市
國立成功大學,測量及空間資訊學系,31,0,21 臺南市
國立成功大學,測量及空間資訊學系,64,0,21 臺南市
國立成功大學,測量及空間資訊學系,186,16,21 臺南市
國立中興大學,圖書資訊學研究所,35,5,19 臺中市
國立中興大學,基因體暨生物資訊學研究所,22,7,19 臺中市
國立中興大學,資訊管理學系,75,0,19 臺中市
國立中興大學,資訊管理學系,139,12,19 臺中市
國立中興大學,資訊管理學系,65,0,19 臺中市
國立中興大學,資訊科學與工程學系,32,0,19 臺中市
國立中興大學,資訊科學與工程學系,147,0,19 臺中市
國立中興大學,資訊科學與工程學系,176,18,19 臺中市
國立中興大學,資訊科學與工程學系,96,0,19 臺中市
國立交通大學,資訊管理與財務金融學系財務金融博士班(含資訊管理博士班),31,0,18 新竹市
國立交通大學,資訊管理與財務金融學系財務金融碩士班(含資訊管理碩士班),104,0,18 新竹市
國立交通大學,資訊管理與財務金融學系,178,13,18 新竹市
國立交通大學,生物資訊及系統生物研究所,28,0,18 新竹市
國立交通大學,生物資訊及系統生物研究所,46,8,18 新竹市
國立交通大學,網路與資訊系統博士學位學程,4,0,18 新竹市
國立交通大學,資訊管理研究所,33,0,18 新竹市
國立交通大學,資訊管理研究所,77,7,18 新竹市
國立交通大學,資訊工程學系,778,19,18 新竹市
國立交通大學,資訊科學與工程研究所,153,0,18 新竹市
國立交通大學,資訊科學與工程研究所,391,23,18 新竹市
國立交通大學,資訊學院博士班,6,0,18 新竹市
國立交通大學,資訊學院國防資安管理碩士在職專班,48,0,18 新竹市
國立交通大學,電機資訊國際博士學位學程,98,0,18 新竹市
國立交通大學,電機資訊國際碩士學位學程,73,0,18 新竹市
國立交通大學,電機資訊學士班,76,0,18 新竹市
國立交通大學,資訊學院碩士在職專班,102,0,18 新竹市
國立中央大學,資訊管理學系,13,0,03 桃園市
國立中央大學,資訊管理學系,120,0,03 桃園市
國立中央大學,資訊管理學系,418,18,03 桃園市
國立中央大學,資訊管理學系,74,0,03 桃園市
國立中央大學,資訊工程學系,67,0,03 桃園市
國立中央大學,資訊工程學系,289,0,03 桃園市
國立中央大學,資訊工程學系,446,33,03 桃園市
國立中央大學,資訊工程學系,89,0,03 桃園市
國立中央大學,資訊電機學院學士班,42,0,03 桃園市
國立中山大學,資訊工程學系,18,0,50 高雄市
國立中山大學,資訊工程學系,218,0,50 高雄市
國立中山大學,資訊工程學系,238,19,50 高雄市
國立中山大學,資訊管理學系,23,0,50 高雄市
國立中山大學,資訊管理學系,112,0,50 高雄市
國立中山大學,資訊管理學系,205,18,50 高雄市
國立中山大學,資訊管理學系,76,0,50 高雄市
國立中山大學,資訊工程學系資訊安全碩士班,15,0,50 高雄市
國立臺灣海洋大學,海洋環境資訊系,11,0,17 基隆市
國立臺灣海洋大學,海洋環境資訊系,23,0,17 基隆市
國立臺灣海洋大學,海洋環境資訊系,165,13,17 基隆市
國立臺灣海洋大學,海洋環境資訊系,30,0,17 基隆市
國立臺灣海洋大學,資訊工程學系,8,0,17 基隆市
國立臺灣海洋大學,資訊工程學系,128,0,17 基隆市
國立臺灣海洋大學,資訊工程學系,459,27,17 基隆市
國立臺灣海洋大學,資訊工程學系,28,0,17 基隆市
國立中正大學,會計與資訊科技學系,20,0,10 嘉義縣
國立中正大學,會計與資訊科技學系,52,0,10 嘉義縣
國立中正大學,會計與資訊科技學系,233,14,10 嘉義縣
國立中正大學,會計與資訊科技學系,107,0,10 嘉義縣
國立中正大學,資訊管理學系,24,0,10 嘉義縣
國立中正大學,資訊管理學系,98,0,10 嘉義縣
國立中正大學,資訊管理學系,188,13,10 嘉義縣
國立中正大學,資訊管理學系,71,0,10 嘉義縣
國立中正大學,資訊工程學系,24,0,10 嘉義縣
國立中正大學,資訊工程學系,275,0,10 嘉義縣
國立中正大學,資訊工程學系,390,28,10 嘉義縣
國立中正大學,資訊工程學系,73,0,10 嘉義縣
國立彰化師範大學,統計資訊研究所,18,4,07 彰化縣
國立彰化師範大學,資訊管理學系,55,0,07 彰化縣
國立彰化師範大學,資訊管理學系,197,11,07 彰化縣
國立彰化師範大學,資訊管理學系創新與管理碩士在職專班,60,0,07 彰化縣
國立彰化師範大學,資訊工程學系,41,0,07 彰化縣
國立彰化師範大學,資訊工程學系,181,13,07 彰化縣
國立彰化師範大學,資訊工程學系資訊科技應用教學碩士學位班,2,0,07 彰化縣
國立陽明大學,生物醫學資訊研究所,34,0,30 臺北市
國立陽明大學,生物醫學資訊研究所,66,12,30 臺北市
國立臺北大學,電機資訊學院博士班,17,0,01 新北市
國立臺北大學,資訊工程學系,66,0,01 新北市
國立臺北大學,資訊工程學系,199,11,01 新北市
國立臺北大學,資訊管理研究所,33,5,01 新北市
國立嘉義大學,資訊管理學系,29,0,20 嘉義市
國立嘉義大學,資訊管理學系,197,10,20 嘉義市
國立嘉義大學,資訊工程學系,8,0,20 嘉義市
國立嘉義大學,資訊工程學系,70,0,20 嘉義市
國立嘉義大學,資訊工程學系,199,16,20 嘉義市
國立高雄大學,資訊管理學系,32,0,50 高雄市
國立高雄大學,資訊管理學系,188,11,50 高雄市
國立高雄大學,資訊管理學系,2,0,50 高雄市
國立高雄大學,資訊工程學系,39,0,50 高雄市
國立高雄大學,資訊工程學系,185,10,50 高雄市
國立高雄大學,資訊工程學系,21,0,50 高雄市
國立東華大學,資訊工程學系,13,0,15 花蓮縣
國立東華大學,資訊工程學系,92,0,15 花蓮縣
國立東華大學,資訊工程學系,359,20,15 花蓮縣
國立東華大學,資訊工程學系,10,0,15 花蓮縣
國立東華大學,資訊管理學系,16,0,15 花蓮縣
國立東華大學,資訊管理學系,215,9,15 花蓮縣
國立暨南國際大學,資訊管理學系,45,0,08 南投縣
國立暨南國際大學,資訊管理學系,243,14,08 南投縣
國立暨南國際大學,資訊工程學系,6,0,08 南投縣
國立暨南國際大學,資訊工程學系,71,0,08 南投縣
國立暨南國際大學,資訊工程學系,218,16,08 南投縣
國立臺灣科技大學,資訊管理系,62,0,30 臺北市
國立臺灣科技大學,資訊管理系,148,0,30 臺北市
國立臺灣科技大學,資訊管理系,268,14,30 臺北市
國立臺灣科技大學,資訊管理系,7,0,30 臺北市
國立臺灣科技大學,資訊管理系,65,0,30 臺北市
國立臺灣科技大學,資訊工程系,44,0,30 臺北市
國立臺灣科技大學,資訊工程系,297,0,30 臺北市
國立臺灣科技大學,資訊工程系,355,25,30 臺北市
國立臺灣科技大學,資訊工程系,9,0,30 臺北市
國立臺灣科技大學,資訊工程系,1,0,30 臺北市
國立雲林科技大學,資訊管理系,24,0,09 雲林縣
國立雲林科技大學,資訊管理系,90,0,09 雲林縣
國立雲林科技大學,資訊管理系,235,17,09 雲林縣
國立雲林科技大學,資訊管理系,104,0,09 雲林縣
國立雲林科技大學,資訊管理系,65,0,09 雲林縣
國立雲林科技大學,資訊工程系,101,0,09 雲林縣
國立雲林科技大學,資訊工程系,283,8,09 雲林縣
國立雲林科技大學,資訊工程系,1,0,09 雲林縣
國立屏東科技大學,資訊管理系,32,0,13 屏東縣
國立屏東科技大學,資訊管理系,228,11,13 屏東縣
國立屏東科技大學,資訊管理系,21,0,13 屏東縣
國立臺北科技大學,資訊與財金管理系,58,0,30 臺北市
國立臺北科技大學,資訊與財金管理系,233,11,30 臺北市
國立臺北科技大學,資訊與財金管理系,18,0,30 臺北市
國立臺北科技大學,管理學院資訊與財金管理EMBA專班,98,0,30 臺北市
國立臺北科技大學,資訊與財金管理系,136,0,30 臺北市
國立臺北科技大學,資訊工程系,20,0,30 臺北市
國立臺北科技大學,資訊工程系,137,0,30 臺北市
國立臺北科技大學,資訊工程系,224,16,30 臺北市
國立臺北科技大學,資訊工程系,11,0,30 臺北市
國立臺東大學,資訊管理學系產業管理與數位行銷進修學士班,106,0,14 臺東縣
國立臺東大學,資訊管理學系,15,0,14 臺東縣
國立臺東大學,資訊管理學系,178,10,14 臺東縣
國立臺東大學,資訊管理學系環境經濟資訊管理碩士在職專班(暑期班),38,0,14 臺東縣
國立臺東大學,綠色與資訊科技學士學位學程,112,4,14 臺東縣
國立臺東大學,資訊工程學系,335,12,14 臺東縣
國立宜蘭大學,資訊工程學系,36,0,02 宜蘭縣
國立宜蘭大學,資訊工程學系,176,10,02 宜蘭縣
國立宜蘭大學,電機資訊學院碩士在職專班,24,0,02 宜蘭縣
國立聯合大學,資訊管理學系,21,0,05 苗栗縣
國立聯合大學,資訊管理學系,323,14,05 苗栗縣
國立聯合大學,資訊工程學系,12,0,05 苗栗縣
國立聯合大學,資訊工程學系,170,9,05 苗栗縣
國立聯合大學,資訊工程學系,148,0,05 苗栗縣
國立虎尾科技大學,資訊管理系,48,0,09 雲林縣
國立虎尾科技大學,資訊管理系,203,13,09 雲林縣
國立虎尾科技大學,資訊管理系,22,0,09 雲林縣
國立虎尾科技大學,資訊管理系,181,0,09 雲林縣
國立虎尾科技大學,資訊工程系,50,0,09 雲林縣
國立虎尾科技大學,資訊工程系,431,16,09 雲林縣
國立臺南大學,資訊工程學系,33,0,21 臺南市
國立臺南大學,資訊工程學系,159,9,21 臺南市
國立臺北教育大學,數學暨資訊教育學系,36,0,30 臺北市
國立臺北教育大學,數學暨資訊教育學系,232,13,30 臺北市
國立臺北教育大學,數學暨資訊教育學系,45,0,30 臺北市
國立臺北教育大學,資訊科學系,36,0,30 臺北市
國立臺北教育大學,資訊科學系,148,10,30 臺北市
國立臺北教育大學,資訊科學系,38,0,30 臺北市
國立臺中教育大學,教育資訊與測驗統計研究所,37,0,19 臺中市
國立臺中教育大學,教育資訊與測驗統計研究所,44,8,19 臺中市
國立臺中教育大學,教育資訊與測驗統計研究所,38,0,19 臺中市
國立臺中教育大學,資訊工程學系,38,0,19 臺中市
國立臺中教育大學,資訊工程學系,203,10,19 臺中市
國立澎湖科技大學,資訊管理系,193,10,16 澎湖縣
國立澎湖科技大學,資訊管理系,135,0,16 澎湖縣
國立澎湖科技大學,資訊工程系,212,7,16 澎湖縣
國立勤益科技大學,資訊管理系,72,0,06 臺中市
國立勤益科技大學,資訊管理系,424,18,06 臺中市
國立勤益科技大學,資訊管理系研發科技與資訊管理碩士在職專班,19,0,06 臺中市
國立勤益科技大學,資訊管理系,209,0,06 臺中市
國立勤益科技大學,資訊工程系,87,0,06 臺中市
國立勤益科技大學,資訊工程系,594,15,06 臺中市
國立勤益科技大學,資訊工程系,26,0,06 臺中市
國立勤益科技大學,資訊工程系,212,1,06 臺中市
國立臺北護理健康大學,資訊管理系,35,0,30 臺北市
國立臺北護理健康大學,資訊管理系,327,10,30 臺北市
國立金門大學,資訊工程學系,171,7,71 金門縣
國立金門大學,資訊工程學系,4,0,71 金門縣
國立金門大學,理工學院資訊科技與應用碩士班,19,0,71 金門縣
國立臺灣體育運動大學,運動資訊與傳播學系,196,8,19 臺中市
國立臺中科技大學,會計資訊系,22,0,19 臺中市
國立臺中科技大學,會計資訊系,376,26,19 臺中市
國立臺中科技大學,會計資訊系,95,0,19 臺中市
國立臺中科技大學,會計資訊科,435,0,19 臺中市
國立臺中科技大學,會計資訊系,27,0,19 臺中市
國立臺中科技大學,會計資訊系,280,0,19 臺中市
國立臺中科技大學,會計資訊系,50,0,19 臺中市
國立臺中科技大學,資訊管理系,30,0,19 臺中市
國立臺中科技大學,資訊管理系,207,25,19 臺中市
國立臺中科技大學,資訊管理系,183,0,19 臺中市
國立臺中科技大學,資訊管理科,421,0,19 臺中市
國立臺中科技大學,資訊管理系,29,0,19 臺中市
國立臺中科技大學,資訊管理系,200,0,19 臺中市
國立臺中科技大學,資訊工程系,38,0,19 臺中市
國立臺中科技大學,資訊工程系,254,14,19 臺中市
國立臺中科技大學,資訊工程科,144,0,19 臺中市
國立臺中科技大學,資訊工程系,25,0,19 臺中市
國立臺中科技大學,資訊工程系,158,0,19 臺中市
國立臺北商業大學,會計資訊系會計財稅碩士班,34,0,30 臺北市
國立臺北商業大學,會計資訊系,349,19,30 臺北市
國立臺北商業大學,會計資訊系,68,0,30 臺北市
國立臺北商業大學,會計資訊科,243,0,30 臺北市
國立臺北商業大學,會計資訊系,146,0,30 臺北市
國立臺北商業大學,會計資訊系,63,0,30 臺北市
國立臺北商業大學,資訊管理系,170,17,30 臺北市
國立臺北商業大學,資訊管理系,65,0,30 臺北市
國立臺北商業大學,資訊管理科,255,0,30 臺北市
國立臺北商業大學,資訊管理系,193,0,30 臺北市
國立臺北商業大學,資訊管理系,95,0,30 臺北市
國立臺北商業大學,資訊與決策科學研究所,34,5,30 臺北市
國立屏東大學,資訊管理學系,20,0,13 屏東縣
國立屏東大學,資訊管理學系,228,10,13 屏東縣
國立屏東大學,資訊管理學系,142,0,13 屏東縣
國立屏東大學,資訊科學系,34,0,13 屏東縣
國立屏東大學,資訊科學系,188,11,13 屏東縣
國立屏東大學,資訊科學系資訊系統與數位科技應用碩士在職專班,18,0,13 屏東縣
國立屏東大學,資訊工程學系,27,0,13 屏東縣
國立屏東大學,資訊工程學系,211,10,13 屏東縣
國立高雄科技大學,會計資訊系,50,0,50 高雄市
國立高雄科技大學,會計資訊系,428,17,50 高雄市
國立高雄科技大學,會計資訊系,41,0,50 高雄市
國立高雄科技大學,會計資訊系,144,0,50 高雄市
國立高雄科技大學,金融資訊系,38,0,50 高雄市
國立高雄科技大學,金融資訊系,201,12,50 高雄市
國立高雄科技大學,金融資訊系,66,0,50 高雄市
國立高雄科技大學,金融資訊系,154,0,50 高雄市
國立高雄科技大學,金融資訊系,15,0,50 高雄市
國立高雄科技大學,資訊財務碩士學位學程,15,0,50 高雄市
國立高雄科技大學,海事資訊科技系,18,0,50 高雄市
國立高雄科技大學,海事資訊科技系,173,10,50 高雄市
國立高雄科技大學,資訊工程系,241,9,50 高雄市
國立高雄科技大學,商務資訊應用系,11,0,50 高雄市
國立高雄科技大學,商務資訊應用系,375,12,50 高雄市
國立高雄科技大學,資訊管理系,85,0,50 高雄市
國立高雄科技大學,資訊管理系,397,20,50 高雄市
國立高雄科技大學,資訊管理系,3,0,50 高雄市
國立高雄科技大學,資訊管理系,46,0,50 高雄市
國立高雄科技大學,電機資訊學院_資通訊服務創新產業碩士專班,0,0,50 高雄市
國立高雄科技大學,資訊工程系,35,0,50 高雄市
國立高雄科技大學,資訊工程系,29,0,50 高雄市
國立高雄科技大學,電機資訊學院_資通訊服務創新產業碩士專班,1,0,50 高雄市
國立高雄科技大學,海事資訊科技系,15,0,50 高雄市
國立臺東專科學校,資訊管理科,71,5,14 臺東縣
國立臺東專科學校,資訊管理科,15,0,14 臺東縣
東海大學,工業工程與經營資訊學系高階醫務工程與管理碩士在職專班,46,0,19 臺中市
東海大學,資訊管理學系,28,0,19 臺中市
東海大學,資訊管理學系,248,9,19 臺中市
東海大學,資訊工程學系,41,0,19 臺中市
東海大學,資訊工程學系,530,20,19 臺中市
東海大學,資訊工程學系,20,0,19 臺中市
東海大學,資訊工程學系,62,0,19 臺中市
東海大學,工業工程與經營資訊學系,23,0,19 臺中市
東海大學,工業工程與經營資訊學系,63,0,19 臺中市
東海大學,工業工程與經營資訊學系,452,16,19 臺中市
輔仁大學,圖書資訊學系,31,0,01 新北市
輔仁大學,圖書資訊學系,237,9,01 新北市
輔仁大學,圖書資訊學系,170,0,01 新北市
輔仁大學,統計資訊學系應用統計碩士班,41,0,01 新北市
輔仁大學,統計資訊學系,439,15,01 新北市
輔仁大學,統計資訊學系應用統計碩士在職專班,38,0,01 新北市
輔仁大學,資訊工程學系,39,0,01 新北市
輔仁大學,資訊工程學系,486,15,01 新北市
輔仁大學,資訊工程學系,22,0,01 新北市
輔仁大學,資訊管理學系,47,0,01 新北市
輔仁大學,資訊管理學系,464,17,01 新北市
輔仁大學,資訊管理學系,53,0,01 新北市
輔仁大學,醫學資訊與創新應用學士學位學程,132,0,01 新北市
東吳大學,資訊管理學系,30,0,30 臺北市
東吳大學,資訊管理學系,464,17,30 臺北市
東吳大學,資訊管理學系,53,0,30 臺北市
中原大學,資訊管理學系,47,0,03 桃園市
中原大學,資訊管理學系,468,16,03 桃園市
中原大學,資訊管理學系,38,0,03 桃園市
中原大學,資訊工程學系,67,0,03 桃園市
中原大學,資訊工程學系,483,16,03 桃園市
中原大學,資訊工程學系,13,0,03 桃園市
中原大學,電機資訊學院學士班,177,0,03 桃園市
淡江大學,資訊傳播學系,7,0,01 新北市
淡江大學,資訊傳播學系,446,9,01 新北市
淡江大學,資訊與圖書館學系,25,0,01 新北市
淡江大學,資訊與圖書館學系,472,10,01 新北市
淡江大學,資訊工程學系,23,0,01 新北市
淡江大學,資訊工程學系,104,0,01 新北市
淡江大學,資訊工程學系,721,25,01 新北市
淡江大學,資訊工程學系,34,0,01 新北市
淡江大學,資訊工程學系,130,0,01 新北市
淡江大學,資訊管理學系,40,0,01 新北市
淡江大學,資訊管理學系,698,20,01 新北市
淡江大學,資訊管理學系,20,0,01 新北市
淡江大學,資訊創新與科技學系,255,8,01 新北市
中國文化大學,資訊傳播學系,14,0,30 臺北市
中國文化大學,資訊傳播學系,507,11,30 臺北市
中國文化大學,資訊工程學系,9,0,30 臺北市
中國文化大學,資訊工程學系,437,11,30 臺北市
中國文化大學,資訊管理學系,677,20,30 臺北市
中國文化大學,資訊管理學系,15,0,30 臺北市
中國文化大學,資訊管理學系,51,0,30 臺北市
中國文化大學,資訊管理學系,48,0,30 臺北市
中國文化大學,資訊管理學系,11,0,30 臺北市
逢甲大學,資訊工程學系,26,0,19 臺中市
逢甲大學,資訊工程學系,104,0,19 臺中市
逢甲大學,資訊工程學系,989,31,19 臺中市
逢甲大學,資訊工程學系,3,0,19 臺中市
逢甲大學,資訊電機工程碩士在職專班,80,0,19 臺中市
逢甲大學,資訊電機學院學士班,105,0,19 臺中市
逢甲大學,美國普渡大學電機資訊雙學士學位學程,63,0,19 臺中市
逢甲大學,生醫資訊暨生醫工程碩士學位學程,11,0,19 臺中市
逢甲大學,都市計畫與空間資訊學系,27,0,19 臺中市
逢甲大學,都市計畫與空間資訊學系,407,14,19 臺中市
逢甲大學,都市計畫與空間資訊學系,9,0,19 臺中市
靜宜大學,資訊管理學系,20,0,06 臺中市
靜宜大學,資訊管理學系,449,14,06 臺中市
靜宜大學,資訊傳播工程學系,7,0,06 臺中市
靜宜大學,資訊傳播工程學系,478,13,06 臺中市
靜宜大學,資訊學院資訊應用與科技管理碩士在職專班,9,0,06 臺中市
靜宜大學,資訊學院,0,5,06 臺中市
靜宜大學,資訊工程學系,5,0,06 臺中市
靜宜大學,資訊工程學系,459,15,06 臺中市
長庚大學,資訊管理學系,45,0,03 桃園市
長庚大學,資訊管理學系,355,17,03 桃園市
長庚大學,資訊工程學系,6,0,03 桃園市
長庚大學,資訊工程學系,43,0,03 桃園市
長庚大學,資訊工程學系,224,18,03 桃園市
元智大學,資訊社會學碩士學位學程,0,0,03 桃園市
元智大學,生物與醫學資訊碩士學位學程,2,0,03 桃園市
元智大學,資訊管理學系,20,0,03 桃園市
元智大學,資訊管理學系,45,0,03 桃園市
元智大學,資訊管理學系,448,22,03 桃園市
元智大學,資訊管理學系,71,0,03 桃園市
元智大學,資訊工程學系,29,0,03 桃園市
元智大學,資訊工程學系,103,0,03 桃園市
元智大學,資訊工程學系,627,22,03 桃園市
元智大學,資訊工程學系,56,0,03 桃園市
元智大學,資訊學院英語學士班,78,0,03 桃園市
元智大學,資訊傳播學系,26,0,03 桃園市
元智大學,資訊傳播學系,500,12,03 桃園市
中華大學,生物資訊學系,0,0,18 新竹市
中華大學,生物資訊學系,122,4,18 新竹市
中華大學,資訊管理學系,32,0,18 新竹市
中華大學,資訊管理學系,286,12,18 新竹市
中華大學,資訊管理學系,24,0,18 新竹市
中華大學,資訊管理學系,15,0,18 新竹市
中華大學,資訊工程學系,49,0,18 新竹市
中華大學,資訊工程學系,370,15,18 新竹市
中華大學,資訊工程學系,7,0,18 新竹市
大葉大學,會計資訊學系,140,7,07 彰化縣
大葉大學,會計資訊學系,39,0,07 彰化縣
大葉大學,資訊管理學系,30,0,07 彰化縣
大葉大學,資訊管理學系,142,8,07 彰化縣
大葉大學,資訊管理學系,26,0,07 彰化縣
大葉大學,資訊管理學系,55,0,07 彰化縣
大葉大學,資訊工程學系,15,0,07 彰化縣
大葉大學,資訊工程學系,146,9,07 彰化縣
華梵大學,資訊管理學系,4,0,01 新北市
華梵大學,資訊管理學系,48,0,01 新北市
華梵大學,資訊管理學系,9,0,01 新北市
華梵大學,工業工程與經營資訊學系,7,0,01 新北市
華梵大學,工業工程與經營資訊學系,46,0,01 新北市
華梵大學,工業工程與經營資訊學系,0,0,01 新北市
義守大學,資訊管理學系,4,0,12 高雄市
義守大學,資訊管理學系,335,18,12 高雄市
義守大學,資訊管理學系,67,0,12 高雄市
義守大學,資訊管理學系,280,0,12 高雄市
義守大學,資訊工程學系,44,0,12 高雄市
義守大學,資訊工程學系,20,0,12 高雄市
義守大學,資訊工程學系,407,16,12 高雄市
義守大學,資訊工程學系,20,0,12 高雄市
義守大學,資訊工程學系,8,0,12 高雄市
義守大學,電機資訊學院進修學士班,79,0,12 高雄市
世新大學,資訊傳播學系,15,0,30 臺北市
世新大學,資訊傳播學系,243,9,30 臺北市
世新大學,資訊傳播學系,28,0,30 臺北市
世新大學,資訊管理學系,32,0,30 臺北市
世新大學,資訊管理學系,744,26,30 臺北市
世新大學,資訊管理學系,53,0,30 臺北市
世新大學,創新科技暨資訊應用產業碩士專班,0,0,30 臺北市
銘傳大學,醫療資訊與管理學系健康產業管理碩士班,15,0,30 臺北市
銘傳大學,醫療資訊與管理學系,416,10,30 臺北市
銘傳大學,資訊管理學系,18,0,30 臺北市
銘傳大學,資訊管理學系,643,21,30 臺北市
銘傳大學,資訊管理學系,24,0,30 臺北市
銘傳大學,資訊傳播工程學系,17,0,30 臺北市
銘傳大學,資訊傳播工程學系,410,14,30 臺北市
銘傳大學,資訊科技應用學士學位學程,60,3,30 臺北市
銘傳大學,資訊工程學系,25,0,30 臺北市
銘傳大學,資訊工程學系,421,18,30 臺北市
實踐大學,資訊模擬與設計學系,359,9,30 臺北市
實踐大學,資訊科技與管理學系,12,0,30 臺北市
實踐大學,資訊科技與管理學系,422,11,30 臺北市
實踐大學,資訊科技與管理學系,9,0,30 臺北市
實踐大學,資訊管理學系,190,7,30 臺北市
實踐大學,資訊科技與通訊學系,246,7,30 臺北市
朝陽科技大學,資訊與通訊系,445,15,06 臺中市
朝陽科技大學,資訊與通訊系,8,0,06 臺中市
朝陽科技大學,資訊管理系,22,0,06 臺中市
朝陽科技大學,資訊管理系,64,0,06 臺中市
朝陽科技大學,資訊管理系,720,26,06 臺中市
朝陽科技大學,資訊管理系(陸生二技),0,0,06 臺中市
朝陽科技大學,資訊管理系,11,0,06 臺中市
朝陽科技大學,資訊管理系,127,1,06 臺中市
朝陽科技大學,資訊與通訊系,59,0,06 臺中市
朝陽科技大學,資訊工程系,32,0,06 臺中市
朝陽科技大學,資訊工程系,480,16,06 臺中市
朝陽科技大學,資訊工程系(陸生二技),1,0,06 臺中市
朝陽科技大學,資訊工程系,11,0,06 臺中市
朝陽科技大學,資訊工程系,135,0,06 臺中市
高雄醫學大學,醫務管理暨醫療資訊學系,26,0,50 高雄市
高雄醫學大學,醫務管理暨醫療資訊學系,225,9,50 高雄市
高雄醫學大學,醫務管理暨醫療資訊學系,55,0,50 高雄市
南華大學,科技學院資訊科技進修學士班,134,0,10 嘉義縣
南華大學,資訊管理學系,18,0,10 嘉義縣
南華大學,資訊管理學系,200,14,10 嘉義縣
南華大學,資訊管理學系,48,0,10 嘉義縣
南華大學,資訊工程學系,262,11,10 嘉義縣
真理大學,宗教文化與資訊管理學系,27,0,01 新北市
真理大學,宗教文化與資訊管理學系,81,9,01 新北市
真理大學,宗教文化與資訊管理學系,11,0,01 新北市
真理大學,人文與資訊學系,139,7,01 新北市
真理大學,運動資訊傳播學系,268,7,01 新北市
真理大學,會計資訊學系,238,9,01 新北市
真理大學,工業管理與經營資訊學系,205,9,01 新北市
真理大學,統計資訊與精算學系,12,0,01 新北市
真理大學,統計資訊與精算學系,156,10,01 新北市
真理大學,資訊工程學系,284,11,01 新北市
真理大學,資訊工程學系,12,0,01 新北市
真理大學,資訊管理學系,270,12,01 新北市
真理大學,資訊管理學系,0,0,01 新北市
大同大學,資訊經營學系,13,0,30 臺北市
大同大學,資訊經營學系,217,8,30 臺北市
大同大學,資訊經營學系,22,0,30 臺北市
大同大學,資訊工程學系,6,0,30 臺北市
大同大學,資訊工程學系,26,0,30 臺北市
大同大學,資訊工程學系,445,13,30 臺北市
大同大學,資訊工程學系,15,0,30 臺北市
南臺科技大學,資訊傳播系,20,0,11 臺南市
南臺科技大學,資訊傳播系,434,12,11 臺南市
南臺科技大學,資訊傳播系,0,0,11 臺南市
南臺科技大學,資訊傳播系,119,0,11 臺南市
南臺科技大學,會計資訊系,24,0,11 臺南市
南臺科技大學,會計資訊系,359,10,11 臺南市
南臺科技大學,工業管理與資訊系工業管理碩士班,13,0,11 臺南市
南臺科技大學,工業管理與資訊系,669,22,11 臺南市
南臺科技大學,工業管理與資訊系工業管理碩士在職專班,18,0,11 臺南市
南臺科技大學,工業管理與資訊系,13,0,11 臺南市
南臺科技大學,資訊管理系,22,0,11 臺南市
南臺科技大學,資訊管理系,631,21,11 臺南市
南臺科技大學,資訊管理系,0,0,11 臺南市
南臺科技大學,資訊管理科,12,0,11 臺南市
南臺科技大學,資訊管理系,24,0,11 臺南市
南臺科技大學,資訊管理系,150,0,11 臺南市
南臺科技大學,資訊工程系,27,0,11 臺南市
南臺科技大學,資訊工程系,473,17,11 臺南市
南臺科技大學,資訊工程科,58,0,11 臺南市
南臺科技大學,資訊工程系,34,0,11 臺南市
崑山科技大學,會計資訊系,6,0,11 臺南市
崑山科技大學,會計資訊系,2,0,11 臺南市
崑山科技大學,資訊傳播系,174,8,11 臺南市
崑山科技大學,資訊傳播系,36,0,11 臺南市
崑山科技大學,資訊管理系,21,0,11 臺南市
崑山科技大學,資訊管理系,247,15,11 臺南市
崑山科技大學,資訊管理系,28,0,11 臺南市
崑山科技大學,資訊管理系,143,0,11 臺南市
崑山科技大學,資訊管理系,27,0,11 臺南市
崑山科技大學,資訊工程系碩士班,15,0,11 臺南市
崑山科技大學,資訊工程系,337,14,11 臺南市
崑山科技大學,資訊工程系,21,0,11 臺南市
崑山科技大學,資訊工程系碩士在職專班,6,0,11 臺南市
崑山科技大學,資訊工程系,49,0,11 臺南市
嘉南藥理大學,資訊管理系,398,15,11 臺南市
嘉南藥理大學,資訊管理系,138,0,11 臺南市
嘉南藥理大學,資訊多媒體應用系,259,8,11 臺南市
嘉南藥理大學,資訊多媒體應用系,23,0,11 臺南市
嘉南藥理大學,應用空間資訊系,5,0,11 臺南市
嘉南藥理大學,應用空間資訊系,310,16,11 臺南市
嘉南藥理大學,應用空間資訊系,7,0,11 臺南市
樹德科技大學,資訊管理系,15,0,12 高雄市
樹德科技大學,資訊管理系,316,11,12 高雄市
樹德科技大學,資訊管理系,32,0,12 高雄市
樹德科技大學,資訊管理系,67,0,12 高雄市
樹德科技大學,資訊工程系,17,0,12 高雄市
樹德科技大學,資訊工程系,345,12,12 高雄市
樹德科技大學,資訊工程系資訊技術與管理數位學習碩士在職專班,36,0,12 高雄市
樹德科技大學,資訊工程系,81,1,12 高雄市
慈濟大學,醫學資訊學系,26,0,15 花蓮縣
慈濟大學,醫學資訊學系,166,10,15 花蓮縣
臺北醫學大學,醫學資訊研究所,33,0,30 臺北市
臺北醫學大學,醫學資訊研究所,25,14,30 臺北市
臺北醫學大學,醫學資訊研究所,32,0,30 臺北市
中山醫學大學,醫學資訊學系,14,0,19 臺中市
中山醫學大學,醫學資訊學系,153,8,19 臺中市
龍華科技大學,資訊管理系,20,0,03 桃園市
龍華科技大學,資訊管理系,409,19,03 桃園市
龍華科技大學,資訊管理系,1,0,03 桃園市
龍華科技大學,資訊管理系,19,0,03 桃園市
龍華科技大學,資訊管理系,192,0,03 桃園市
龍華科技大學,資訊網路工程系,15,0,03 桃園市
龍華科技大學,資訊網路工程系,584,14,03 桃園市
龍華科技大學,資訊網路工程系,233,0,03 桃園市
輔英科技大學,資訊科技與管理系,269,15,12 高雄市
輔英科技大學,資訊科技與管理系,80,0,12 高雄市
明新科技大學,資訊管理系,19,0,04 新竹縣
明新科技大學,資訊管理系,400,21,04 新竹縣
明新科技大學,資訊管理系,142,0,04 新竹縣
明新科技大學,資訊管理系,0,0,04 新竹縣
明新科技大學,資訊工程系,473,11,04 新竹縣
明新科技大學,資訊工程系,86,0,04 新竹縣
長榮大學,會計資訊學系,217,13,11 臺南市
長榮大學,資訊暨設計碩士學位學程,20,32,11 臺南市
長榮大學,資訊暨設計學院學士班,188,0,11 臺南市
長榮大學,資訊管理學系,120,0,11 臺南市
長榮大學,資訊工程學系,160,0,11 臺南市
弘光科技大學,資訊管理系,323,13,06 臺中市
弘光科技大學,資訊管理系,175,0,06 臺中市
弘光科技大學,資訊工程系智慧型輔助科技碩士班,2,0,06 臺中市
弘光科技大學,資訊工程系,301,9,06 臺中市
弘光科技大學,資訊工程系,141,0,06 臺中市
健行科技大學,資訊管理系,527,16,03 桃園市
健行科技大學,資訊管理系,9,0,03 桃園市
健行科技大學,資訊管理系,136,0,03 桃園市
健行科技大學,資訊管理系,59,0,03 桃園市
健行科技大學,資訊管理系,16,0,03 桃園市
健行科技大學,資訊工程系,42,0,03 桃園市
健行科技大學,資訊工程系,636,18,03 桃園市
健行科技大學,資訊工程系,107,0,03 桃園市
健行科技大學,土木工程系空間資訊與防災科技碩士班,22,0,03 桃園市
健行科技大學,應用空間資訊系,114,8,03 桃園市
正修科技大學,資訊管理系,21,0,12 高雄市
正修科技大學,資訊管理系,378,19,12 高雄市
正修科技大學,資訊管理系,13,0,12 高雄市
正修科技大學,資訊管理系,248,0,12 高雄市
正修科技大學,資訊管理系,73,0,12 高雄市
正修科技大學,資訊工程系,21,0,12 高雄市
正修科技大學,資訊工程系,557,14,12 高雄市
正修科技大學,資訊工程系,185,0,12 高雄市
正修科技大學,土木與空間資訊系營建工程碩士班,41,0,12 高雄市
正修科技大學,土木與空間資訊系,409,19,12 高雄市
正修科技大學,土木與空間資訊系_土木工程專班,31,0,12 高雄市
正修科技大學,土木與空間資訊系,225,0,12 高雄市
萬能科技大學,資訊管理系,20,0,03 桃園市
萬能科技大學,資訊管理系,261,13,03 桃園市
萬能科技大學,資訊管理系,12,0,03 桃園市
萬能科技大學,資訊管理系,1,0,03 桃園市
萬能科技大學,資訊管理系,55,0,03 桃園市
萬能科技大學,資訊工程系,208,13,03 桃園市
萬能科技大學,資訊工程系,74,1,03 桃園市
萬能科技大學,資訊工程系,34,0,03 桃園市
玄奘大學,資訊管理學系,4,0,18 新竹市
玄奘大學,資訊管理學系,47,4,18 新竹市
玄奘大學,資訊管理學系,2,0,18 新竹市
建國科技大學,資訊管理系,233,9,07 彰化縣
建國科技大學,資訊管理系,121,0,07 彰化縣
建國科技大學,資訊與網路通訊系,154,10,07 彰化縣
建國科技大學,資訊與網路通訊系,77,0,07 彰化縣
高苑科技大學,資訊傳播系,67,7,12 高雄市
高苑科技大學,資訊傳播系,45,0,12 高雄市
高苑科技大學,資訊管理系,63,7,12 高雄市
高苑科技大學,資訊管理系,58,0,12 高雄市
高苑科技大學,資訊科技應用系,10,0,12 高雄市
高苑科技大學,資訊科技應用系,161,10,12 高雄市
高苑科技大學,資訊科技應用系,28,0,12 高雄市
高苑科技大學,資訊科技應用系,16,0,12 高雄市
大仁科技大學,資訊應用與管理系,0,0,13 屏東縣
大仁科技大學,資訊應用與管理系,0,0,13 屏東縣
大仁科技大學,資訊工程與娛樂科技系,66,8,13 屏東縣
聖約翰科技大學,資訊管理系,64,7,01 新北市
聖約翰科技大學,資訊管理系,9,0,01 新北市
聖約翰科技大學,資訊工程系,25,0,01 新北市
聖約翰科技大學,資訊工程系,141,12,01 新北市
聖約翰科技大學,資訊工程系,36,0,01 新北市
聖約翰科技大學,醫護資訊學士學位學程,10,0,01 新北市
聖約翰科技大學,資訊與通訊系,19,0,01 新北市
聖約翰科技大學,資訊與通訊系,56,9,01 新北市
聖約翰科技大學,資訊與通訊系,35,0,01 新北市
聖約翰科技大學,電子資訊科,104,0,01 新北市
嶺東科技大學,會計資訊系碩士班,12,0,19 臺中市
嶺東科技大學,會計資訊系,285,14,19 臺中市
嶺東科技大學,財政系財稅與會計資訊碩士班,0,0,19 臺中市
嶺東科技大學,資訊管理系,424,17,19 臺中市
嶺東科技大學,資訊管理系,5,0,19 臺中市
嶺東科技大學,資訊科技系,9,0,19 臺中市
嶺東科技大學,資訊科技系,793,20,19 臺中市
嶺東科技大學,資訊科技系,1,0,19 臺中市
嶺東科技大學,資訊科技系,314,1,19 臺中市
嶺東科技大學,資訊管理系,18,0,19 臺中市
嶺東科技大學,資訊網路系,0,0,19 臺中市
嶺東科技大學,資訊網路系,0,0,19 臺中市
嶺東科技大學,資訊管理系,161,0,19 臺中市
中國科技大學,資訊管理系,413,16,30 臺北市
中國科技大學,資訊管理系,87,0,30 臺北市
中國科技大學,資訊工程系,118,10,30 臺北市
中國科技大學,資訊工程系資訊科技應用碩士在職專班,31,0,30 臺北市
中臺科技大學,資訊管理系,311,13,19 臺中市
中臺科技大學,資訊管理系,91,0,19 臺中市
亞洲大學,資訊傳播學系,19,0,06 臺中市
亞洲大學,資訊傳播學系,403,10,06 臺中市
亞洲大學,會計與資訊學系,18,0,06 臺中市
亞洲大學,會計與資訊學系,312,10,06 臺中市
亞洲大學,資訊工程學系,27,0,06 臺中市
亞洲大學,資訊工程學系,38,0,06 臺中市
亞洲大學,資訊工程學系,318,17,06 臺中市
亞洲大學,資訊工程學系,42,1,06 臺中市
亞洲大學,生物資訊與醫學工程學系,15,0,06 臺中市
亞洲大學,生物資訊與醫學工程學系,8,0,06 臺中市
亞洲大學,生物資訊與醫學工程學系,141,16,06 臺中市
亞洲大學,生物資訊與醫學工程學系,20,0,06 臺中市
開南大學,資訊傳播學系,174,6,03 桃園市
開南大學,資訊管理學系,14,0,03 桃園市
開南大學,資訊管理學系,169,14,03 桃園市
開南大學,資訊管理學系,43,0,03 桃園市
開南大學,資訊學院碩士班,3,0,03 桃園市
開南大學,資訊學院進修學士班,17,0,03 桃園市
開南大學,資訊學院碩士在職專班,34,0,03 桃園市
佛光大學,資訊應用學系,25,0,02 宜蘭縣
佛光大學,資訊應用學系,250,12,02 宜蘭縣
佛光大學,資訊應用學系,15,0,02 宜蘭縣
台南應用科技大學,會計資訊系,88,7,11 臺南市
台南應用科技大學,資訊管理系,343,12,11 臺南市
台南應用科技大學,資訊管理系,70,0,11 臺南市
台南應用科技大學,資訊管理系,22,0,11 臺南市
遠東科技大學,資訊工程系,232,10,11 臺南市
遠東科技大學,資訊管理系,41,6,11 臺南市
元培醫事科技大學,資訊管理系,154,9,18 新竹市
元培醫事科技大學,資訊管理系,217,0,18 新竹市
元培醫事科技大學,資訊管理系數位創新管理碩士班,23,0,18 新竹市
景文科技大學,資訊工程系,141,9,01 新北市
景文科技大學,資訊工程系,14,0,01 新北市
中華醫事科技大學,數位設計與資訊管理系,118,10,11 臺南市
中華醫事科技大學,數位設計與資訊管理系,7,0,11 臺南市
中華醫事科技大學,資訊管理系_國際學生產學合作專班,172,0,11 臺南市
東南科技大學,資訊科技系,198,9,01 新北市
東南科技大學,資訊管理系,24,7,01 新北市
東南科技大學,資訊管理系,3,0,01 新北市
東南科技大學,資訊管理系,1,0,01 新北市
德明財經科技大學,會計資訊系,479,13,30 臺北市
德明財經科技大學,資訊科技系,344,11,30 臺北市
德明財經科技大學,資訊管理系,528,17,30 臺北市
德明財經科技大學,資訊管理系,23,0,30 臺北市
德明財經科技大學,資訊管理系,30,0,30 臺北市
德明財經科技大學,資訊管理系,1,0,30 臺北市
明道大學,資訊傳播學系,2,0,07 彰化縣
明道大學,資訊傳播學系,57,5,07 彰化縣
明道大學,資訊傳播學系,1,0,07 彰化縣
南開科技大學,資訊管理系,51,5,08 南投縣
南開科技大學,資訊管理系,4,0,08 南投縣
南開科技大學,電機與資訊技術系,192,9,08 南投縣
南開科技大學,電機與資訊技術系,0,0,08 南投縣
南開科技大學,電機與資訊技術科,263,0,08 南投縣
南開科技大學,電機與資訊技術系,80,0,08 南投縣
中華科技大學,資訊管理系,134,9,30 臺北市
中華科技大學,資訊管理系,53,0,30 臺北市
中華科技大學,資訊管理系,34,0,30 臺北市
中華科技大學,資訊工程系,6,0,30 臺北市
僑光科技大學,資訊科技系,399,19,19 臺中市
僑光科技大學,資訊科技系,450,0,19 臺中市
育達科技大學,財務資訊與金融系,0,0,05 苗栗縣
育達科技大學,資訊管理系,54,0,05 苗栗縣
育達科技大學,資訊管理系,154,9,05 苗栗縣
育達科技大學,資訊管理系,71,0,05 苗栗縣
育達科技大學,資訊管理系,285,1,05 苗栗縣
美和科技大學,資訊管理系,135,10,13 屏東縣
美和科技大學,資訊管理系,38,0,13 屏東縣
美和科技大學,資訊科技系,136,7,13 屏東縣
美和科技大學,資訊科技系,27,0,13 屏東縣
吳鳳科技大學,資訊管理系,0,2,10 嘉義縣
吳鳳科技大學,資訊管理系,1,0,10 嘉義縣
吳鳳科技大學,資訊管理系,0,1,10 嘉義縣
吳鳳科技大學,資訊管理系,0,0,10 嘉義縣
吳鳳科技大學,資訊工程系,45,2,10 嘉義縣
環球科技大學,資訊與電子商務管理系,124,11,09 雲林縣
環球科技大學,資訊與電子商務管理系,36,0,09 雲林縣
環球科技大學,資訊管理科,7,0,09 雲林縣
台灣首府大學,休閒資訊管理學系,75,6,11 臺南市
台灣首府大學,休閒資訊管理學系,55,0,11 臺南市
台灣首府大學,資訊與多媒體設計學系,71,4,11 臺南市
台灣首府大學,資訊與多媒體設計學系,0,0,11 臺南市
中州科技大學,資訊管理系,71,7,07 彰化縣
中州科技大學,資訊管理系,62,0,07 彰化縣
中州科技大學,資訊管理系,86,0,07 彰化縣
修平科技大學,資訊網路技術系,155,8,06 臺中市
修平科技大學,資訊管理系,183,10,06 臺中市
修平科技大學,資訊管理系,124,0,06 臺中市
臺北城市科技大學,資訊管理系電子商務碩士班,18,0,30 臺北市
臺北城市科技大學,資訊管理系,210,14,30 臺北市
臺北城市科技大學,資訊工程系_資訊應用產業碩士專班,9,0,30 臺北市
臺北城市科技大學,資訊工程系,371,22,30 臺北市
臺北城市科技大學,資訊工程科,234,0,30 臺北市
大華科技大學,資訊管理系,25,8,04 新竹縣
大華科技大學,資訊管理系,19,0,04 新竹縣
大華科技大學,資訊管理科,80,0,04 新竹縣
大華科技大學,資訊管理系,1,0,04 新竹縣
大華科技大學,資訊管理系,76,0,04 新竹縣
大華科技大學,資訊管理科,0,0,04 新竹縣
醒吾科技大學,資訊傳播系,327,12,01 新北市
醒吾科技大學,資訊傳播系,31,0,01 新北市
醒吾科技大學,資訊管理系,183,9,01 新北市
醒吾科技大學,資訊管理系,68,0,01 新北市
醒吾科技大學,資訊科技應用系,18,0,01 新北市
醒吾科技大學,資訊科技應用系,286,12,01 新北市
醒吾科技大學,資訊科技應用系,45,0,01 新北市
華夏科技大學,資訊管理系,158,13,01 新北市
華夏科技大學,資訊管理系,38,0,01 新北市
華夏科技大學,資訊管理科,170,0,01 新北市
華夏科技大學,資訊管理系,27,0,01 新北市
華夏科技大學,資訊管理系,80,1,01 新北市
華夏科技大學,資訊管理系,72,0,01 新北市
華夏科技大學,資訊管理科,20,0,01 新北市
華夏科技大學,資訊工程系,140,8,01 新北市
華夏科技大學,資訊工程系,62,0,01 新北市
慈濟科技大學,資訊科技與管理系,211,12,15 花蓮縣
致理科技大學,會計資訊系,648,23,01 新北市
致理科技大學,會計資訊系,2,0,01 新北市
致理科技大學,會計資訊科,251,0,01 新北市
致理科技大學,會計資訊系,154,0,01 新北市
致理科技大學,資訊管理系_雙軌訓練旗艦計畫,0,0,01 新北市
致理科技大學,資訊管理系,203,0,01 新北市
致理科技大學,資訊管理系,647,18,01 新北市
康寧大學,資訊傳播學系,3,0,30 臺北市
康寧大學,資訊傳播學系,18,0,30 臺北市
康寧大學,資訊傳播學系,3,0,30 臺北市
康寧大學,資訊傳播學系,1,0,30 臺北市
康寧大學,資訊管理科,309,7,30 臺北市
宏國德霖科技大學,資訊工程系,196,14,01 新北市
宏國德霖科技大學,資訊工程科,154,0,01 新北市
宏國德霖科技大學,資訊工程系,97,0,01 新北市
宏國德霖科技大學,資訊工程系,64,0,01 新北市
宏國德霖科技大學,資訊工程科,0,0,01 新北市
台北海洋科技大學,資訊科技與行動通訊系,0,0,01 新北市
和春技術學院,資訊管理系,9,7,12 高雄市
和春技術學院,資訊管理系,18,0,12 高雄市
和春技術學院,資訊管理科,32,0,12 高雄市
和春技術學院,資訊管理系,30,0,12 高雄市
和春技術學院,資訊管理系,58,0,12 高雄市
和春技術學院,資訊管理科,41,0,12 高雄市
和春技術學院,資訊工程系,3,1,12 高雄市
和春技術學院,資訊工程科,4,0,12 高雄市
和春技術學院,資訊工程系,2,0,12 高雄市
亞東技術學院,資訊管理系,330,10,01 新北市
南亞技術學院,資訊管理系,17,1,03 桃園市
南亞技術學院,資訊管理系,11,0,03 桃園市
南亞技術學院,資訊工程系,119,8,03 桃園市
南亞技術學院,資訊工程系,3,0,03 桃園市
蘭陽技術學院,資訊管理(學)系,0,1,02 宜蘭縣
蘭陽技術學院,資訊管理科,0,0,02 宜蘭縣
黎明技術學院,資訊管理系,21,1,01 新北市
黎明技術學院,資訊管理系,16,0,01 新北市
黎明技術學院,資訊科技系,133,7,01 新北市
經國管理暨健康學院,醫護資訊應用系,94,7,17 基隆市
樹人醫護管理專科學校,資訊管理科,229,7,12 高雄市
聖母醫護管理專科學校,資訊管理科,22,0,02 宜蘭縣
聖母醫護管理專科學校,資訊管理科,71,5,02 宜蘭縣
聖母醫護管理專科學校,資訊管理科,18,0,02 宜蘭縣
臺北市立大學,資訊科學系,46,0,30 臺北市
臺北市立大學,資訊科學系,162,10,30 臺北市
臺北市立大學,資訊科學系,58,0,30 臺北市
國立政治大學,圖書資訊與檔案學研究所,13,0,30 臺北市
國立政治大學,圖書資訊與檔案學研究所,60,6,30 臺北市
國立政治大學,圖書資訊與檔案學研究所圖書資訊學數位碩士在職專班,55,1,30 臺北市
國立政治大學,資訊管理學系,53,0,30 臺北市
國立政治大學,資訊管理學系,91,0,30 臺北市
國立政治大學,資訊管理學系,337,22,30 臺北市
國立政治大學,資訊科學系,8,0,30 臺北市
國立政治大學,資訊科學系,125,0,30 臺北市
國立政治大學,資訊科學系,220,20,30 臺北市
國立政治大學,資訊科學系,98,1,30 臺北市
國立清華大學,生物資訊與結構生物研究所,46,0,18 新竹市
國立清華大學,生物資訊與結構生物研究所,59,8,18 新竹市
國立清華大學,資訊工程學系,57,0,18 新竹市
國立清華大學,資訊工程學系,393,0,18 新竹市
國立清華大學,資訊工程學系,584,41,18 新竹市
國立清華大學,資訊安全研究所,25,0,18 新竹市
國立清華大學,資訊系統與應用研究所,26,0,18 新竹市
國立清華大學,資訊系統與應用研究所,141,0,18 新竹市
國立清華大學,電機資訊學院學士班,175,0,18 新竹市
國立臺灣大學,圖書資訊學系,20,0,30 臺北市
國立臺灣大學,圖書資訊學系,54,0,30 臺北市
國立臺灣大學,圖書資訊學系,203,12,30 臺北市
國立臺灣大學,生物資訊學國際研究生博士學位學程,7,0,30 臺北市
國立臺灣大學,資訊管理學系,22,0,30 臺北市
國立臺灣大學,資訊管理學系,124,0,30 臺北市
國立臺灣大學,資訊管理學系,219,16,30 臺北市
國立臺灣大學,資訊網路與多媒體研究所,47,0,30 臺北市
國立臺灣大學,資訊網路與多媒體研究所,115,7,30 臺北市
國立臺灣大學,資訊工程學系,125,0,30 臺北市
國立臺灣大學,資訊工程學系,371,0,30 臺北市
國立臺灣大學,資訊工程學系,582,31,30 臺北市
國立臺灣大學,資訊工程學系,20,0,30 臺北市
國立臺灣大學,電信工程學研究所智慧科技與資訊安全碩士在職專班,20,0,30 臺北市
國立臺灣大學,生醫電子與資訊學研究所,77,0,30 臺北市
國立臺灣大學,生醫電子與資訊學研究所,115,7,30 臺北市
國立臺灣師範大學,資訊教育研究所,25,0,30 臺北市
國立臺灣師範大學,資訊教育研究所,56,8,30 臺北市
國立臺灣師範大學,圖書資訊學研究所,11,0,30 臺北市
國立臺灣師範大學,圖書資訊學研究所,58,8,30 臺北市
國立臺灣師範大學,圖書資訊學研究所碩士在職專班,57,0,30 臺北市
國立臺灣師範大學,資訊工程學系,14,0,30 臺北市
國立臺灣師範大學,資訊工程學系,174,0,30 臺北市
國立臺灣師範大學,資訊工程學系,245,18,30 臺北市
國立成功大學,工業與資訊管理學系,18,0,21 臺南市
國立成功大學,工業與資訊管理學系,90,0,21 臺南市
國立成功大學,工業與資訊管理學系,225,15,21 臺南市
國立成功大學,工業與資訊管理學系,114,0,21 臺南市
國立成功大學,資訊管理研究所,16,0,21 臺南市
國立成功大學,資訊管理研究所,66,8,21 臺南市
國立成功大學,資訊工程學系,83,0,21 臺南市
國立成功大學,資訊工程學系,271,0,21 臺南市
國立成功大學,資訊工程學系,463,28,21 臺南市
國立成功大學,資訊工程學系人工智慧與資訊系統碩士在職專班,13,0,21 臺南市
國立成功大學,醫學資訊研究所,33,5,21 臺南市
國立成功大學,製造資訊與系統研究所,24,0,21 臺南市
國立成功大學,製造資訊與系統研究所,66,7,21 臺南市
國立成功大學,測量及空間資訊學系,38,0,21 臺南市
國立成功大學,測量及空間資訊學系,61,0,21 臺南市
國立成功大學,測量及空間資訊學系,183,16,21 臺南市
國立中興大學,圖書資訊學研究所,33,5,19 臺中市
國立中興大學,基因體暨生物資訊學研究所,26,6,19 臺中市
國立中興大學,資訊管理學系,95,0,19 臺中市
國立中興大學,資訊管理學系,139,13,19 臺中市
國立中興大學,資訊管理學系,81,0,19 臺中市
國立中興大學,資訊科學與工程學系,32,0,19 臺中市
國立中興大學,資訊科學與工程學系,155,0,19 臺中市
國立中興大學,資訊科學與工程學系,170,18,19 臺中市
國立中興大學,資訊科學與工程學系,92,0,19 臺中市
國立中興大學,電機資訊學院學士班,30,2,19 臺中市
國立交通大學,資訊管理與財務金融學系財務金融博士班,34,0,18 新竹市
國立交通大學,資訊管理與財務金融學系財務金融碩士班,99,0,18 新竹市
國立交通大學,資訊管理與財務金融學系,174,14,18 新竹市
國立交通大學,生物資訊及系統生物研究所,32,0,18 新竹市
國立交通大學,生物資訊及系統生物研究所,46,8,18 新竹市
國立交通大學,網路與資訊系統博士學位學程,2,0,18 新竹市
國立交通大學,資訊管理研究所,35,0,18 新竹市
國立交通大學,資訊管理研究所,91,7,18 新竹市
國立交通大學,資訊工程學系,802,22,18 新竹市
國立交通大學,資訊科學與工程研究所,144,0,18 新竹市
國立交通大學,資訊科學與工程研究所,415,24,18 新竹市
國立交通大學,資訊學院博士班,9,0,18 新竹市
國立交通大學,電機資訊國際博士學位學程,87,0,18 新竹市
國立交通大學,電機資訊國際碩士學位學程,57,0,18 新竹市
國立交通大學,電機資訊學士班,52,0,18 新竹市
國立交通大學,資訊學院碩士在職專班,96,0,18 新竹市
國立中央大學,資訊管理學系,13,0,03 桃園市
國立中央大學,資訊管理學系,132,0,03 桃園市
國立中央大學,資訊管理學系,417,22,03 桃園市
國立中央大學,資訊管理學系,81,0,03 桃園市
國立中央大學,資訊工程學系,79,0,03 桃園市
國立中央大學,資訊工程學系,298,0,03 桃園市
國立中央大學,資訊工程學系,414,34,03 桃園市
國立中央大學,資訊工程學系,94,0,03 桃園市
國立中央大學,資訊電機學院學士班,64,0,03 桃園市
國立中山大學,資訊工程學系,21,0,50 高雄市
國立中山大學,資訊工程學系,265,0,50 高雄市
國立中山大學,資訊工程學系,239,23,50 高雄市
國立中山大學,資訊管理學系,23,0,50 高雄市
國立中山大學,資訊管理學系,122,0,50 高雄市
國立中山大學,資訊管理學系,206,18,50 高雄市
國立中山大學,資訊管理學系,97,0,50 高雄市
國立臺灣海洋大學,海洋環境資訊系,9,0,17 基隆市
國立臺灣海洋大學,海洋環境資訊系,26,0,17 基隆市
國立臺灣海洋大學,海洋環境資訊系,169,12,17 基隆市
國立臺灣海洋大學,海洋環境資訊系,25,0,17 基隆市
國立臺灣海洋大學,資訊工程學系,10,0,17 基隆市
國立臺灣海洋大學,資訊工程學系,132,0,17 基隆市
國立臺灣海洋大學,資訊工程學系,488,27,17 基隆市
國立臺灣海洋大學,資訊工程學系,32,0,17 基隆市
國立中正大學,會計與資訊科技學系,23,0,10 嘉義縣
國立中正大學,會計與資訊科技學系,49,0,10 嘉義縣
國立中正大學,會計與資訊科技學系,231,12,10 嘉義縣
國立中正大學,會計與資訊科技學系,120,0,10 嘉義縣
國立中正大學,資訊管理學系,21,0,10 嘉義縣
國立中正大學,資訊管理學系,103,0,10 嘉義縣
國立中正大學,資訊管理學系,196,11,10 嘉義縣
國立中正大學,資訊管理學系,75,0,10 嘉義縣
國立中正大學,資訊工程學系,22,0,10 嘉義縣
國立中正大學,資訊工程學系,274,0,10 嘉義縣
國立中正大學,資訊工程學系,397,27,10 嘉義縣
國立中正大學,資訊工程學系雲端計算與物聯網數位學習碩士在職專班,74,0,10 嘉義縣
國立彰化師範大學,統計資訊研究所,16,5,07 彰化縣
國立彰化師範大學,資訊管理學系,71,0,07 彰化縣
國立彰化師範大學,資訊管理學系,204,11,07 彰化縣
國立彰化師範大學,資訊管理學系創新與管理碩士在職專班,63,0,07 彰化縣
國立彰化師範大學,資訊工程學系,37,0,07 彰化縣
國立彰化師範大學,資訊工程學系,191,13,07 彰化縣
國立彰化師範大學,資訊工程學系資訊科技應用教學碩士學位班,2,0,07 彰化縣
國立陽明大學,生物醫學資訊研究所,35,0,30 臺北市
國立陽明大學,生物醫學資訊研究所,68,13,30 臺北市
國立臺北大學,電機資訊學院博士班,20,0,01 新北市
國立臺北大學,資訊工程學系,62,0,01 新北市
國立臺北大學,資訊工程學系,199,12,01 新北市
國立臺北大學,資訊管理研究所,36,4,01 新北市
國立嘉義大學,資訊管理學系,26,0,20 嘉義市
國立嘉義大學,資訊管理學系,193,10,20 嘉義市
國立嘉義大學,資訊工程學系,9,0,20 嘉義市
國立嘉義大學,資訊工程學系,55,0,20 嘉義市
國立嘉義大學,資訊工程學系,206,16,20 嘉義市
國立高雄大學,資訊管理學系,30,0,50 高雄市
國立高雄大學,資訊管理學系,189,10,50 高雄市
國立高雄大學,資訊管理學系,0,0,50 高雄市
國立高雄大學,資訊工程學系,39,0,50 高雄市
國立高雄大學,資訊工程學系,189,11,50 高雄市
國立高雄大學,資訊工程學系,23,0,50 高雄市
國立東華大學,資訊工程學系,9,0,15 花蓮縣
國立東華大學,資訊工程學系,100,0,15 花蓮縣
國立東華大學,資訊工程學系,390,20,15 花蓮縣
國立東華大學,資訊工程學系,7,0,15 花蓮縣
國立東華大學,資訊管理學系,19,0,15 花蓮縣
國立東華大學,資訊管理學系,213,10,15 花蓮縣
國立暨南國際大學,資訊管理學系,48,0,08 南投縣
國立暨南國際大學,資訊管理學系,235,14,08 南投縣
國立暨南國際大學,資訊工程學系,7,0,08 南投縣
國立暨南國際大學,資訊工程學系,65,0,08 南投縣
國立暨南國際大學,資訊工程學系,224,15,08 南投縣
國立臺灣科技大學,資訊管理系,63,0,30 臺北市
國立臺灣科技大學,資訊管理系,154,0,30 臺北市
國立臺灣科技大學,資訊管理系,266,18,30 臺北市
國立臺灣科技大學,資訊管理系,5,0,30 臺北市
國立臺灣科技大學,資訊管理系,67,0,30 臺北市
國立臺灣科技大學,資訊工程系,44,0,30 臺北市
國立臺灣科技大學,資訊工程系,309,0,30 臺北市
國立臺灣科技大學,資訊工程系,384,26,30 臺北市
國立臺灣科技大學,資訊工程系,6,0,30 臺北市
國立臺灣科技大學,資訊工程系,1,0,30 臺北市
國立雲林科技大學,資訊管理系,24,0,09 雲林縣
國立雲林科技大學,資訊管理系,83,0,09 雲林縣
國立雲林科技大學,資訊管理系,245,17,09 雲林縣
國立雲林科技大學,資訊管理系,109,0,09 雲林縣
國立雲林科技大學,資訊管理系,30,0,09 雲林縣
國立雲林科技大學,資訊科技服務管理數位學習碩士在職專班,41,0,09 雲林縣
國立雲林科技大學,資訊工程系,107,0,09 雲林縣
國立雲林科技大學,資訊工程系,277,10,09 雲林縣
國立雲林科技大學,資訊工程系_香港二技專班,1,0,09 雲林縣
國立屏東科技大學,資訊管理系,41,0,13 屏東縣
國立屏東科技大學,資訊管理系,242,12,13 屏東縣
國立屏東科技大學,資訊管理系,22,0,13 屏東縣
國立臺北科技大學,資訊與財金管理系,70,0,30 臺北市
國立臺北科技大學,資訊與財金管理系,242,11,30 臺北市
國立臺北科技大學,資訊與財金管理系,13,0,30 臺北市
國立臺北科技大學,管理學院資訊與財金管理EMBA專班,106,0,30 臺北市
國立臺北科技大學,資訊與財金管理系,196,1,30 臺北市
國立臺北科技大學,資訊工程系,21,0,30 臺北市
國立臺北科技大學,資訊工程系,168,0,30 臺北市
國立臺北科技大學,資訊工程系,238,16,30 臺北市
國立臺北科技大學,資訊工程系,12,0,30 臺北市
國立臺東大學,資訊管理學系產業管理與數位行銷進修學士班,110,0,14 臺東縣
國立臺東大學,資訊管理學系,16,0,14 臺東縣
國立臺東大學,資訊管理學系,184,10,14 臺東縣
國立臺東大學,資訊管理學系環境經濟資訊管理碩士在職專班(暑期班),26,0,14 臺東縣
國立臺東大學,綠色與資訊科技學士學位學程,116,4,14 臺東縣
國立臺東大學,資訊工程學系,8,0,14 臺東縣
國立臺東大學,資訊工程學系,344,12,14 臺東縣
國立宜蘭大學,資訊工程學系,39,0,02 宜蘭縣
國立宜蘭大學,資訊工程學系,188,10,02 宜蘭縣
國立宜蘭大學,電機資訊學院碩士在職專班,27,2,02 宜蘭縣
國立聯合大學,資訊管理學系,22,0,05 苗栗縣
國立聯合大學,資訊管理學系,337,13,05 苗栗縣
國立聯合大學,資訊工程學系,15,0,05 苗栗縣
國立聯合大學,資訊工程學系,172,9,05 苗栗縣
國立聯合大學,資訊工程學系,148,0,05 苗栗縣
國立虎尾科技大學,資訊管理系,45,0,09 雲林縣
國立虎尾科技大學,資訊管理系,211,11,09 雲林縣
國立虎尾科技大學,資訊管理系,17,0,09 雲林縣
國立虎尾科技大學,資訊管理系,201,0,09 雲林縣
國立虎尾科技大學,資訊工程系,43,0,09 雲林縣
國立虎尾科技大學,資訊工程系,453,17,09 雲林縣
國立虎尾科技大學,資訊工程科,40,0,09 雲林縣
國立臺南大學,資訊工程學系,36,0,21 臺南市
國立臺南大學,資訊工程學系,168,9,21 臺南市
國立臺北教育大學,數學暨資訊教育學系,43,0,30 臺北市
國立臺北教育大學,數學暨資訊教育學系,235,14,30 臺北市
國立臺北教育大學,數學暨資訊教育學系,36,0,30 臺北市
國立臺北教育大學,資訊科學系,42,0,30 臺北市
國立臺北教育大學,資訊科學系,155,10,30 臺北市
國立臺北教育大學,資訊科學系,47,0,30 臺北市
國立臺中教育大學,教育資訊與測驗統計研究所,33,0,19 臺中市
國立臺中教育大學,教育資訊與測驗統計研究所,40,8,19 臺中市
國立臺中教育大學,教育資訊與測驗統計研究所,27,0,19 臺中市
國立臺中教育大學,資訊工程學系,33,0,19 臺中市
國立臺中教育大學,資訊工程學系,199,10,19 臺中市
國立澎湖科技大學,資訊管理系,197,10,16 澎湖縣
國立澎湖科技大學,資訊管理系,140,0,16 澎湖縣
國立澎湖科技大學,資訊工程系,226,6,16 澎湖縣
國立勤益科技大學,管理學院_管理與資訊國際學生產學合作專班,2,1,06 臺中市
國立勤益科技大學,資訊管理系,76,0,06 臺中市
國立勤益科技大學,資訊管理系,420,18,06 臺中市
國立勤益科技大學,資訊管理系研發科技與資訊管理碩士在職專班,24,0,06 臺中市
國立勤益科技大學,資訊管理系,220,0,06 臺中市
國立勤益科技大學,資訊管理系,38,0,06 臺中市
國立勤益科技大學,資訊工程系,79,0,06 臺中市
國立勤益科技大學,資訊工程系,606,19,06 臺中市
國立勤益科技大學,資訊工程系,24,0,06 臺中市
國立勤益科技大學,資訊工程系,237,0,06 臺中市
國立臺北護理健康大學,資訊管理系,37,0,30 臺北市
國立臺北護理健康大學,資訊管理系,341,10,30 臺北市
國立金門大學,資訊工程學系,174,7,71 金門縣
國立金門大學,資訊工程學系,0,0,71 金門縣
國立金門大學,理工學院資訊科技與應用碩士班,18,0,71 金門縣
國立臺灣體育運動大學,運動資訊與傳播學系,185,8,19 臺中市
國立臺中科技大學,會計資訊系,28,0,19 臺中市
國立臺中科技大學,會計資訊系,378,25,19 臺中市
國立臺中科技大學,會計資訊系,89,0,19 臺中市
國立臺中科技大學,會計資訊科,421,0,19 臺中市
國立臺中科技大學,會計資訊系,29,0,19 臺中市
國立臺中科技大學,會計資訊系,264,0,19 臺中市
國立臺中科技大學,會計資訊系,116,0,19 臺中市
國立臺中科技大學,資訊管理系,33,0,19 臺中市
國立臺中科技大學,資訊管理系,216,22,19 臺中市
國立臺中科技大學,資訊管理系,191,0,19 臺中市
國立臺中科技大學,資訊管理科,412,0,19 臺中市
國立臺中科技大學,資訊管理系,33,0,19 臺中市
國立臺中科技大學,資訊管理系,174,1,19 臺中市
國立臺中科技大學,資訊管理系,63,0,19 臺中市
國立臺中科技大學,資訊管理科,84,0,19 臺中市
國立臺中科技大學,資訊工程系,40,0,19 臺中市
國立臺中科技大學,資訊工程系,302,16,19 臺中市
國立臺中科技大學,資訊工程科,243,0,19 臺中市
國立臺中科技大學,資訊工程系,35,0,19 臺中市
國立臺中科技大學,資訊工程系,161,0,19 臺中市
國立臺北商業大學,會計資訊系會計財稅碩士班,32,0,30 臺北市
國立臺北商業大學,會計資訊系,343,20,30 臺北市
國立臺北商業大學,會計資訊系,65,0,30 臺北市
國立臺北商業大學,會計資訊科,242,0,30 臺北市
國立臺北商業大學,會計資訊系,137,0,30 臺北市
國立臺北商業大學,會計資訊系,76,0,30 臺北市
國立臺北商業大學,資訊管理系,165,18,30 臺北市
國立臺北商業大學,資訊管理系,67,0,30 臺北市
國立臺北商業大學,資訊管理科,251,0,30 臺北市
國立臺北商業大學,資訊管理系,190,0,30 臺北市
國立臺北商業大學,資訊管理系,126,0,30 臺北市
國立臺北商業大學,資訊與決策科學研究所,31,5,30 臺北市
國立屏東大學,資訊管理學系,17,0,13 屏東縣
國立屏東大學,資訊管理學系,243,10,13 屏東縣
國立屏東大學,資訊管理學系,150,0,13 屏東縣
國立屏東大學,資訊科學系,31,0,13 屏東縣
國立屏東大學,資訊科學系,197,11,13 屏東縣
國立屏東大學,資訊科學系資訊系統與數位科技應用碩士在職專班,20,0,13 屏東縣
國立屏東大學,國際資訊科技與應用碩士學位學程,6,0,13 屏東縣
國立屏東大學,資訊學院,0,1,13 屏東縣
國立屏東大學,資訊工程學系,24,0,13 屏東縣
國立屏東大學,資訊工程學系,229,9,13 屏東縣
國立高雄科技大學,會計資訊系,48,0,50 高雄市
國立高雄科技大學,會計資訊系,441,16,50 高雄市
國立高雄科技大學,會計資訊系,43,0,50 高雄市
國立高雄科技大學,會計資訊系,146,0,50 高雄市
國立高雄科技大學,金融資訊系,36,0,50 高雄市
國立高雄科技大學,金融資訊系,204,12,50 高雄市
國立高雄科技大學,金融資訊系,68,0,50 高雄市
國立高雄科技大學,金融資訊系,189,0,50 高雄市
國立高雄科技大學,金融資訊系,2,0,50 高雄市
國立高雄科技大學,資訊財務碩士學位學程,13,0,50 高雄市
國立高雄科技大學,海事資訊科技系,12,0,50 高雄市
國立高雄科技大學,海事資訊科技系,166,9,50 高雄市
國立高雄科技大學,資訊工程系,259,9,50 高雄市
國立高雄科技大學,商務資訊應用系,8,0,50 高雄市
國立高雄科技大學,商務資訊應用系,388,12,50 高雄市
國立高雄科技大學,資訊管理系,108,0,50 高雄市
國立高雄科技大學,資訊管理系,417,18,50 高雄市
國立高雄科技大學,資訊管理系,3,0,50 高雄市
國立高雄科技大學,資訊管理系,47,0,50 高雄市
國立高雄科技大學,資訊工程系,42,0,50 高雄市
國立高雄科技大學,資訊工程系,35,0,50 高雄市
國立高雄科技大學,電機資訊學院_資通訊服務創新產業碩士專班,2,0,50 高雄市
國立高雄科技大學,海事資訊科技系,8,0,50 高雄市
國立臺東專科學校,資訊管理科,70,5,14 臺東縣
國立臺東專科學校,資訊管理科,6,0,14 臺東縣
東海大學,工業工程與經營資訊學系高階醫務工程與管理碩士在職專班,43,0,19 臺中市
東海大學,資訊工程學系,50,0,19 臺中市
東海大學,資訊工程學系,564,20,19 臺中市
東海大學,資訊工程學系,30,0,19 臺中市
東海大學,資訊工程學系,40,0,19 臺中市
東海大學,資訊管理學系,23,0,19 臺中市
東海大學,資訊管理學系,256,9,19 臺中市
東海大學,資訊工程學系,0,0,19 臺中市
東海大學,工業工程與經營資訊學系,29,0,19 臺中市
東海大學,工業工程與經營資訊學系,58,0,19 臺中市
東海大學,工業工程與經營資訊學系,438,16,19 臺中市
輔仁大學,圖書資訊學系,27,0,01 新北市
輔仁大學,圖書資訊學系,235,9,01 新北市
輔仁大學,圖書資訊學系,120,0,01 新北市
輔仁大學,統計資訊學系應用統計碩士班,43,0,01 新北市
輔仁大學,統計資訊學系,466,14,01 新北市
輔仁大學,統計資訊學系應用統計碩士在職專班,32,0,01 新北市
輔仁大學,資訊工程學系,44,0,01 新北市
輔仁大學,資訊工程學系,503,15,01 新北市
輔仁大學,資訊工程學系,22,0,01 新北市
輔仁大學,資訊管理學系,38,0,01 新北市
輔仁大學,資訊管理學系,458,15,01 新北市
輔仁大學,資訊管理學系,56,0,01 新北市
輔仁大學,醫學資訊與健康科技進修學士學位學程,38,0,01 新北市
輔仁大學,資訊創新與數位生活進修學士學位學程,38,2,01 新北市
輔仁大學,醫學資訊與創新應用學士學位學程,130,0,01 新北市
東吳大學,資訊管理學系,30,0,30 臺北市
東吳大學,資訊管理學系,499,16,30 臺北市
東吳大學,資訊管理學系,44,0,30 臺北市
中原大學,資訊管理學系,41,0,03 桃園市
中原大學,資訊管理學系,467,14,03 桃園市
中原大學,資訊管理學系,51,0,03 桃園市
中原大學,資訊工程學系,66,0,03 桃園市
中原大學,資訊工程學系,479,16,03 桃園市
中原大學,資訊工程學系,18,0,03 桃園市
中原大學,電機資訊學院學士班,201,4,03 桃園市
淡江大學,資訊傳播學系,1,0,01 新北市
淡江大學,資訊傳播學系,445,10,01 新北市
淡江大學,資訊與圖書館學系,22,0,01 新北市
淡江大學,資訊與圖書館學系,457,10,01 新北市
淡江大學,資訊與圖書館學系數位學習碩士在職專班,5,0,01 新北市
淡江大學,資訊工程學系,20,0,01 新北市
淡江大學,資訊工程學系,94,0,01 新北市
淡江大學,資訊工程學系,777,22,01 新北市
淡江大學,資訊工程學系,28,0,01 新北市
淡江大學,資訊工程學系,127,0,01 新北市
淡江大學,資訊管理學系,40,0,01 新北市
淡江大學,資訊管理學系,715,19,01 新北市
淡江大學,資訊管理學系,23,0,01 新北市
淡江大學,資訊創新與科技學系,243,8,01 新北市
中國文化大學,資訊傳播學系,17,0,30 臺北市
中國文化大學,資訊傳播學系,498,11,30 臺北市
中國文化大學,資訊管理學系,44,0,30 臺北市
中國文化大學,資訊工程學系,12,0,30 臺北市
中國文化大學,資訊工程學系,447,11,30 臺北市
中國文化大學,資訊管理學系,688,17,30 臺北市
中國文化大學,資訊管理學系,25,0,30 臺北市
中國文化大學,資訊管理學系,53,0,30 臺北市
中國文化大學,資訊管理學系,0,0,30 臺北市
中國文化大學,資訊管理學系,13,0,30 臺北市
逢甲大學,資訊工程學系,28,0,19 臺中市
逢甲大學,資訊工程學系,104,0,19 臺中市
逢甲大學,資訊工程學系,"1,059",34,19 臺中市
逢甲大學,資訊工程學系,2,0,19 臺中市
逢甲大學,資訊電機工程碩士在職專班,94,2,19 臺中市
逢甲大學,資訊電機學院學士班,113,2,19 臺中市
逢甲大學,美國普渡大學電機資訊雙學士學位學程,65,1,19 臺中市
逢甲大學,生醫資訊暨生醫工程碩士學位學程,9,2,19 臺中市
逢甲大學,都市計畫與空間資訊學系,31,0,19 臺中市
逢甲大學,都市計畫與空間資訊學系,403,11,19 臺中市
逢甲大學,都市計畫與空間資訊學系,11,0,19 臺中市
靜宜大學,資訊管理學系,19,0,06 臺中市
靜宜大學,資訊管理學系,479,12,06 臺中市
靜宜大學,資訊傳播工程學系,11,0,06 臺中市
靜宜大學,資訊傳播工程學系,500,13,06 臺中市
靜宜大學,資訊學院資訊應用與科技管理碩士在職專班,14,0,06 臺中市
靜宜大學,資訊學院,0,8,06 臺中市
靜宜大學,資訊工程學系,7,0,06 臺中市
靜宜大學,資訊工程學系,477,14,06 臺中市
長庚大學,資訊管理學系,45,0,03 桃園市
長庚大學,資訊管理學系,373,18,03 桃園市
長庚大學,資訊工程學系,7,0,03 桃園市
長庚大學,資訊工程學系,47,0,03 桃園市
長庚大學,資訊工程學系,240,16,03 桃園市
元智大學,生物與醫學資訊碩士學位學程,2,2,03 桃園市
元智大學,資訊管理學系,17,0,03 桃園市
元智大學,資訊管理學系,46,0,03 桃園市
元智大學,資訊管理學系,470,22,03 桃園市
元智大學,資訊管理學系,78,0,03 桃園市
元智大學,資訊工程學系,24,0,03 桃園市
元智大學,資訊工程學系,108,0,03 桃園市
元智大學,資訊工程學系,650,20,03 桃園市
元智大學,資訊工程學系,48,0,03 桃園市
元智大學,資訊學院英語學士班,103,2,03 桃園市
元智大學,資訊傳播學系,27,0,03 桃園市
元智大學,資訊傳播學系,500,13,03 桃園市
中華大學,生物資訊學系,72,1,18 新竹市
中華大學,資訊管理學系,13,0,18 新竹市
中華大學,資訊管理學系,285,11,18 新竹市
中華大學,資訊管理學系,14,0,18 新竹市
中華大學,資訊管理學系,3,0,18 新竹市
中華大學,資訊工程學系,49,0,18 新竹市
中華大學,資訊工程學系,382,13,18 新竹市
中華大學,資訊工程學系,8,0,18 新竹市
大葉大學,會計資訊學系,132,7,07 彰化縣
大葉大學,會計資訊學系,22,0,07 彰化縣
大葉大學,資訊管理學系,13,0,07 彰化縣
大葉大學,資訊管理學系,136,9,07 彰化縣
大葉大學,資訊管理學系,23,0,07 彰化縣
大葉大學,資訊管理學系,33,0,07 彰化縣
大葉大學,資訊工程學系,15,0,07 彰化縣
大葉大學,資訊工程學系,137,7,07 彰化縣
華梵大學,資訊管理學系,3,0,01 新北市
華梵大學,資訊管理學系,21,0,01 新北市
華梵大學,資訊管理學系,4,0,01 新北市
華梵大學,工業工程與經營資訊學系,2,0,01 新北市
華梵大學,工業工程與經營資訊學系,17,3,01 新北市
義守大學,資訊管理學系,5,0,12 高雄市
義守大學,資訊管理學系,333,15,12 高雄市
義守大學,資訊管理學系,60,0,12 高雄市
義守大學,資訊管理學系,235,0,12 高雄市
義守大學,資訊工程學系,40,0,12 高雄市
義守大學,資訊工程學系,16,0,12 高雄市
義守大學,資訊工程學系,417,15,12 高雄市
義守大學,資訊工程學系,22,0,12 高雄市
義守大學,資訊工程學系,3,0,12 高雄市
義守大學,電機資訊學院進修學士班,49,0,12 高雄市
世新大學,資訊傳播學系,15,0,30 臺北市
世新大學,資訊傳播學系,240,8,30 臺北市
世新大學,資訊傳播學系,28,0,30 臺北市
世新大學,資訊管理學系,37,0,30 臺北市
世新大學,資訊管理學系,708,27,30 臺北市
世新大學,資訊管理學系,43,0,30 臺北市
世新大學,創新科技暨資訊應用產業碩士專班,0,0,30 臺北市
銘傳大學,醫療資訊與管理學系健康產業管理碩士班,12,0,30 臺北市
銘傳大學,醫療資訊與管理學系,388,9,30 臺北市
銘傳大學,資訊管理學系,18,0,30 臺北市
銘傳大學,資訊管理學系,627,20,30 臺北市
銘傳大學,資訊管理學系,27,0,30 臺北市
銘傳大學,資訊傳播工程學系,13,0,30 臺北市
銘傳大學,資訊傳播工程學系,402,13,30 臺北市
銘傳大學,資訊科技應用學士學位學程,50,0,30 臺北市
銘傳大學,資訊科技應用與管理學士學位學程,31,4,30 臺北市
銘傳大學,資訊工程學系,22,0,30 臺北市
銘傳大學,資訊工程學系,421,18,30 臺北市
實踐大學,資訊模擬與設計學系,345,9,30 臺北市
實踐大學,資訊科技與管理學系,12,0,30 臺北市
實踐大學,資訊科技與管理學系,430,11,30 臺北市
實踐大學,資訊科技與管理學系,9,0,30 臺北市
實踐大學,資訊管理學系,159,7,30 臺北市
實踐大學,資訊科技與通訊學系,251,6,30 臺北市
朝陽科技大學,資訊與通訊系,451,15,06 臺中市
朝陽科技大學,資訊與通訊系,1,0,06 臺中市
朝陽科技大學,資訊管理系,24,0,06 臺中市
朝陽科技大學,資訊管理系,54,0,06 臺中市
朝陽科技大學,資訊管理系,736,28,06 臺中市
朝陽科技大學,資訊管理系,9,0,06 臺中市
朝陽科技大學,資訊管理系,117,0,06 臺中市
朝陽科技大學,資訊與通訊系,51,0,06 臺中市
朝陽科技大學,資訊工程系,34,0,06 臺中市
朝陽科技大學,資訊工程系,492,15,06 臺中市
朝陽科技大學,資訊工程系(陸生二技),1,0,06 臺中市
朝陽科技大學,資訊工程系,9,0,06 臺中市
朝陽科技大學,資訊工程系,94,0,06 臺中市
高雄醫學大學,醫務管理暨醫療資訊學系,29,0,50 高雄市
高雄醫學大學,醫務管理暨醫療資訊學系,228,9,50 高雄市
高雄醫學大學,醫務管理暨醫療資訊學系,53,0,50 高雄市
南華大學,科技學院資訊科技進修學士班,122,0,10 嘉義縣
南華大學,資訊管理學系,17,0,10 嘉義縣
南華大學,資訊管理學系,192,12,10 嘉義縣
南華大學,資訊管理學系,40,0,10 嘉義縣
南華大學,資訊工程學系,308,11,10 嘉義縣
真理大學,宗教文化與資訊管理學系,26,0,01 新北市
真理大學,宗教文化與資訊管理學系,86,10,01 新北市
真理大學,宗教文化與資訊管理學系,10,0,01 新北市
真理大學,人文與資訊學系,139,6,01 新北市
真理大學,運動資訊傳播學系,267,7,01 新北市
真理大學,會計資訊學系,226,9,01 新北市
真理大學,工業管理與經營資訊學系,202,8,01 新北市
真理大學,統計資訊與精算學系,10,0,01 新北市
真理大學,統計資訊與精算學系,142,9,01 新北市
真理大學,資訊工程學系,242,10,01 新北市
真理大學,資訊工程學系,10,0,01 新北市
真理大學,資訊管理學系,246,9,01 新北市
大同大學,資訊經營學系,7,0,30 臺北市
大同大學,資訊經營學系,232,8,30 臺北市
大同大學,資訊經營學系,14,0,30 臺北市
大同大學,資訊工程學系,6,0,30 臺北市
大同大學,資訊工程學系,26,0,30 臺北市
大同大學,資訊工程學系,444,14,30 臺北市
大同大學,資訊工程學系,13,0,30 臺北市
南臺科技大學,資訊傳播系,28,0,11 臺南市
南臺科技大學,資訊傳播系,423,14,11 臺南市
南臺科技大學,資訊傳播系,126,0,11 臺南市
南臺科技大學,會計資訊系,13,0,11 臺南市
南臺科技大學,會計資訊系,298,10,11 臺南市
南臺科技大學,工業管理與資訊系工業管理碩士班,8,0,11 臺南市
南臺科技大學,工業管理與資訊系,633,21,11 臺南市
南臺科技大學,工業管理與資訊系工業管理碩士在職專班,23,0,11 臺南市
南臺科技大學,工業管理與資訊系,6,0,11 臺南市
南臺科技大學,資訊管理系,28,0,11 臺南市
南臺科技大學,資訊管理系,640,17,11 臺南市
南臺科技大學,資訊管理科,10,0,11 臺南市
南臺科技大學,資訊管理系,25,0,11 臺南市
南臺科技大學,資訊管理系,159,0,11 臺南市
南臺科技大學,資訊工程系,22,0,11 臺南市
南臺科技大學,資訊工程系,523,17,11 臺南市
南臺科技大學,資訊工程科,101,0,11 臺南市
南臺科技大學,資訊工程系,14,0,11 臺南市
崑山科技大學,會計資訊系,3,0,11 臺南市
崑山科技大學,會計資訊系,0,0,11 臺南市
崑山科技大學,資訊傳播系,155,8,11 臺南市
崑山科技大學,資訊傳播系,16,0,11 臺南市
崑山科技大學,資訊管理系,16,0,11 臺南市
崑山科技大學,資訊管理系,230,10,11 臺南市
崑山科技大學,資訊管理系,25,0,11 臺南市
崑山科技大學,資訊管理系,119,1,11 臺南市
崑山科技大學,資訊管理系,32,0,11 臺南市
崑山科技大學,資訊管理科,4,0,11 臺南市
崑山科技大學,資訊工程系碩士班,13,0,11 臺南市
崑山科技大學,資訊工程系,337,12,11 臺南市
崑山科技大學,資訊工程系_自動化與物聯網專班,15,0,11 臺南市
崑山科技大學,資訊工程系碩士在職專班,2,0,11 臺南市
崑山科技大學,資訊工程系,61,0,11 臺南市
嘉南藥理大學,資訊管理系,362,11,11 臺南市
嘉南藥理大學,資訊管理系,145,1,11 臺南市
嘉南藥理大學,資訊多媒體應用系,194,8,11 臺南市
嘉南藥理大學,資訊多媒體應用系,3,0,11 臺南市
嘉南藥理大學,應用空間資訊系,3,0,11 臺南市
嘉南藥理大學,應用空間資訊系,216,8,11 臺南市
嘉南藥理大學,應用空間資訊系,1,0,11 臺南市
樹德科技大學,資訊管理系,10,0,12 高雄市
樹德科技大學,資訊管理系,261,9,12 高雄市
樹德科技大學,資訊管理系,29,0,12 高雄市
樹德科技大學,資訊管理系,71,0,12 高雄市
樹德科技大學,資訊工程系,15,0,12 高雄市
樹德科技大學,資訊工程系,295,12,12 高雄市
樹德科技大學,資訊工程系,1,0,12 高雄市
樹德科技大學,資訊工程系資訊技術與管理數位學習碩士在職專班,39,0,12 高雄市
樹德科技大學,資訊工程系,72,0,12 高雄市
慈濟大學,醫學資訊學系,27,0,15 花蓮縣
慈濟大學,醫學資訊學系,165,11,15 花蓮縣
臺北醫學大學,醫學資訊研究所,37,0,30 臺北市
臺北醫學大學,醫學資訊研究所,30,14,30 臺北市
臺北醫學大學,醫學資訊研究所,28,0,30 臺北市
中山醫學大學,醫學資訊學系,10,0,19 臺中市
中山醫學大學,醫學資訊學系,160,9,19 臺中市
龍華科技大學,資訊管理系,22,0,03 桃園市
龍華科技大學,資訊管理系,394,18,03 桃園市
龍華科技大學,資訊管理系,0,0,03 桃園市
龍華科技大學,資訊管理系,19,0,03 桃園市
龍華科技大學,資訊管理系,191,0,03 桃園市
龍華科技大學,資訊網路工程系,22,0,03 桃園市
龍華科技大學,資訊網路工程系,569,15,03 桃園市
龍華科技大學,資訊網路工程系,206,0,03 桃園市
輔英科技大學,資訊科技與管理系,226,13,12 高雄市
輔英科技大學,資訊科技與管理系,75,0,12 高雄市
明新科技大學,資訊管理系,15,0,04 新竹縣
明新科技大學,資訊管理系,403,17,04 新竹縣
明新科技大學,資訊管理系,147,0,04 新竹縣
明新科技大學,資訊管理系,92,0,04 新竹縣
明新科技大學,資訊管理科,92,0,04 新竹縣
明新科技大學,資訊工程系,437,13,04 新竹縣
明新科技大學,資訊工程系,90,0,04 新竹縣
長榮大學,會計資訊學系,214,13,11 臺南市
長榮大學,資訊暨設計碩士學位學程,16,0,11 臺南市
長榮大學,資訊暨設計學院學士班,199,0,11 臺南市
長榮大學,資訊管理學系,102,8,11 臺南市
長榮大學,資訊工程學系,172,6,11 臺南市
弘光科技大學,資訊管理系,311,12,06 臺中市
弘光科技大學,資訊管理系,204,0,06 臺中市
弘光科技大學,資訊工程系智慧型輔助科技碩士班,2,0,06 臺中市
弘光科技大學,資訊工程系,285,8,06 臺中市
弘光科技大學,資訊工程系,137,0,06 臺中市
健行科技大學,資訊管理系,510,17,03 桃園市
健行科技大學,資訊管理系,5,0,03 桃園市
健行科技大學,資訊管理系,129,0,03 桃園市
健行科技大學,資訊管理系,65,0,03 桃園市
健行科技大學,資訊管理系,22,0,03 桃園市
健行科技大學,資訊工程系,29,0,03 桃園市
健行科技大學,資訊工程系,642,19,03 桃園市
健行科技大學,資訊工程系,141,0,03 桃園市
健行科技大學,土木工程系空間資訊與防災科技碩士班,30,0,03 桃園市
健行科技大學,應用空間資訊系,111,7,03 桃園市
正修科技大學,資訊管理系,22,0,12 高雄市
正修科技大學,資訊管理系,342,18,12 高雄市
正修科技大學,資訊管理系,17,0,12 高雄市
正修科技大學,資訊管理系,217,0,12 高雄市
正修科技大學,資訊管理系,79,0,12 高雄市
正修科技大學,資訊管理科,49,0,12 高雄市
正修科技大學,資訊工程系,19,0,12 高雄市
正修科技大學,資訊工程系,548,14,12 高雄市
正修科技大學,資訊工程系,159,0,12 高雄市
正修科技大學,土木與空間資訊系營建工程碩士班,39,0,12 高雄市
正修科技大學,土木與空間資訊系,436,16,12 高雄市
正修科技大學,土木與空間資訊系_土木工程專班,31,0,12 高雄市
正修科技大學,土木與空間資訊系,214,0,12 高雄市
萬能科技大學,資訊管理系,13,0,03 桃園市
萬能科技大學,資訊管理系,248,12,03 桃園市
萬能科技大學,資訊管理系,13,0,03 桃園市
萬能科技大學,資訊管理系,46,0,03 桃園市
萬能科技大學,資訊工程系,236,14,03 桃園市
萬能科技大學,資訊工程系,84,1,03 桃園市
萬能科技大學,資訊工程系,44,0,03 桃園市
玄奘大學,資訊管理學系,3,0,18 新竹市
玄奘大學,資訊管理學系,20,2,18 新竹市
玄奘大學,資訊管理學系,0,0,18 新竹市
建國科技大學,資訊管理系,177,9,07 彰化縣
建國科技大學,資訊管理系,86,0,07 彰化縣
建國科技大學,資訊與網路通訊系,113,8,07 彰化縣
建國科技大學,資訊與網路通訊系,36,0,07 彰化縣
高苑科技大學,資訊傳播系,0,0,12 高雄市
高苑科技大學,資訊傳播系,0,0,12 高雄市
高苑科技大學,資訊傳播與行銷系,72,12,12 高雄市
高苑科技大學,資訊傳播與行銷系,78,0,12 高雄市
高苑科技大學,資訊傳播與行銷系,57,0,12 高雄市
高苑科技大學,資訊傳播與行銷科,28,0,12 高雄市
高苑科技大學,資訊管理系,48,4,12 高雄市
高苑科技大學,資訊管理系,37,0,12 高雄市
高苑科技大學,資訊管理系,4,0,12 高雄市
高苑科技大學,資訊管理科,8,0,12 高雄市
高苑科技大學,資訊科技應用系,8,0,12 高雄市
高苑科技大學,資訊科技應用系,110,10,12 高雄市
高苑科技大學,資訊科技應用系,24,0,12 高雄市
高苑科技大學,資訊科技應用系,17,0,12 高雄市
大仁科技大學,資訊應用與管理系,0,0,13 屏東縣
大仁科技大學,資訊工程與娛樂科技系,39,6,13 屏東縣
聖約翰科技大學,資訊管理系,29,5,01 新北市
聖約翰科技大學,資訊工程系,20,0,01 新北市
聖約翰科技大學,資訊工程系,130,9,01 新北市
聖約翰科技大學,資訊工程系_現役軍人營區在職專班,23,0,01 新北市
聖約翰科技大學,醫護資訊學士學位學程,4,0,01 新北市
聖約翰科技大學,資訊與通訊系,14,0,01 新北市
聖約翰科技大學,資訊與通訊系,31,8,01 新北市
聖約翰科技大學,資訊與通訊系,39,1,01 新北市
聖約翰科技大學,電子資訊科,76,0,01 新北市
嶺東科技大學,會計資訊系碩士班,18,0,19 臺中市
嶺東科技大學,會計資訊系,214,11,19 臺中市
嶺東科技大學,資訊管理系,379,15,19 臺中市
嶺東科技大學,資訊管理系,4,0,19 臺中市
嶺東科技大學,資訊科技系,12,0,19 臺中市
嶺東科技大學,資訊科技系,775,23,19 臺中市
嶺東科技大學,資訊科技系,1,0,19 臺中市
嶺東科技大學,資訊科技系,344,0,19 臺中市
嶺東科技大學,資訊管理系,20,0,19 臺中市
嶺東科技大學,資訊管理系,177,0,19 臺中市
中國科技大學,資訊管理系,355,16,30 臺北市
中國科技大學,資訊管理系,64,0,30 臺北市
中國科技大學,資訊管理系,42,0,30 臺北市
中國科技大學,資訊管理科,53,0,30 臺北市
中國科技大學,資訊工程系,137,10,30 臺北市
中國科技大學,資訊工程系資訊科技應用碩士在職專班,36,0,30 臺北市
中國科技大學,資訊工程系,51,2,30 臺北市
中國科技大學,資訊工程科,28,0,30 臺北市
中臺科技大學,資訊管理系,246,7,19 臺中市
中臺科技大學,資訊管理系,76,0,19 臺中市
亞洲大學,資訊傳播學系,13,0,06 臺中市
亞洲大學,資訊傳播學系,384,10,06 臺中市
亞洲大學,會計與資訊學系,24,0,06 臺中市
亞洲大學,會計與資訊學系,286,8,06 臺中市
亞洲大學,資訊工程學系,26,0,06 臺中市
亞洲大學,資訊工程學系,38,0,06 臺中市
亞洲大學,資訊工程學系,479,25,06 臺中市
亞洲大學,資訊工程學系,28,0,06 臺中市
亞洲大學,生物資訊與醫學工程學系,16,0,06 臺中市
亞洲大學,生物資訊與醫學工程學系,7,0,06 臺中市
亞洲大學,生物資訊與醫學工程學系,140,17,06 臺中市
亞洲大學,生物資訊與醫學工程學系,24,0,06 臺中市
開南大學,資訊傳播學系,156,7,03 桃園市
開南大學,資訊管理學系,10,0,03 桃園市
開南大學,資訊管理學系,182,11,03 桃園市
開南大學,資訊管理學系,60,0,03 桃園市
開南大學,資訊學院碩士班,2,0,03 桃園市
開南大學,資訊學院進修學士班,1,0,03 桃園市
開南大學,資訊學院碩士在職專班,21,2,03 桃園市
佛光大學,資訊應用學系,27,0,02 宜蘭縣
佛光大學,資訊應用學系,264,13,02 宜蘭縣
佛光大學,資訊應用學系,10,0,02 宜蘭縣
台南應用科技大學,會計資訊系,62,3,11 臺南市
台南應用科技大學,資訊管理系,319,10,11 臺南市
台南應用科技大學,資訊管理系,63,0,11 臺南市
台南應用科技大學,資訊管理系,28,0,11 臺南市
遠東科技大學,資訊工程系,196,9,11 臺南市
遠東科技大學,資訊管理系,0,5,11 臺南市
遠東科技大學,資訊管理系,5,0,11 臺南市
遠東科技大學,資訊管理系,1,0,11 臺南市
遠東科技大學,資訊管理科,1,0,11 臺南市
元培醫事科技大學,資訊管理系,163,10,18 新竹市
元培醫事科技大學,資訊管理系,232,0,18 新竹市
元培醫事科技大學,資訊管理系數位創新管理碩士班,25,0,18 新竹市
景文科技大學,資訊工程系,143,7,01 新北市
景文科技大學,資訊工程系,10,0,01 新北市
中華醫事科技大學,數位設計與資訊管理系,63,7,11 臺南市
中華醫事科技大學,數位設計與資訊管理系,1,0,11 臺南市
中華醫事科技大學,資訊管理系_國際學生產學合作專班,149,0,11 臺南市
東南科技大學,資訊科技系,156,8,01 新北市
東南科技大學,資訊管理系,5,0,01 新北市
東南科技大學,資訊管理系,0,0,01 新北市
東南科技大學,資訊管理系,0,0,01 新北市
德明財經科技大學,會計資訊系,417,12,30 臺北市
德明財經科技大學,資訊科技系,291,10,30 臺北市
德明財經科技大學,資訊管理系,500,16,30 臺北市
德明財經科技大學,資訊管理系,9,0,30 臺北市
德明財經科技大學,資訊管理系,13,0,30 臺北市
明道大學,資訊傳播學系,0,0,07 彰化縣
明道大學,資訊傳播學系,30,5,07 彰化縣
明道大學,資訊傳播學系,0,0,07 彰化縣
南開科技大學,資訊管理系,29,3,08 南投縣
南開科技大學,資訊管理系,0,0,08 南投縣
南開科技大學,電機與資訊技術系,189,11,08 南投縣
南開科技大學,電機與資訊技術科,220,0,08 南投縣
南開科技大學,電機與資訊技術系,84,0,08 南投縣
中華科技大學,資訊管理系,128,7,30 臺北市
中華科技大學,資訊管理系,38,0,30 臺北市
中華科技大學,資訊管理系,47,0,30 臺北市
中華科技大學,資訊工程系,1,0,30 臺北市
僑光科技大學,資訊科技系,406,16,19 臺中市
僑光科技大學,資訊科技系,421,2,19 臺中市
育達科技大學,資訊管理系,42,0,05 苗栗縣
育達科技大學,資訊管理系,112,7,05 苗栗縣
育達科技大學,資訊管理系,68,0,05 苗栗縣
育達科技大學,資訊管理系,280,4,05 苗栗縣
美和科技大學,資訊管理系,23,0,13 屏東縣
美和科技大學,資訊管理科,3,0,13 屏東縣
美和科技大學,資訊管理系,108,6,13 屏東縣
美和科技大學,資訊管理系,24,0,13 屏東縣
美和科技大學,資訊科技系,129,8,13 屏東縣
美和科技大學,資訊科技系,45,0,13 屏東縣
吳鳳科技大學,資訊管理系,0,1,10 嘉義縣
吳鳳科技大學,資訊工程系,16,1,10 嘉義縣
吳鳳科技大學,資訊工程系,1,0,10 嘉義縣
環球科技大學,資訊與電子商務管理系,143,10,09 雲林縣
環球科技大學,資訊與電子商務管理系,52,0,09 雲林縣
環球科技大學,資訊與電子商務管理科,0,0,09 雲林縣
台灣首府大學,休閒資訊管理學系,39,3,11 臺南市
台灣首府大學,休閒資訊管理學系,39,0,11 臺南市
台灣首府大學,資訊與多媒體設計學系,57,3,11 臺南市
台灣首府大學,資訊與多媒體設計學系,1,0,11 臺南市
中州科技大學,資訊管理系,61,0,07 彰化縣
中州科技大學,資訊管理系,51,0,07 彰化縣
中州科技大學,資訊管理系,10,0,07 彰化縣
修平科技大學,資訊網路技術系,120,7,06 臺中市
修平科技大學,資訊管理系,161,9,06 臺中市
修平科技大學,資訊管理系,125,0,06 臺中市
臺北城市科技大學,資訊管理系電子商務碩士班,19,0,30 臺北市
臺北城市科技大學,資訊管理系,190,13,30 臺北市
臺北城市科技大學,資訊管理系,43,0,30 臺北市
臺北城市科技大學,資訊管理科,11,0,30 臺北市
臺北城市科技大學,資訊工程系_資訊應用產業碩士專班,3,0,30 臺北市
臺北城市科技大學,資訊工程系,388,21,30 臺北市
臺北城市科技大學,資訊工程科,201,0,30 臺北市
敏實科技大學,資訊管理系,12,6,04 新竹縣
敏實科技大學,資訊管理系,9,0,04 新竹縣
敏實科技大學,資訊管理科,48,0,04 新竹縣
敏實科技大學,資訊管理系,0,0,04 新竹縣
敏實科技大學,資訊管理系,58,0,04 新竹縣
敏實科技大學,資訊管理科,0,0,04 新竹縣
醒吾科技大學,資訊傳播系,20,0,01 新北市
醒吾科技大學,資訊傳播系,0,0,01 新北市
醒吾科技大學,資訊管理系,210,8,01 新北市
醒吾科技大學,資訊管理系,31,0,01 新北市
醒吾科技大學,資訊科技應用系,12,0,01 新北市
醒吾科技大學,資訊科技應用系,322,12,01 新北市
醒吾科技大學,資訊科技應用系,43,0,01 新北市
華夏科技大學,資訊管理系,155,11,01 新北市
華夏科技大學,資訊管理系,41,0,01 新北市
華夏科技大學,資訊管理科,174,0,01 新北市
華夏科技大學,資訊管理系,26,0,01 新北市
華夏科技大學,資訊管理系,99,0,01 新北市
華夏科技大學,資訊管理系,153,0,01 新北市
華夏科技大學,資訊管理科,18,0,01 新北市
華夏科技大學,資訊工程系,136,8,01 新北市
華夏科技大學,資訊工程系,53,1,01 新北市
慈濟科技大學,資訊科技與管理系,203,13,15 花蓮縣
致理科技大學,會計資訊系,659,21,01 新北市
致理科技大學,會計資訊系,0,0,01 新北市
致理科技大學,會計資訊科,233,0,01 新北市
致理科技大學,會計資訊系,154,0,01 新北市
致理科技大學,資訊管理系,231,0,01 新北市
致理科技大學,資訊管理系,679,19,01 新北市
康寧大學,資訊傳播學系,9,0,30 臺北市
康寧大學,資訊傳播學系,1,0,30 臺北市
康寧大學,資訊傳播學系,0,0,30 臺北市
康寧大學,資訊管理科,303,8,30 臺北市
宏國德霖科技大學,資訊工程系,158,13,01 新北市
宏國德霖科技大學,資訊工程科,181,0,01 新北市
宏國德霖科技大學,資訊工程系,91,0,01 新北市
宏國德霖科技大學,資訊工程系,54,0,01 新北市
和春技術學院,資訊管理系,4,5,12 高雄市
和春技術學院,資訊管理系,4,0,12 高雄市
和春技術學院,資訊管理科,22,0,12 高雄市
和春技術學院,資訊管理系,16,0,12 高雄市
和春技術學院,資訊管理系,36,0,12 高雄市
和春技術學院,資訊管理科,22,0,12 高雄市
和春技術學院,資訊工程科,4,2,12 高雄市
和春技術學院,資訊工程系,0,0,12 高雄市
亞東技術學院,資訊管理系,307,9,01 新北市
南亞技術學院,資訊管理系,2,0,03 桃園市
南亞技術學院,資訊管理系,0,0,03 桃園市
南亞技術學院,資訊管理科,1,0,03 桃園市
南亞技術學院,資訊工程系,144,7,03 桃園市
南亞技術學院,資訊工程系,1,0,03 桃園市
黎明技術學院,資訊管理系,4,0,01 新北市
黎明技術學院,資訊管理系,0,0,01 新北市
黎明技術學院,資訊科技系,108,5,01 新北市
經國管理暨健康學院,醫護資訊應用系,58,7,17 基隆市
樹人醫護管理專科學校,資訊管理科,225,7,12 高雄市
聖母醫護管理專科學校,資訊管理科,39,0,02 宜蘭縣
聖母醫護管理專科學校,資訊管理科,45,5,02 宜蘭縣
聖母醫護管理專科學校,資訊管理科,38,0,02 宜蘭縣
臺北市立大學,資訊科學系,48,0,30 臺北市
臺北市立大學,資訊科學系,171,10,30 臺北市
臺北市立大學,資訊科學系,63,0,30 臺北市
國立政治大學,圖書資訊與檔案學研究所,16,0,30 臺北市
國立政治大學,圖書資訊與檔案學研究所,57,7,30 臺北市
國立政治大學,圖書資訊與檔案學研究所圖書資訊學數位碩士在職專班,56,0,30 臺北市
國立政治大學,資訊管理學系,44,0,30 臺北市
國立政治大學,資訊管理學系,103,0,30 臺北市
國立政治大學,資訊管理學系,348,21,30 臺北市
國立政治大學,資訊科學系,10,0,30 臺北市
國立政治大學,資訊科學系,128,0,30 臺北市
國立政治大學,資訊科學系,87,0,30 臺北市
國立政治大學,資訊科學系,224,20,30 臺北市
國立清華大學,生物資訊與結構生物研究所,38,0,18 新竹市
國立清華大學,生物資訊與結構生物研究所,59,10,18 新竹市
國立清華大學,資訊工程學系,68,0,18 新竹市
國立清華大學,資訊工程學系,394,0,18 新竹市
國立清華大學,資訊工程學系,596,40,18 新竹市
國立清華大學,資訊安全研究所,46,0,18 新竹市
國立清華大學,資訊系統與應用研究所,27,0,18 新竹市
國立清華大學,資訊系統與應用研究所,149,0,18 新竹市
國立清華大學,電機資訊學院學士班,192,0,18 新竹市
國立臺灣大學,圖書資訊學系,17,0,30 臺北市
國立臺灣大學,圖書資訊學系,63,0,30 臺北市
國立臺灣大學,圖書資訊學系,208,12,30 臺北市
國立臺灣大學,生物資訊學國際研究生博士學位學程,10,0,30 臺北市
國立臺灣大學,資訊管理學系,21,0,30 臺北市
國立臺灣大學,資訊管理學系,127,0,30 臺北市
國立臺灣大學,資訊管理學系,217,17,30 臺北市
國立臺灣大學,資訊網路與多媒體研究所,49,0,30 臺北市
國立臺灣大學,資訊網路與多媒體研究所,126,8,30 臺北市
國立臺灣大學,資訊工程學系,121,0,30 臺北市
國立臺灣大學,資訊工程學系,378,0,30 臺北市
國立臺灣大學,資訊工程學系,16,0,30 臺北市
國立臺灣大學,資訊工程學系,588,32,30 臺北市
國立臺灣大學,生醫電子與資訊學研究所,79,0,30 臺北市
國立臺灣大學,生醫電子與資訊學研究所,121,7,30 臺北市
國立臺灣師範大學,資訊教育研究所,24,0,30 臺北市
國立臺灣師範大學,資訊教育研究所,61,8,30 臺北市
國立臺灣師範大學,圖書資訊學研究所,10,0,30 臺北市
國立臺灣師範大學,圖書資訊學研究所,56,6,30 臺北市
國立臺灣師範大學,圖書資訊學研究所圖書資訊學碩士在職專班,70,0,30 臺北市
國立臺灣師範大學,資訊工程學系,11,0,30 臺北市
國立臺灣師範大學,資訊工程學系,179,0,30 臺北市
國立臺灣師範大學,資訊工程學系,237,18,30 臺北市
國立成功大學,工業與資訊管理學系,19,0,21 臺南市
國立成功大學,工業與資訊管理學系,91,0,21 臺南市
國立成功大學,工業與資訊管理學系,119,0,21 臺南市
國立成功大學,工業與資訊管理學系,238,15,21 臺南市
國立成功大學,資訊管理研究所,19,0,21 臺南市
國立成功大學,資訊管理研究所,65,7,21 臺南市
國立成功大學,資訊工程學系,81,0,21 臺南市
國立成功大學,資訊工程學系,306,0,21 臺南市
國立成功大學,資訊工程學系人工智慧與資訊系統碩士在職專班,27,0,21 臺南市
國立成功大學,資訊工程學系,493,28,21 臺南市
國立成功大學,醫學資訊研究所,35,5,21 臺南市
國立成功大學,製造資訊與系統研究所,26,0,21 臺南市
國立成功大學,製造資訊與系統研究所,74,7,21 臺南市
國立成功大學,測量及空間資訊學系,39,0,21 臺南市
國立成功大學,測量及空間資訊學系,63,0,21 臺南市
國立成功大學,測量及空間資訊學系,189,16,21 臺南市
國立中興大學,圖書資訊學研究所,33,5,19 臺中市
國立中興大學,基因體暨生物資訊學研究所,24,7,19 臺中市
國立中興大學,資訊管理學系,117,0,19 臺中市
國立中興大學,資訊管理學系,92,0,19 臺中市
國立中興大學,資訊管理學系,142,12,19 臺中市
國立中興大學,資訊科學與工程學系,35,0,19 臺中市
國立中興大學,資訊科學與工程學系,152,0,19 臺中市
國立中興大學,資訊科學與工程學系,89,0,19 臺中市
國立中興大學,資訊科學與工程學系,164,15,19 臺中市
國立中興大學,資料科學與資訊計算研究所,15,7,19 臺中市
國立中興大學,電機資訊學院學士班,59,2,19 臺中市
國立陽明交通大學,資訊管理與財務金融學系財務金融博士班,29,0,18 新竹市
國立陽明交通大學,資訊管理與財務金融學系財務金融碩士班,108,0,18 新竹市
國立陽明交通大學,資訊管理與財務金融學系,173,13,18 新竹市
國立陽明交通大學,生物資訊及系統生物研究所,28,0,18 新竹市
國立陽明交通大學,生物資訊及系統生物研究所,40,7,18 新竹市
國立陽明交通大學,生物醫學資訊研究所,34,0,18 新竹市
國立陽明交通大學,生物醫學資訊研究所,61,0,18 新竹市
國立陽明交通大學,網路與資訊系統博士學位學程,3,0,18 新竹市
國立陽明交通大學,資訊管理研究所,29,0,18 新竹市
國立陽明交通大學,資訊管理研究所,93,7,18 新竹市
國立陽明交通大學,資訊工程學系,819,27,18 新竹市
國立陽明交通大學,資訊科學與工程研究所,140,0,18 新竹市
國立陽明交通大學,資訊科學與工程研究所,406,14,18 新竹市
國立陽明交通大學,資訊學院博士班,8,0,18 新竹市
國立陽明交通大學,資訊學院國防資安管理碩士在職現役軍人營區專班,80,0,18 新竹市
國立陽明交通大學,電機資訊國際博士學位學程,77,0,18 新竹市
國立陽明交通大學,電機資訊國際碩士學位學程,54,0,18 新竹市
國立陽明交通大學,電機資訊學士班,25,4,18 新竹市
國立陽明交通大學,資訊學院碩士在職專班,106,2,18 新竹市
國立中央大學,資訊管理學系,13,0,03 桃園市
國立中央大學,資訊管理學系,138,0,03 桃園市
國立中央大學,資訊管理學系,97,0,03 桃園市
國立中央大學,資訊管理學系,427,21,03 桃園市
國立中央大學,資訊工程學系,76,0,03 桃園市
國立中央大學,資訊工程學系,336,0,03 桃園市
國立中央大學,資訊工程學系,100,0,03 桃園市
國立中央大學,資訊工程學系,413,29,03 桃園市
國立中央大學,資訊電機學院學士班,89,2,03 桃園市
國立中山大學,資訊工程學系,25,0,50 高雄市
國立中山大學,資訊工程學系,300,0,50 高雄市
國立中山大學,資訊工程學系,237,23,50 高雄市
國立中山大學,資訊管理學系,29,0,50 高雄市
國立中山大學,資訊管理學系,113,0,50 高雄市
國立中山大學,資訊管理學系,93,0,50 高雄市
國立中山大學,資訊管理學系,215,17,50 高雄市
國立臺灣海洋大學,海洋環境資訊系,7,0,17 基隆市
國立臺灣海洋大學,海洋環境資訊系,21,0,17 基隆市
國立臺灣海洋大學,海洋環境資訊系,17,0,17 基隆市
國立臺灣海洋大學,海洋環境資訊系,165,13,17 基隆市
國立臺灣海洋大學,資訊工程學系,10,0,17 基隆市
國立臺灣海洋大學,資訊工程學系,138,0,17 基隆市
國立臺灣海洋大學,資訊工程學系,43,0,17 基隆市
國立臺灣海洋大學,資訊工程學系,505,28,17 基隆市
國立中正大學,會計與資訊科技學系,17,0,10 嘉義縣
國立中正大學,會計與資訊科技學系,64,0,10 嘉義縣
國立中正大學,會計與資訊科技學系,115,0,10 嘉義縣
國立中正大學,會計與資訊科技學系,222,13,10 嘉義縣
國立中正大學,資訊管理學系,20,0,10 嘉義縣
國立中正大學,資訊管理學系,111,0,10 嘉義縣
國立中正大學,資訊管理學系,78,0,10 嘉義縣
國立中正大學,資訊管理學系,209,14,10 嘉義縣
國立中正大學,資訊工程學系,24,0,10 嘉義縣
國立中正大學,資訊工程學系,273,0,10 嘉義縣
國立中正大學,資訊工程學系,74,0,10 嘉義縣
國立中正大學,資訊工程學系,403,26,10 嘉義縣
國立高雄師範大學,軟體工程與管理學系資訊科技碩士在職專班,52,0,50 高雄市
國立彰化師範大學,統計資訊研究所,18,5,07 彰化縣
國立彰化師範大學,資訊管理學系,83,0,07 彰化縣
國立彰化師範大學,資訊管理學系創新與管理碩士在職專班,47,0,07 彰化縣
國立彰化師範大學,資訊管理學系,204,11,07 彰化縣
國立彰化師範大學,資訊工程學系,42,0,07 彰化縣
國立彰化師範大學,資訊工程學系資訊科技應用教學碩士學位班,1,0,07 彰化縣
國立彰化師範大學,資訊工程學系,207,13,07 彰化縣
國立臺北大學,電機資訊學院博士班,23,0,01 新北市
國立臺北大學,資訊工程學系,68,0,01 新北市
國立臺北大學,資訊工程學系,221,11,01 新北市
國立臺北大學,資訊管理研究所,36,5,01 新北市
國立嘉義大學,資訊管理學系,29,0,20 嘉義市
國立嘉義大學,資訊管理學系,200,10,20 嘉義市
國立嘉義大學,資訊工程學系,5,0,20 嘉義市
國立嘉義大學,資訊工程學系,52,0,20 嘉義市
國立嘉義大學,資訊工程學系,216,16,20 嘉義市
國立高雄大學,資訊管理學系,32,0,50 高雄市
國立高雄大學,資訊管理學系,203,11,50 高雄市
國立高雄大學,資訊工程學系,40,0,50 高雄市
國立高雄大學,資訊工程學系,32,0,50 高雄市
國立高雄大學,資訊工程學系,194,11,50 高雄市
國立東華大學,資訊工程學系,12,0,15 花蓮縣
國立東華大學,資訊工程學系,102,0,15 花蓮縣
國立東華大學,資訊工程學系,8,0,15 花蓮縣
國立東華大學,資訊工程學系,436,20,15 花蓮縣
國立東華大學,資訊管理碩士學位學程,32,0,15 花蓮縣
國立東華大學,資訊管理學系,216,10,15 花蓮縣
國立暨南國際大學,資訊管理學系,45,0,08 南投縣
國立暨南國際大學,資訊管理學系,247,13,08 南投縣
國立暨南國際大學,資訊工程學系,7,0,08 南投縣
國立暨南國際大學,資訊工程學系,66,0,08 南投縣
國立暨南國際大學,資訊工程學系,237,16,08 南投縣
國立臺灣科技大學,資訊管理系博士班,56,0,30 臺北市
國立臺灣科技大學,資訊管理系碩士班,144,0,30 臺北市
國立臺灣科技大學,資訊管理系碩士在職專班,72,1,30 臺北市
國立臺灣科技大學,資訊管理系,252,19,30 臺北市
國立臺灣科技大學,資訊管理系,2,0,30 臺北市
國立臺灣科技大學,資訊工程系博士班,56,0,30 臺北市
國立臺灣科技大學,資訊工程系碩士班,333,0,30 臺北市
國立臺灣科技大學,資訊工程系,400,26,30 臺北市
國立臺灣科技大學,資訊工程系,0,0,30 臺北市
國立雲林科技大學,資訊管理系博士班,16,0,09 雲林縣
國立雲林科技大學,資訊管理系碩士班,78,0,09 雲林縣
國立雲林科技大學,資訊管理系碩士在職專班,30,0,09 雲林縣
國立雲林科技大學,資訊管理系,290,20,09 雲林縣
國立雲林科技大學,資訊管理系,114,0,09 雲林縣
國立雲林科技大學,資訊科技服務管理數位學習碩士在職專班,50,0,09 雲林縣
國立雲林科技大學,資訊工程系碩士班,128,0,09 雲林縣
國立雲林科技大學,資訊工程系,294,12,09 雲林縣
國立雲林科技大學,資訊工程系_香港二技專班,1,0,09 雲林縣
國立屏東科技大學,資訊管理系碩士班,41,0,13 屏東縣
國立屏東科技大學,資訊管理系碩士在職專班,22,0,13 屏東縣
國立屏東科技大學,資訊管理系,240,11,13 屏東縣
國立臺北科技大學,資訊與財金管理系碩士班,86,0,30 臺北市
國立臺北科技大學,管理學院資訊與財金管理EMBA專班,113,0,30 臺北市
國立臺北科技大學,資訊與財金管理系,234,11,30 臺北市
國立臺北科技大學,資訊與財金管理系,191,1,30 臺北市
國立臺北科技大學,資訊與財金管理系,2,0,30 臺北市
國立臺北科技大學,資訊工程系博士班,21,0,30 臺北市
國立臺北科技大學,資訊工程系碩士班,188,0,30 臺北市
國立臺北科技大學,資訊工程系,245,14,30 臺北市
國立臺北科技大學,資訊工程系,3,0,30 臺北市
國立臺東大學,資訊管理學系產業管理與數位行銷進修學士班,112,0,14 臺東縣
國立臺東大學,資訊管理學系,21,0,14 臺東縣
國立臺東大學,資訊管理學系環境經濟資訊管理碩士在職專班(暑期班),28,0,14 臺東縣
國立臺東大學,資訊管理學系,189,10,14 臺東縣
國立臺東大學,綠色與資訊科技學士學位學程,122,2,14 臺東縣
國立臺東大學,資訊工程學系,15,0,14 臺東縣
國立臺東大學,資訊工程學系,368,12,14 臺東縣
國立宜蘭大學,資訊工程學系,34,0,02 宜蘭縣
國立宜蘭大學,資訊工程學系,202,9,02 宜蘭縣
國立宜蘭大學,電機資訊學院碩士在職專班,34,2,02 宜蘭縣
國立聯合大學,資訊管理學系,22,0,05 苗栗縣
國立聯合大學,資訊管理學系,344,13,05 苗栗縣
國立聯合大學,資訊工程學系,13,0,05 苗栗縣
國立聯合大學,資訊工程學系,193,9,05 苗栗縣
國立聯合大學,資訊工程學系,146,0,05 苗栗縣
國立虎尾科技大學,資訊管理系碩士班,43,0,09 雲林縣
國立虎尾科技大學,資訊管理系碩士在職專班,15,0,09 雲林縣
國立虎尾科技大學,資訊管理系,237,10,09 雲林縣
國立虎尾科技大學,資訊管理系,213,0,09 雲林縣
國立虎尾科技大學,資訊工程系碩士班,56,0,09 雲林縣
國立虎尾科技大學,資訊工程系,446,17,09 雲林縣
國立虎尾科技大學,資訊工程科,76,0,09 雲林縣
國立臺南大學,資訊工程學系,41,0,21 臺南市
國立臺南大學,資訊工程學系,178,9,21 臺南市
國立臺北教育大學,數學暨資訊教育學系人工智慧與資訊教育碩士班,37,0,30 臺北市
國立臺北教育大學,數學暨資訊教育學系人工智慧與資訊教育碩士在職專班,50,0,30 臺北市
國立臺北教育大學,數學暨資訊教育學系人工智慧與資訊教育組,228,14,30 臺北市
國立臺北教育大學,資訊科學系,47,0,30 臺北市
國立臺北教育大學,資訊科學系,53,0,30 臺北市
國立臺北教育大學,資訊科學系,162,11,30 臺北市
國立臺中教育大學,教育資訊與測驗統計研究所,33,0,19 臺中市
國立臺中教育大學,教育資訊與測驗統計研究所,44,8,19 臺中市
國立臺中教育大學,教育資訊與測驗統計研究所,42,0,19 臺中市
國立臺中教育大學,資訊工程學系,32,0,19 臺中市
國立臺中教育大學,資訊工程學系,202,10,19 臺中市
國立澎湖科技大學,資訊管理系,200,10,16 澎湖縣
國立澎湖科技大學,資訊管理系,133,0,16 澎湖縣
國立澎湖科技大學,資訊工程系,227,7,16 澎湖縣
國立勤益科技大學,資訊管理系碩士班,73,0,06 臺中市
國立勤益科技大學,資訊管理系研發科技與資訊管理碩士在職專班,23,0,06 臺中市
國立勤益科技大學,資訊管理系,454,18,06 臺中市
國立勤益科技大學,資訊管理系,242,0,06 臺中市
國立勤益科技大學,資訊管理系,38,0,06 臺中市
國立勤益科技大學,資訊工程系碩士班,67,0,06 臺中市
國立勤益科技大學,資訊工程系碩士在職專班,20,0,06 臺中市
國立勤益科技大學,資訊工程系,624,20,06 臺中市
國立勤益科技大學,資訊工程系,244,0,06 臺中市
國立勤益科技大學,智慧製造與資訊應用碩士學位學程,6,0,06 臺中市
國立臺北護理健康大學,資訊管理系碩士班,42,0,30 臺北市
國立臺北護理健康大學,資訊管理系,352,9,30 臺北市
國立金門大學,資訊工程學系,188,7,71 金門縣
國立金門大學,理工學院資訊科技與應用碩士班,16,1,71 金門縣
國立金門大學,理工學院資訊科技與應用碩士在職專班,10,0,71 金門縣
國立臺灣體育運動大學,運動資訊與傳播學系,191,8,19 臺中市
國立臺中科技大學,語文學院_應用資訊日語技優領航專班,14,0,19 臺中市
國立臺中科技大學,會計資訊系碩士班,30,0,19 臺中市
國立臺中科技大學,會計資訊系碩士在職專班,30,0,19 臺中市
國立臺中科技大學,會計資訊系,370,23,19 臺中市
國立臺中科技大學,會計資訊系,243,1,19 臺中市
國立臺中科技大學,會計資訊系,82,0,19 臺中市
國立臺中科技大學,會計資訊系,83,0,19 臺中市
國立臺中科技大學,會計資訊科,419,0,19 臺中市
國立臺中科技大學,資訊管理系碩士班,34,0,19 臺中市
國立臺中科技大學,資訊管理系碩士在職專班,28,0,19 臺中市
國立臺中科技大學,資訊管理系,234,22,19 臺中市
國立臺中科技大學,資訊管理系,166,1,19 臺中市
國立臺中科技大學,資訊管理系,194,0,19 臺中市
國立臺中科技大學,資訊管理系,61,0,19 臺中市
國立臺中科技大學,資訊管理科,81,0,19 臺中市
國立臺中科技大學,資訊管理科,417,0,19 臺中市
國立臺中科技大學,資訊工程系碩士班,58,0,19 臺中市
國立臺中科技大學,資訊工程系碩士在職專班,30,0,19 臺中市
國立臺中科技大學,資訊工程系,326,20,19 臺中市
國立臺中科技大學,資訊工程系,168,0,19 臺中市
國立臺中科技大學,資訊工程科,330,0,19 臺中市
國立臺北商業大學,會計資訊系會計財稅碩士班,31,0,30 臺北市
國立臺北商業大學,會計資訊系,336,15,30 臺北市
國立臺北商業大學,會計資訊系,141,0,30 臺北市
國立臺北商業大學,會計資訊系,64,0,30 臺北市
國立臺北商業大學,會計資訊系,91,0,30 臺北市
國立臺北商業大學,會計資訊科,0,0,30 臺北市
國立臺北商業大學,資訊管理系人工智慧與商業應用碩士班,9,0,30 臺北市
國立臺北商業大學,資訊管理系,185,19,30 臺北市
國立臺北商業大學,資訊管理系,182,0,30 臺北市
國立臺北商業大學,資訊管理系,74,0,30 臺北市
國立臺北商業大學,資訊管理系,154,0,30 臺北市
國立臺北商業大學,資訊管理科,247,0,30 臺北市
國立臺北商業大學,資訊與決策科學研究所,36,5,30 臺北市
國立屏東大學,資訊管理學系,19,0,13 屏東縣
國立屏東大學,資訊管理學系,239,10,13 屏東縣
國立屏東大學,資訊管理學系,152,0,13 屏東縣
國立屏東大學,資訊科學系,36,0,13 屏東縣
國立屏東大學,資訊科學系資訊系統與數位科技應用碩士在職專班,13,0,13 屏東縣
國立屏東大學,資訊科學系,196,11,13 屏東縣
國立屏東大學,國際資訊科技與應用碩士學位學程,10,2,13 屏東縣
國立屏東大學,資訊工程學系,28,0,13 屏東縣
國立屏東大學,資訊工程學系,260,11,13 屏東縣
國立高雄科技大學,會計資訊系碩士班,44,0,50 高雄市
國立高雄科技大學,會計資訊系碩士在職專班,32,0,50 高雄市
國立高雄科技大學,會計資訊系,443,16,50 高雄市
國立高雄科技大學,會計資訊系,165,0,50 高雄市
國立高雄科技大學,金融資訊系碩士班,38,0,50 高雄市
國立高雄科技大學,金融資訊系碩士在職專班,68,0,50 高雄市
國立高雄科技大學,金融資訊系,212,12,50 高雄市
國立高雄科技大學,金融資訊系,203,0,50 高雄市
國立高雄科技大學,金融資訊系,1,0,50 高雄市
國立高雄科技大學,資訊財務碩士學位學程,6,0,50 高雄市
國立高雄科技大學,海事資訊科技系碩士班,12,0,50 高雄市
國立高雄科技大學,海事資訊科技系,167,8,50 高雄市
國立高雄科技大學,資訊工程系,282,10,50 高雄市
國立高雄科技大學,商務資訊應用系碩士班,6,0,50 高雄市
國立高雄科技大學,商務資訊應用系,400,12,50 高雄市
國立高雄科技大學,資訊管理系碩士班,120,0,50 高雄市
國立高雄科技大學,資訊管理系碩士在職專班,51,0,50 高雄市
國立高雄科技大學,資訊管理系,459,17,50 高雄市
國立高雄科技大學,資訊管理系,7,0,50 高雄市
國立高雄科技大學,資訊工程系碩士班,62,0,50 高雄市
國立高雄科技大學,資訊工程系碩士在職專班,33,0,50 高雄市
國立高雄科技大學,電機與資訊學院,28,1,50 高雄市
國立高雄科技大學,海事資訊科技系碩士在職專班,8,0,50 高雄市
國立臺東專科學校,資訊管理科,67,5,14 臺東縣
國立臺東專科學校,資訊管理科,1,0,14 臺東縣
東海大學,工業工程與經營資訊學系高階醫務工程與管理碩士在職專班,30,0,19 臺中市
東海大學,資訊工程學系,42,0,19 臺中市
東海大學,資訊工程學系,29,0,19 臺中市
東海大學,資訊工程學系,581,20,19 臺中市
東海大學,資訊工程學系,29,0,19 臺中市
東海大學,資訊管理學系,35,0,19 臺中市
東海大學,資訊管理學系,275,9,19 臺中市
東海大學,工業工程與經營資訊學系,30,0,19 臺中市
東海大學,工業工程與經營資訊學系,54,0,19 臺中市
東海大學,工業工程與經營資訊學系,410,16,19 臺中市
輔仁大學,圖書資訊學系,21,0,01 新北市
輔仁大學,圖書資訊學系,225,9,01 新北市
輔仁大學,圖書資訊學系,89,0,01 新北市
輔仁大學,統計資訊學系應用統計碩士班,50,0,01 新北市
輔仁大學,統計資訊學系應用統計碩士在職專班,39,0,01 新北市
輔仁大學,統計資訊學系,462,15,01 新北市
輔仁大學,資訊工程學系,48,0,01 新北市
輔仁大學,資訊工程學系,29,0,01 新北市
輔仁大學,資訊工程學系,533,16,01 新北市
輔仁大學,資訊管理學系,34,0,01 新北市
輔仁大學,資訊管理學系,56,0,01 新北市
輔仁大學,資訊管理學系,462,14,01 新北市
輔仁大學,人工智慧與資訊安全學士學位學程,16,2,01 新北市
輔仁大學,醫學資訊與健康科技進修學士學位學程,55,1,01 新北市
輔仁大學,資訊創新與數位生活進修學士學位學程,62,2,01 新北市
輔仁大學,醫學資訊與創新應用學士學位學程,158,2,01 新北市
東吳大學,資訊管理學系,27,0,30 臺北市
東吳大學,資訊管理學系,51,0,30 臺北市
東吳大學,資訊管理學系,507,16,30 臺北市
中原大學,中原大學美國威大密爾瓦基分校電機與資訊工程雙學士學位學程,18,0,03 桃園市
中原大學,資訊管理學系,44,0,03 桃園市
中原大學,資訊管理學系,72,0,03 桃園市
中原大學,資訊管理學系,472,15,03 桃園市
中原大學,資訊工程學系,78,0,03 桃園市
中原大學,資訊工程學系,20,0,03 桃園市
中原大學,資訊工程學系,518,16,03 桃園市
中原大學,電機資訊學院人工智慧應用學士學位學程,202,5,03 桃園市
淡江大學,資訊傳播學系,0,0,01 新北市
淡江大學,資訊傳播學系,443,11,01 新北市
淡江大學,資訊與圖書館學系,23,0,01 新北市
淡江大學,資訊與圖書館學系數位學習碩士在職專班,11,0,01 新北市
淡江大學,資訊與圖書館學系,452,10,01 新北市
淡江大學,資訊工程學系,18,0,01 新北市
淡江大學,資訊工程學系智慧計算與應用碩士班,97,0,01 新北市
淡江大學,資訊工程學系,26,0,01 新北市
淡江大學,資訊工程學系全英語學士班,1061,32,01 新北市
淡江大學,資訊工程學系,144,0,01 新北市
淡江大學,資訊管理學系,34,0,01 新北市
淡江大學,資訊管理學系,22,0,01 新北市
淡江大學,資訊管理學系,738,19,01 新北市
淡江大學,資訊創新與科技學系,0,0,01 新北市
中國文化大學,資訊傳播學系,22,0,30 臺北市
中國文化大學,資訊傳播學系,493,11,30 臺北市
中國文化大學,資訊管理學系人工智慧與巨量資料組,31,0,30 臺北市
中國文化大學,資訊工程學系,12,0,30 臺北市
中國文化大學,資訊工程學系,465,10,30 臺北市
中國文化大學,資訊管理學系,676,15,30 臺北市
中國文化大學,資訊管理學系,60,0,30 臺北市
中國文化大學,資訊管理學系,23,0,30 臺北市
中國文化大學,資訊管理學系,21,0,30 臺北市
逢甲大學,資訊工程學系,28,0,19 臺中市
逢甲大學,資訊工程學系,114,0,19 臺中市
逢甲大學,資訊工程學系,0,0,19 臺中市
逢甲大學,美國加州舊金山州立大學資訊工程雙學士學位學程,1094,31,19 臺中市
逢甲大學,資訊電機工程碩士在職專班,98,2,19 臺中市
逢甲大學,資訊電機學院學士班,121,2,19 臺中市
逢甲大學,美國普渡大學電機資訊雙學士學位學程,71,1,19 臺中市
逢甲大學,生醫資訊暨生醫工程碩士學位學程,13,2,19 臺中市
逢甲大學,都市計畫與空間資訊學系,34,0,19 臺中市
逢甲大學,都市計畫與空間資訊學系,5,0,19 臺中市
逢甲大學,都市計畫與空間資訊學系,411,11,19 臺中市
靜宜大學,資訊管理學系,14,0,06 臺中市
靜宜大學,資訊管理學系,503,14,06 臺中市
靜宜大學,資訊傳播工程學系,10,0,06 臺中市
靜宜大學,資訊傳播工程學系,528,14,06 臺中市
靜宜大學,資訊學院資訊應用與科技管理碩士在職專班,17,0,06 臺中市
靜宜大學,資訊學院,0,5,06 臺中市
靜宜大學,資訊工程學系,11,0,06 臺中市
靜宜大學,資訊工程學系,504,15,06 臺中市
靜宜大學,國際資訊學士學位學程,12,0,06 臺中市
長庚大學,資訊管理學系,40,0,03 桃園市
長庚大學,資訊管理學系,391,13,03 桃園市
長庚大學,資訊工程學系,8,0,03 桃園市
長庚大學,資訊工程學系,53,0,03 桃園市
長庚大學,資訊工程學系,241,15,03 桃園市
元智大學,生物與醫學資訊碩士學位學程,5,2,03 桃園市
元智大學,資訊管理學系,20,0,03 桃園市
元智大學,資訊管理學系,44,0,03 桃園市
元智大學,資訊管理學系,72,0,03 桃園市
元智大學,資訊管理學系,498,21,03 桃園市
元智大學,資訊工程學系,21,0,03 桃園市
元智大學,資訊工程學系,105,0,03 桃園市
元智大學,資訊工程學系,42,0,03 桃園市
元智大學,資訊工程學系,652,21,03 桃園市
元智大學,資訊學院英語學士班,126,2,03 桃園市
元智大學,資訊傳播學系,24,0,03 桃園市
元智大學,資訊傳播學系,486,12,03 桃園市
中華大學,生物資訊學系,49,3,18 新竹市
中華大學,中華大學美國舊?山州?大學資訊管?與決策科學學士學位學程,3,2,18 新竹市
中華大學,資訊管理學系,10,0,18 新竹市
中華大學,資訊管理學系,9,0,18 新竹市
中華大學,資訊管理學系,345,10,18 新竹市
中華大學,資訊管理學系,1,0,18 新竹市
中華大學,資訊工程學系,44,0,18 新竹市
中華大學,資訊工程學系,10,0,18 新竹市
中華大學,資訊工程學系,437,13,18 新竹市
中華大學,建築資訊與工程實務學士學位學程,0,1,18 新竹市
大葉大學,會計資訊學系,128,7,07 彰化縣
大葉大學,會計資訊學系,8,0,07 彰化縣
大葉大學,資訊管理學系,11,0,07 彰化縣
大葉大學,資訊管理學系,4,0,07 彰化縣
大葉大學,資訊管理學系,132,9,07 彰化縣
大葉大學,資訊管理學系,21,0,07 彰化縣
大葉大學,資訊工程學系,15,0,07 彰化縣
大葉大學,資訊工程學系,142,9,07 彰化縣
華梵大學,資訊管理學系,2,0,01 新北市
華梵大學,資訊管理學系,1,0,01 新北市
華梵大學,資訊管理學系,12,1,01 新北市
華梵大學,工業工程與經營資訊學系,10,1,01 新北市
義守大學,智慧醫療暨生物資訊碩士學位學程,3,1,12 高雄市
義守大學,資訊管理學系,5,0,12 高雄市
義守大學,資訊管理學系,54,0,12 高雄市
義守大學,資訊管理學系,354,14,12 高雄市
義守大學,資訊管理學系,197,0,12 高雄市
義守大學,資訊工程學系,42,0,12 高雄市
義守大學,資訊工程學系,13,0,12 高雄市
義守大學,資訊工程學系,15,0,12 高雄市
義守大學,資訊工程學系,452,14,12 高雄市
義守大學,資訊工程學系,0,0,12 高雄市
世新大學,資訊傳播學系,13,0,30 臺北市
世新大學,資訊傳播學系,27,0,30 臺北市
世新大學,資訊傳播學系,249,9,30 臺北市
世新大學,資訊管理學系,35,0,30 臺北市
世新大學,資訊管理學系,42,0,30 臺北市
世新大學,資訊管理學系智慧網路應用組,746,27,30 臺北市
銘傳大學,醫療資訊與管理學系健康產業管理碩士班,12,0,30 臺北市
銘傳大學,醫療資訊與管理學系,377,9,30 臺北市
銘傳大學,資訊工程學系,25,0,30 臺北市
銘傳大學,資訊工程學系,451,17,30 臺北市
銘傳大學,資訊管理學系,20,0,30 臺北市
銘傳大學,資訊管理學系,17,0,30 臺北市
銘傳大學,資訊管理學系,643,18,30 臺北市
銘傳大學,資訊傳播工程學系,13,0,30 臺北市
銘傳大學,資訊傳播工程學系,406,12,30 臺北市
銘傳大學,資訊科技應用學士學位學程,43,1,30 臺北市
銘傳大學,資訊科技應用與管理學士學位學程,52,2,30 臺北市
實踐大學,資訊模擬與設計學系,337,8,30 臺北市
實踐大學,資訊科技與管理學系,10,0,30 臺北市
實踐大學,資訊科技與管理學系,8,0,30 臺北市
實踐大學,資訊科技與管理學系,423,13,30 臺北市
實踐大學,資訊管理學系,156,8,30 臺北市
實踐大學,資訊科技與通訊學系,270,7,30 臺北市
朝陽科技大學,資訊與通訊系,451,14,06 臺中市
朝陽科技大學,資訊管理系,23,0,06 臺中市
朝陽科技大學,資訊管理系,44,0,06 臺中市
朝陽科技大學,資訊管理系,11,0,06 臺中市
朝陽科技大學,資訊管理系,716,23,06 臺中市
朝陽科技大學,資訊管理系,108,1,06 臺中市
朝陽科技大學,資訊與通訊系,54,0,06 臺中市
朝陽科技大學,資訊工程系,35,0,06 臺中市
朝陽科技大學,資訊工程系,7,0,06 臺中市
朝陽科技大學,資訊工程系,450,15,06 臺中市
朝陽科技大學,資訊工程系,64,0,06 臺中市
朝陽科技大學,資訊工程系,1,0,06 臺中市
高雄醫學大學,醫務管理暨醫療資訊學系,28,0,50 高雄市
高雄醫學大學,醫務管理暨醫療資訊學系,55,0,50 高雄市
高雄醫學大學,醫務管理暨醫療資訊學系,222,10,50 高雄市
南華大學,科技學院永續綠色科技碩士學位學程資訊科技組,31,2,10 嘉義縣
南華大學,科技學院資訊科技進修學士班,120,2,10 嘉義縣
南華大學,資訊管理學系,14,0,10 嘉義縣
南華大學,資訊管理學系,25,0,10 嘉義縣
南華大學,資訊管理學系,180,10,10 嘉義縣
南華大學,資訊工程學系,337,9,10 嘉義縣
真理大學,宗教文化與資訊管理學系,20,0,01 新北市
真理大學,宗教文化與資訊管理學系,11,0,01 新北市
真理大學,宗教文化與資訊管理學系,99,9,01 新北市
真理大學,人文與資訊學系,120,7,01 新北市
真理大學,運動資訊傳播學系,253,7,01 新北市
真理大學,會計資訊學系,202,8,01 新北市
真理大學,工業管理與經營資訊學系,169,8,01 新北市
真理大學,統計資訊與精算學系,7,0,01 新北市
真理大學,統計資訊與精算學系,136,9,01 新北市
真理大學,資訊工程學系,247,10,01 新北市
真理大學,資訊工程學系,8,0,01 新北市
真理大學,資訊管理學系,249,9,01 新北市
大同大學,資訊經營學系,5,0,30 臺北市
大同大學,資訊經營學系,17,0,30 臺北市
大同大學,資訊經營學系,228,9,30 臺北市
大同大學,資訊工程學系,10,0,30 臺北市
大同大學,資訊工程學系,32,0,30 臺北市
大同大學,資訊工程學系,28,0,30 臺北市
大同大學,資訊工程學系,466,14,30 臺北市
南臺科技大學,資訊傳播系碩士班,21,0,11 臺南市
南臺科技大學,資訊傳播系,434,14,11 臺南市
南臺科技大學,資訊傳播系,106,0,11 臺南市
南臺科技大學,資訊傳播系,1,0,11 臺南市
南臺科技大學,會計資訊系,4,0,11 臺南市
南臺科技大學,會計資訊系,260,9,11 臺南市
南臺科技大學,工業管理與資訊系工業管理碩士班,1,0,11 臺南市
南臺科技大學,工業管理與資訊系工業管理碩士在職專班,21,0,11 臺南市
南臺科技大學,工業管理與資訊系,575,20,11 臺南市
南臺科技大學,工業管理與資訊系,2,0,11 臺南市
南臺科技大學,資訊管理系碩士班,35,0,11 臺南市
南臺科技大學,資訊管理系碩士在職專班,23,0,11 臺南市
南臺科技大學,資訊管理系,663,20,11 臺南市
南臺科技大學,資訊管理系,167,0,11 臺南市
南臺科技大學,資訊管理科,1,0,11 臺南市
南臺科技大學,資訊工程系碩士班,29,0,11 臺南市
南臺科技大學,資訊工程系,564,17,11 臺南市
南臺科技大學,資訊工程系,5,0,11 臺南市
南臺科技大學,資訊工程科,144,0,11 臺南市
崑山科技大學,會計資訊系,0,0,11 臺南市
崑山科技大學,資訊傳播系,126,7,11 臺南市
崑山科技大學,資訊傳播系,9,0,11 臺南市
崑山科技大學,資訊管理系碩士班,14,0,11 臺南市
崑山科技大學,資訊管理系碩士在職專班,25,0,11 臺南市
崑山科技大學,資訊管理系,225,10,11 臺南市
崑山科技大學,資訊管理系,101,0,11 臺南市
崑山科技大學,資訊管理系,41,0,11 臺南市
崑山科技大學,資訊管理科,2,0,11 臺南市
崑山科技大學,資訊工程系碩士班,11,0,11 臺南市
崑山科技大學,資訊工程系碩士在職專班,1,0,11 臺南市
崑山科技大學,資訊工程系,355,11,11 臺南市
崑山科技大學,資訊工程系,56,0,11 臺南市
崑山科技大學,資訊工程系_自動化與物聯網專班,38,0,11 臺南市
嘉南藥理大學,資訊管理系,320,12,11 臺南市
嘉南藥理大學,資訊管理系,118,0,11 臺南市
嘉南藥理大學,資訊多媒體應用系,0,0,11 臺南市
嘉南藥理大學,資訊多媒體應用系,0,0,11 臺南市
嘉南藥理大學,應用空間資訊系,0,0,11 臺南市
嘉南藥理大學,應用空間資訊系,134,6,11 臺南市
樹德科技大學,資訊管理系碩士班,5,0,12 高雄市
樹德科技大學,資訊管理系碩士在職專班,14,0,12 高雄市
樹德科技大學,資訊管理系,240,9,12 高雄市
樹德科技大學,資訊管理系,54,0,12 高雄市
樹德科技大學,資訊工程系碩士班,15,0,12 高雄市
樹德科技大學,資訊工程系資訊技術與管理數位學習碩士在職專班,14,0,12 高雄市
樹德科技大學,資訊工程系,277,8,12 高雄市
樹德科技大學,資訊工程系,59,0,12 高雄市
樹德科技大學,資訊工程系,0,0,12 高雄市
慈濟大學,醫學資訊學系,33,0,15 花蓮縣
慈濟大學,醫學資訊學系,155,10,15 花蓮縣
臺北醫學大學,醫學資訊研究所,40,0,30 臺北市
臺北醫學大學,醫學資訊研究所,33,13,30 臺北市
臺北醫學大學,醫學資訊研究所,28,0,30 臺北市
中山醫學大學,醫學資訊學系,7,0,19 臺中市
中山醫學大學,醫學資訊學系,177,9,19 臺中市
龍華科技大學,資訊管理系碩士班,33,0,03 桃園市
龍華科技大學,資訊管理系碩士在職專班,25,0,03 桃園市
龍華科技大學,資訊管理系,426,16,03 桃園市
龍華科技大學,資訊管理系,172,1,03 桃園市
龍華科技大學,資訊網路工程系碩士班,26,0,03 桃園市
龍華科技大學,資訊網路工程系,601,17,03 桃園市
龍華科技大學,資訊網路工程系,203,0,03 桃園市
輔英科技大學,資訊科技與管理系,179,13,12 高雄市
輔英科技大學,資訊科技與管理系,83,0,12 高雄市
明新科技大學,資訊管理系碩士班,15,0,04 新竹縣
明新科技大學,資訊管理系,406,16,04 新竹縣
明新科技大學,資訊管理系,135,1,04 新竹縣
明新科技大學,資訊管理系,85,0,04 新竹縣
明新科技大學,資訊管理科,105,0,04 新竹縣
明新科技大學,資訊工程系,392,12,04 新竹縣
明新科技大學,資訊工程系,101,0,04 新竹縣
長榮大學,會計資訊學系,203,8,11 臺南市
長榮大學,資訊暨設計碩士學位學程,12,2,11 臺南市
長榮大學,資訊暨設計學院學士班,175,2,11 臺南市
長榮大學,資訊管理學系,99,7,11 臺南市
長榮大學,資訊工程學系,183,7,11 臺南市
弘光科技大學,資訊管理系,0,0,06 臺中市
弘光科技大學,資訊管理系,0,0,06 臺中市
弘光科技大學,資訊工程系智慧型輔助科技碩士班,2,0,06 臺中市
弘光科技大學,資訊工程系,304,8,06 臺中市
弘光科技大學,資訊工程系,151,0,06 臺中市
健行科技大學,資訊管理系,494,17,03 桃園市
健行科技大學,資訊管理系,136,0,03 桃園市
健行科技大學,資訊管理系,9,0,03 桃園市
健行科技大學,資訊管理系,69,0,03 桃園市
健行科技大學,資訊管理系碩士班,13,0,03 桃園市
健行科技大學,資訊工程系碩士班,25,0,03 桃園市
健行科技大學,資訊工程系,616,19,03 桃園市
健行科技大學,資訊工程系,137,0,03 桃園市
健行科技大學,土木工程系空間資訊與防災科技碩士班,40,0,03 桃園市
健行科技大學,應用空間資訊系,109,7,03 桃園市
正修科技大學,資訊管理系碩士班,16,0,12 高雄市
正修科技大學,資訊管理系碩士在職專班,39,0,12 高雄市
正修科技大學,資訊管理系,327,14,12 高雄市
正修科技大學,資訊管理系,204,0,12 高雄市
正修科技大學,資訊管理系,143,0,12 高雄市
正修科技大學,資訊管理科,29,0,12 高雄市
正修科技大學,資訊工程系碩士班,18,0,12 高雄市
正修科技大學,資訊工程系,584,14,12 高雄市
正修科技大學,資訊工程系,142,0,12 高雄市
正修科技大學,土木與空間資訊系營建工程碩士班,34,0,12 高雄市
正修科技大學,土木與空間資訊系,465,16,12 高雄市
正修科技大學,土木與空間資訊系,218,0,12 高雄市
正修科技大學,土木與空間資訊系_土木工程專班,30,0,12 高雄市
萬能科技大學,資訊管理系碩士班,15,0,03 桃園市
萬能科技大學,資訊管理系碩士在職專班,21,0,03 桃園市
萬能科技大學,資訊管理系,233,11,03 桃園市
萬能科技大學,資訊管理系,29,0,03 桃園市
萬能科技大學,資訊管理系,0,0,03 桃園市
萬能科技大學,資訊工程系,264,14,03 桃園市
萬能科技大學,資訊工程系,73,1,03 桃園市
萬能科技大學,資訊工程系,51,0,03 桃園市
玄奘大學,資訊管理學系,0,0,18 新竹市
玄奘大學,資訊管理學系,18,1,18 新竹市
建國科技大學,資訊管理系,144,7,07 彰化縣
建國科技大學,資訊管理系,73,0,07 彰化縣
建國科技大學,資訊與網路通訊系,82,5,07 彰化縣
建國科技大學,資訊與網路通訊系,28,0,07 彰化縣
高苑科技大學,資訊傳播與行銷系,54,11,12 高雄市
高苑科技大學,資訊傳播與行銷系,65,0,12 高雄市
高苑科技大學,資訊傳播與行銷系,58,0,12 高雄市
高苑科技大學,資訊傳播與行銷科,22,0,12 高雄市
高苑科技大學,資訊管理系,36,2,12 高雄市
高苑科技大學,資訊管理系,16,0,12 高雄市
高苑科技大學,資訊管理系,4,0,12 高雄市
高苑科技大學,資訊管理科,8,0,12 高雄市
高苑科技大學,資訊科技應用系碩士班,11,0,12 高雄市
高苑科技大學,資訊科技應用系碩士在職專班,26,0,12 高雄市
高苑科技大學,資訊科技應用系,102,9,12 高雄市
高苑科技大學,資訊科技應用系,7,0,12 高雄市
大仁科技大學,資訊工程與娛樂科技系,20,5,13 屏東縣
聖約翰科技大學,資訊管理系,19,3,01 新北市
聖約翰科技大學,資訊工程系碩士班,14,0,01 新北市
聖約翰科技大學,資訊工程系,76,9,01 新北市
聖約翰科技大學,資訊工程系,16,0,01 新北市
聖約翰科技大學,醫護資訊學士學位學程,2,0,01 新北市
聖約翰科技大學,資訊與通訊系碩士班,18,0,01 新北市
聖約翰科技大學,資訊與通訊系,14,8,01 新北市
聖約翰科技大學,資訊與通訊系,55,1,01 新北市
聖約翰科技大學,電子資訊科,51,0,01 新北市
嶺東科技大學,會計資訊系碩士班,13,0,19 臺中市
嶺東科技大學,會計資訊系,168,9,19 臺中市
嶺東科技大學,資訊管理系,1,0,19 臺中市
嶺東科技大學,資訊管理系,354,15,19 臺中市
嶺東科技大學,資訊科技系碩士班,28,0,19 臺中市
嶺東科技大學,資訊科技系,726,23,19 臺中市
嶺東科技大學,資訊科技系,364,0,19 臺中市
嶺東科技大學,資訊科技系,0,0,19 臺中市
嶺東科技大學,資訊管理系碩士班,22,0,19 臺中市
嶺東科技大學,資訊管理系,166,0,19 臺中市
中國科技大學,資訊管理系,310,16,30 臺北市
中國科技大學,資訊管理系,69,0,30 臺北市
中國科技大學,資訊管理系,82,0,30 臺北市
中國科技大學,資訊管理科,89,0,30 臺北市
中國科技大學,資訊工程系資訊科技應用碩士在職專班,38,0,30 臺北市
中國科技大學,資訊工程系,185,11,30 臺北市
中國科技大學,資訊工程系,2,0,30 臺北市
中國科技大學,資訊工程系,77,0,30 臺北市
中國科技大學,資訊工程科,24,0,30 臺北市
中臺科技大學,資訊管理系,231,7,19 臺中市
中臺科技大學,資訊管理系,68,0,19 臺中市
亞洲大學,資訊傳播學系,17,0,06 臺中市
亞洲大學,資訊傳播學系,373,10,06 臺中市
亞洲大學,會計與資訊學系,13,0,06 臺中市
亞洲大學,會計與資訊學系,268,8,06 臺中市
亞洲大學,資訊工程學系,26,0,06 臺中市
亞洲大學,資訊工程學系,32,0,06 臺中市
亞洲大學,資訊工程學系,38,1,06 臺中市
亞洲大學,資訊工程學系,482,27,06 臺中市
亞洲大學,生物資訊與醫學工程學系生物資訊與醫學工程組,15,0,06 臺中市
亞洲大學,生物資訊與醫學工程學系,9,0,06 臺中市
亞洲大學,生物資訊與醫學工程學系,17,0,06 臺中市
亞洲大學,生物資訊與醫學工程學系,160,16,06 臺中市
開南大學,資訊傳播學系,154,7,03 桃園市
開南大學,資訊管理學系,12,0,03 桃園市
開南大學,資訊管理學系,177,12,03 桃園市
開南大學,資訊管理學系,54,0,03 桃園市
開南大學,資訊學院碩士班,1,0,03 桃園市
開南大學,資訊學院進修學士班,1,0,03 桃園市
開南大學,資訊學院碩士在職專班,19,2,03 桃園市
佛光大學,資訊應用學系,23,0,02 宜蘭縣
佛光大學,資訊應用學系,1,0,02 宜蘭縣
佛光大學,資訊應用學系,260,12,02 宜蘭縣
台南應用科技大學,會計資訊系,32,2,11 臺南市
台南應用科技大學,資訊管理系,302,10,11 臺南市
台南應用科技大學,資訊管理系,60,0,11 臺南市
台南應用科技大學,資訊管理系,12,0,11 臺南市
遠東科技大學,資訊工程系,157,9,11 臺南市
遠東科技大學,資訊管理系,0,2,11 臺南市
遠東科技大學,資訊管理系,0,1,11 臺南市
遠東科技大學,資訊管理系,1,0,11 臺南市
遠東科技大學,資訊管理系,0,0,11 臺南市
遠東科技大學,資訊管理科,1,0,11 臺南市
元培醫事科技大學,資訊管理系,155,10,18 新竹市
元培醫事科技大學,資訊管理系,183,0,18 新竹市
元培醫事科技大學,資訊管理系數位創新管理碩士班,26,0,18 新竹市
景文科技大學,資訊工程系,118,10,01 新北市
景文科技大學,資訊工程系,5,0,01 新北市
中華醫事科技大學,數位設計與資訊管理系,27,6,11 臺南市
中華醫事科技大學,數位設計與資訊管理系,0,0,11 臺南市
中華醫事科技大學,數位設計與資訊管理系_國際學生產學合作專班,139,0,11 臺南市
東南科技大學,資訊科技系,117,5,01 新北市
東南科技大學,資訊管理系,0,0,01 新北市
東南科技大學,資訊管理系,0,0,01 新北市
德明財經科技大學,會計資訊系,410,11,30 臺北市
德明財經科技大學,資訊科技系,291,10,30 臺北市
德明財經科技大學,資訊管理系,5,0,30 臺北市
德明財經科技大學,資訊管理系,466,15,30 臺北市
德明財經科技大學,資訊管理系,5,0,30 臺北市
明道大學,資訊傳播學系,14,4,07 彰化縣
南開科技大學,資訊管理系,12,1,08 南投縣
南開科技大學,電機與資訊技術系,177,11,08 南投縣
南開科技大學,電機與資訊技術系,93,0,08 南投縣
南開科技大學,電機與資訊技術科,190,0,08 南投縣
中華科技大學,企業資訊與管理系_智慧行銷與流通服務產業碩士專班,32,0,30 臺北市
中華科技大學,企業資訊與管理系,32,13,30 臺北市
中華科技大學,企業資訊與管理系_現役軍人營區在職專班,27,0,30 臺北市
中華科技大學,企業資訊與管理系_現役軍人營區在職專班,92,0,30 臺北市
中華科技大學,資訊管理系,84,0,30 臺北市
中華科技大學,資訊管理系,25,0,30 臺北市
中華科技大學,資訊管理系,2,0,30 臺北市
中華科技大學,資訊工程系,3,0,30 臺北市
中華科技大學,電機與資訊工程系碩士班,4,0,30 臺北市
中華科技大學,電機與資訊工程系,45,10,30 臺北市
中華科技大學,電機與資訊工程系,17,1,30 臺北市
中華科技大學,電機與資訊工程系,38,0,30 臺北市
中華科技大學,電機與資訊工程科,19,0,30 臺北市
僑光科技大學,資訊科技系,409,13,19 臺中市
僑光科技大學,資訊科技系,368,3,19 臺中市
育達科技大學,資訊管理系碩士班,44,0,05 苗栗縣
育達科技大學,資訊管理系碩士在職專班,47,0,05 苗栗縣
育達科技大學,資訊管理系,84,7,05 苗栗縣
育達科技大學,資訊管理系,277,2,05 苗栗縣
育達科技大學,資訊管理系,34,0,05 苗栗縣
美和科技大學,資訊管理科,1,0,13 屏東縣
美和科技大學,資訊管理系,59,5,13 屏東縣
美和科技大學,資訊管理系,21,0,13 屏東縣
美和科技大學,資訊管理系,20,0,13 屏東縣
美和科技大學,資訊科技系,115,8,13 屏東縣
美和科技大學,資訊科技系,42,0,13 屏東縣
吳鳳科技大學,資訊工程系,0,0,10 嘉義縣
吳鳳科技大學,資訊工程系,0,0,10 嘉義縣
環球科技大學,資訊與電子商務管理系,137,8,09 雲林縣
環球科技大學,資訊與電子商務管理系,71,0,09 雲林縣
台灣首府大學,休閒資訊管理學系,13,3,11 臺南市
台灣首府大學,休閒資訊管理學系,25,0,11 臺南市
台灣首府大學,資訊與多媒體設計學系,38,2,11 臺南市
台灣首府大學,資訊與多媒體設計學系,0,0,11 臺南市
中州科技大學,資訊管理系,29,0,07 彰化縣
中州科技大學,資訊管理系,22,0,07 彰化縣
中州科技大學,資訊管理系,0,0,07 彰化縣
修平科技大學,資訊網路技術系,108,7,06 臺中市
修平科技大學,資訊管理系,171,8,06 臺中市
修平科技大學,資訊管理系,112,0,06 臺中市
臺北城市科技大學,資訊管理系電子商務碩士班,23,0,30 臺北市
臺北城市科技大學,資訊管理系,180,10,30 臺北市
臺北城市科技大學,資訊管理系,59,0,30 臺北市
臺北城市科技大學,資訊管理科,0,0,30 臺北市
臺北城市科技大學,資訊工程系_資訊應用產業碩士專班,3,0,30 臺北市
臺北城市科技大學,資訊工程系,430,21,30 臺北市
臺北城市科技大學,資訊工程科,155,0,30 臺北市
敏實科技大學,資訊管理系,2,0,04 新竹縣
敏實科技大學,資訊管理系,0,0,04 新竹縣
敏實科技大學,資訊管理系,0,0,04 新竹縣
敏實科技大學,資訊管理科,33,3,04 新竹縣
醒吾科技大學,資訊傳播系_國際學生產學合作專班,19,0,01 新北市
醒吾科技大學,資訊管理系,191,7,01 新北市
醒吾科技大學,資訊管理系,18,0,01 新北市
醒吾科技大學,資訊科技應用系碩士班,14,0,01 新北市
醒吾科技大學,資訊科技應用系碩士在職專班,21,0,01 新北市
醒吾科技大學,資訊科技應用系,388,12,01 新北市
華夏科技大學,資訊管理系碩士在職專班,25,0,01 新北市
華夏科技大學,資訊管理系,125,11,01 新北市
華夏科技大學,資訊管理系,39,1,01 新北市
華夏科技大學,資訊管理系,51,0,01 新北市
華夏科技大學,資訊管理系,158,0,01 新北市
華夏科技大學,資訊管理科,9,0,01 新北市
華夏科技大學,資訊管理科,172,0,01 新北市
華夏科技大學,資訊工程系,111,7,01 新北市
華夏科技大學,資訊工程系,36,2,01 新北市
慈濟科技大學,資訊科技與管理系,178,13,15 花蓮縣
致理科技大學,會計資訊系,653,20,01 新北市
致理科技大學,會計資訊系,155,1,01 新北市
致理科技大學,會計資訊科,228,0,01 新北市
致理科技大學,資訊管理系,224,0,01 新北市
致理科技大學,資訊管理系,710,21,01 新北市
康寧大學,資訊傳播學系,1,0,30 臺北市
康寧大學,資訊傳播學系,7,0,30 臺北市
康寧大學,資訊管理科,299,9,30 臺北市
宏國德霖科技大學,資訊工程系,154,13,01 新北市
宏國德霖科技大學,資訊工程系,71,0,01 新北市
宏國德霖科技大學,資訊工程系,50,0,01 新北市
宏國德霖科技大學,資訊工程科,192,0,01 新北市
亞東科技大學,資訊管理系,284,8,01 新北市
和春技術學院,資訊管理系,3,4,12 高雄市
和春技術學院,資訊管理系,11,0,12 高雄市
和春技術學院,資訊管理系,0,0,12 高雄市
和春技術學院,資訊管理系,0,0,12 高雄市
和春技術學院,資訊管理科,3,0,12 高雄市
和春技術學院,資訊管理科,14,0,12 高雄市
和春技術學院,資訊工程科,0,0,12 高雄市
南亞技術學院,資訊管理系,0,0,03 桃園市
南亞技術學院,資訊管理科,1,0,03 桃園市
南亞技術學院,資訊工程系,153,7,03 桃園市
黎明技術學院,資訊管理系,0,0,01 新北市
黎明技術學院,資訊科技系,68,3,01 新北市
經國管理暨健康學院,醫護資訊應用系,27,4,17 基隆市
樹人醫護管理專科學校,資訊管理科,219,6,12 高雄市
聖母醫護管理專科學校,資訊管理科,34,0,02 宜蘭縣
聖母醫護管理專科學校,資訊管理科,51,0,02 宜蘭縣
聖母醫護管理專科學校,資訊管理科,11,5,02 宜蘭縣
臺北市立大學,資訊科學系,54,0,30 臺北市
臺北市立大學,資訊科學系,74,0,30 臺北市
臺北市立大學,資訊科學系,178,10,30 臺北市
國立政治大學,圖書資訊與檔案學研究所,14,0,30 臺北市
國立政治大學,圖書資訊與檔案學研究所,58,5,30 臺北市
國立政治大學,圖書資訊與檔案學研究所圖書資訊學數位碩士在職專班,67,1,30 臺北市
國立政治大學,資訊管理學系,49,0,30 臺北市
國立政治大學,資訊管理學系,110,0,30 臺北市
國立政治大學,資訊管理學系,348,16,30 臺北市
國立政治大學,資訊科學系,12,0,30 臺北市
國立政治大學,資訊科學系,167,0,30 臺北市
國立政治大學,資訊科學系,97,0,30 臺北市
國立政治大學,資訊科學系,236,19,30 臺北市
國立清華大學,生物資訊與結構生物研究所,36,0,18 新竹市
國立清華大學,生物資訊與結構生物研究所,62,10,18 新竹市
國立清華大學,資訊工程學系,64,0,18 新竹市
國立清華大學,資訊工程學系,440,0,18 新竹市
國立清華大學,資訊工程學系,590,39,18 新竹市
國立清華大學,資訊安全研究所,66,0,18 新竹市
國立清華大學,資訊系統與應用研究所,26,0,18 新竹市
國立清華大學,資訊系統與應用研究所,169,0,18 新竹市
國立清華大學,電機資訊學院學士班,265,0,18 新竹市
國立臺灣大學,圖書資訊學系,20,0,30 臺北市
國立臺灣大學,圖書資訊學系,65,0,30 臺北市
國立臺灣大學,圖書資訊學系,207,12,30 臺北市
國立臺灣大學,生物資訊學國際研究生博士學位學程,5,0,30 臺北市
國立臺灣大學,資訊管理學系,22,0,30 臺北市
國立臺灣大學,資訊管理學系,134,0,30 臺北市
國立臺灣大學,資訊管理學系,225,19,30 臺北市
國立臺灣大學,資訊網路與多媒體研究所,48,0,30 臺北市
國立臺灣大學,資訊網路與多媒體研究所,132,8,30 臺北市
國立臺灣大學,資訊工程學系,124,0,30 臺北市
國立臺灣大學,資訊工程學系,397,0,30 臺北市
國立臺灣大學,資訊工程學系,19,0,30 臺北市
國立臺灣大學,資訊工程學系,590,32,30 臺北市
國立臺灣大學,生醫電子與資訊學研究所,75,0,30 臺北市
國立臺灣大學,生醫電子與資訊學研究所,139,7,30 臺北市
國立臺灣大學,智慧醫療與健康資訊碩士學位學程,7,0,30 臺北市
國立臺灣師範大學,資訊教育研究所,24,0,30 臺北市
國立臺灣師範大學,資訊教育研究所,71,7,30 臺北市
國立臺灣師範大學,圖書資訊學研究所,12,0,30 臺北市
國立臺灣師範大學,圖書資訊學研究所,46,6,30 臺北市
國立臺灣師範大學,圖書資訊學研究所圖書資訊學碩士在職專班,87,0,30 臺北市
國立臺灣師範大學,資訊工程學系,13,0,30 臺北市
國立臺灣師範大學,資訊工程學系,186,0,30 臺北市
國立臺灣師範大學,資訊工程學系,252,18,30 臺北市
國立成功大學,工業與資訊管理學系,16,0,21 臺南市
國立成功大學,工業與資訊管理學系,88,0,21 臺南市
國立成功大學,工業與資訊管理學系,109,0,21 臺南市
國立成功大學,工業與資訊管理學系,253,13,21 臺南市
國立成功大學,資訊管理研究所,17,0,21 臺南市
國立成功大學,資訊管理研究所,66,7,21 臺南市
國立成功大學,資訊工程學系,82,0,21 臺南市
國立成功大學,資訊工程學系,348,0,21 臺南市
國立成功大學,資訊工程學系人工智慧與資訊系統碩士在職專班,40,0,21 臺南市
國立成功大學,資訊工程學系,499,36,21 臺南市
國立成功大學,醫學資訊研究所,31,0,21 臺南市
國立成功大學,製造資訊與系統研究所,29,0,21 臺南市
國立成功大學,製造資訊與系統研究所,70,7,21 臺南市
國立成功大學,測量及空間資訊學系,35,0,21 臺南市
國立成功大學,測量及空間資訊學系,61,0,21 臺南市
國立成功大學,測量及空間資訊學系,200,17,21 臺南市
國立中興大學,圖書資訊學研究所,29,5,19 臺中市
國立中興大學,基因體暨生物資訊學研究所,20,5,19 臺中市
國立中興大學,資訊管理學系,116,0,19 臺中市
國立中興大學,資訊管理學系,91,0,19 臺中市
國立中興大學,資訊管理學系,136,10,19 臺中市
國立中興大學,資訊科學與工程學系,0,0,19 臺中市
國立中興大學,資訊科學與工程學系,0,0,19 臺中市
國立中興大學,資訊科學與工程學系,0,0,19 臺中市
國立中興大學,資訊科學與工程學系,0,0,19 臺中市
國立中興大學,資料科學與資訊計算研究所,29,7,19 臺中市
國立中興大學,資訊工程學系,35,0,19 臺中市
國立中興大學,資訊工程學系,154,0,19 臺中市
國立中興大學,資訊工程學系,90,0,19 臺中市
國立中興大學,資訊工程學系,150,14,19 臺中市
國立中興大學,電機資訊學院學士班,93,2,19 臺中市
國立陽明交通大學,資訊管理與財務金融學系財務金融博士班,30,0,18 新竹市
國立陽明交通大學,資訊管理與財務金融學系財務金融碩士班,109,0,18 新竹市
國立陽明交通大學,資訊管理與財務金融學系,175,14,18 新竹市
國立陽明交通大學,生物資訊及系統生物研究所,28,0,18 新竹市
國立陽明交通大學,生物資訊及系統生物研究所,30,7,18 新竹市
國立陽明交通大學,生物醫學資訊研究所,33,0,18 新竹市
國立陽明交通大學,生物醫學資訊研究所,63,12,18 新竹市
國立陽明交通大學,網路與資訊系統博士學位學程,1,0,18 新竹市
國立陽明交通大學,資訊管理研究所,28,0,18 新竹市
國立陽明交通大學,資訊管理研究所,76,7,18 新竹市
國立陽明交通大學,資訊工程學系,812,17,18 新竹市
國立陽明交通大學,資訊科學與工程研究所,141,0,18 新竹市
國立陽明交通大學,資訊科學與工程研究所,396,28,18 新竹市
國立陽明交通大學,資訊學院博士班,7,0,18 新竹市
國立陽明交通大學,資訊學院國防資安管理碩士在職專班,80,0,18 新竹市
國立陽明交通大學,資訊學院科技犯罪偵查資通訊碩士在職專班,31,2,18 新竹市
國立陽明交通大學,電機資訊國際博士學位學程,71,0,18 新竹市
國立陽明交通大學,電機資訊國際碩士學位學程,41,4,18 新竹市
國立陽明交通大學,電機資訊學士班,3,0,18 新竹市
國立陽明交通大學,資訊學院碩士在職專班,112,2,18 新竹市
國立中央大學,資訊管理學系,20,0,03 桃園市
國立中央大學,資訊管理學系,141,0,03 桃園市
國立中央大學,資訊管理學系,98,0,03 桃園市
國立中央大學,資訊管理學系,430,20,03 桃園市
國立中央大學,資訊工程學系,79,0,03 桃園市
國立中央大學,資訊工程學系,339,0,03 桃園市
國立中央大學,資訊工程學系,94,0,03 桃園市
國立中央大學,資訊工程學系,416,29,03 桃園市
國立中央大學,資訊電機學院學士班,90,0,03 桃園市
國立中山大學,資訊工程學系,23,0,50 高雄市
國立中山大學,資訊工程學系,298,0,50 高雄市
國立中山大學,資訊工程學系,242,22,50 高雄市
國立中山大學,資訊管理學系,26,0,50 高雄市
國立中山大學,資訊管理學系,118,0,50 高雄市
國立中山大學,資訊管理學系,137,0,50 高雄市
國立中山大學,資訊管理學系,216,16,50 高雄市
國立臺灣海洋大學,海洋環境資訊系,7,0,17 基隆市
國立臺灣海洋大學,海洋環境資訊系,19,0,17 基隆市
國立臺灣海洋大學,海洋環境資訊系,21,0,17 基隆市
國立臺灣海洋大學,海洋環境資訊系,171,13,17 基隆市
國立臺灣海洋大學,資訊工程學系,8,0,17 基隆市
國立臺灣海洋大學,資訊工程學系,153,0,17 基隆市
國立臺灣海洋大學,資訊工程學系,62,0,17 基隆市
國立臺灣海洋大學,資訊工程學系,509,28,17 基隆市
國立中正大學,會計與資訊科技學系,14,0,10 嘉義縣
國立中正大學,會計與資訊科技學系,74,0,10 嘉義縣
國立中正大學,會計與資訊科技學系,110,0,10 嘉義縣
國立中正大學,會計與資訊科技學系,218,12,10 嘉義縣
國立中正大學,資訊管理學系,17,0,10 嘉義縣
國立中正大學,資訊管理學系,116,0,10 嘉義縣
國立中正大學,資訊管理學系,69,0,10 嘉義縣
國立中正大學,資訊管理學系,210,13,10 嘉義縣
國立中正大學,資訊工程學系,23,0,10 嘉義縣
國立中正大學,資訊工程學系,284,0,10 嘉義縣
國立中正大學,資訊工程學系,72,0,10 嘉義縣
國立中正大學,資訊工程學系,406,27,10 嘉義縣
國立高雄師範大學,軟體工程與管理學系資訊科技碩士在職專班,46,0,50 高雄市
國立彰化師範大學,統計資訊研究所,19,5,07 彰化縣
國立彰化師範大學,資訊管理學系,86,0,07 彰化縣
國立彰化師範大學,資訊管理學系創新與管理碩士在職專班,48,0,07 彰化縣
國立彰化師範大學,資訊管理學系,217,10,07 彰化縣
國立彰化師範大學,資訊工程學系,58,0,07 彰化縣
國立彰化師範大學,資訊工程學系資訊科技應用教學碩士學位班,0,0,07 彰化縣
國立彰化師範大學,資訊工程學系,210,13,07 彰化縣
國立臺北大學,資訊工程學系,71,0,01 新北市
國立臺北大學,資訊工程學系,223,12,01 新北市
國立臺北大學,電機資訊學院博士班,18,2,01 新北市
國立臺北大學,資訊管理研究所,42,4,01 新北市
國立嘉義大學,資訊管理學系,33,0,20 嘉義市
國立嘉義大學,資訊管理學系,214,10,20 嘉義市
國立嘉義大學,資訊工程學系,4,0,20 嘉義市
國立嘉義大學,資訊工程學系,50,0,20 嘉義市
國立嘉義大學,資訊工程學系,230,15,20 嘉義市
國立高雄大學,資訊管理學系,30,0,50 高雄市
國立高雄大學,資訊管理學系,228,10,50 高雄市
國立高雄大學,資訊工程學系,47,0,50 高雄市
國立高雄大學,資訊工程學系,34,0,50 高雄市
國立高雄大學,資訊工程學系,195,11,50 高雄市
國立東華大學,資訊工程學系,12,0,15 花蓮縣
國立東華大學,資訊工程學系,117,0,15 花蓮縣
國立東華大學,資訊工程學系,5,0,15 花蓮縣
國立東華大學,資訊工程學系,481,19,15 花蓮縣
國立東華大學,資訊管理學系,27,0,15 花蓮縣
國立東華大學,資訊管理學系,230,11,15 花蓮縣
國立暨南國際大學,資訊管理學系,46,0,08 南投縣
國立暨南國際大學,資訊管理學系,258,12,08 南投縣
國立暨南國際大學,資訊工程學系,8,0,08 南投縣
國立暨南國際大學,資訊工程學系,70,0,08 南投縣
國立暨南國際大學,資訊工程學系,241,16,08 南投縣
國立臺灣科技大學,資訊管理系博士班,52,0,30 臺北市
國立臺灣科技大學,資訊管理系碩士班,160,0,30 臺北市
國立臺灣科技大學,資訊管理系碩士在職專班,77,0,30 臺北市
國立臺灣科技大學,資訊管理系,247,17,30 臺北市
國立臺灣科技大學,資訊管理系,1,0,30 臺北市
國立臺灣科技大學,資訊工程系博士班,56,0,30 臺北市
國立臺灣科技大學,資訊工程系碩士班,367,0,30 臺北市
國立臺灣科技大學,資訊工程系,393,27,30 臺北市
國立臺灣科技大學,資訊工程系,1,0,30 臺北市
國立雲林科技大學,資訊管理系博士班,21,0,09 雲林縣
國立雲林科技大學,資訊管理系碩士班,101,0,09 雲林縣
國立雲林科技大學,資訊管理系碩士在職專班,48,0,09 雲林縣
國立雲林科技大學,資訊管理系,319,17,09 雲林縣
國立雲林科技大學,資訊管理系,109,0,09 雲林縣
國立雲林科技大學,資訊科技服務管理數位學習碩士在職專班,50,0,09 雲林縣
國立雲林科技大學,資訊工程系碩士班,137,0,09 雲林縣
國立雲林科技大學,資訊工程系,284,10,09 雲林縣
國立雲林科技大學,資訊工程系_香港二技專班,0,0,09 雲林縣
國立屏東科技大學,資訊管理系碩士班,45,0,13 屏東縣
國立屏東科技大學,資訊管理系碩士在職專班,15,0,13 屏東縣
國立屏東科技大學,資訊管理系,233,11,13 屏東縣
國立臺北科技大學,資訊與財金管理系碩士班,90,0,30 臺北市
國立臺北科技大學,管理學院資訊與財金管理EMBA專班,122,0,30 臺北市
國立臺北科技大學,資訊與財金管理系,259,13,30 臺北市
國立臺北科技大學,資訊與財金管理系,171,0,30 臺北市
國立臺北科技大學,資訊與財金管理系,1,0,30 臺北市
國立臺北科技大學,資訊工程系博士班,20,0,30 臺北市
國立臺北科技大學,資訊工程系碩士班,174,0,30 臺北市
國立臺北科技大學,資訊工程系,250,19,30 臺北市
國立臺北科技大學,資訊工程系,5,0,30 臺北市
國立臺東大學,資訊管理學系產業管理與數位行銷進修學士班,95,0,14 臺東縣
國立臺東大學,資訊管理學系,23,0,14 臺東縣
國立臺東大學,資訊管理學系環境經濟資訊管理碩士在職專班(暑期班),32,0,14 臺東縣
國立臺東大學,資訊管理學系,194,10,14 臺東縣
國立臺東大學,資訊工程學系,14,0,14 臺東縣
國立臺東大學,資訊工程學系,381,12,14 臺東縣
國立臺東大學,綠色與資訊科技學士學位學程,122,2,14 臺東縣
國立宜蘭大學,資訊工程學系,35,0,02 宜蘭縣
國立宜蘭大學,資訊工程學系,202,9,02 宜蘭縣
國立宜蘭大學,電機資訊學院碩士在職專班,28,2,02 宜蘭縣
國立聯合大學,資訊管理學系,20,0,05 苗栗縣
國立聯合大學,資訊管理學系,359,13,05 苗栗縣
國立聯合大學,資訊工程學系,16,0,05 苗栗縣
國立聯合大學,資訊工程學系,190,8,05 苗栗縣
國立聯合大學,資訊工程學系,133,0,05 苗栗縣
國立虎尾科技大學,資訊管理系碩士班,51,0,09 雲林縣
國立虎尾科技大學,資訊管理系碩士在職專班,10,0,09 雲林縣
國立虎尾科技大學,資訊管理系,250,11,09 雲林縣
國立虎尾科技大學,資訊管理系,199,0,09 雲林縣
國立虎尾科技大學,資訊工程系碩士班,68,0,09 雲林縣
國立虎尾科技大學,資訊工程系,449,19,09 雲林縣
國立虎尾科技大學,資訊工程科,122,0,09 雲林縣
國立臺南大學,資訊工程學系,38,0,21 臺南市
國立臺南大學,資訊工程學系,186,9,21 臺南市
國立臺北教育大學,數學暨資訊教育學系數學教育碩士班,35,0,30 臺北市
國立臺北教育大學,數學暨資訊教育學系數學教育碩士在職專班,51,0,30 臺北市
國立臺北教育大學,數學暨資訊教育學系,239,14,30 臺北市
國立臺北教育大學,資訊科學系,42,0,30 臺北市
國立臺北教育大學,資訊科學系,52,0,30 臺北市
國立臺北教育大學,資訊科學系,162,11,30 臺北市
國立臺中教育大學,教育資訊與測驗統計研究所,35,0,19 臺中市
國立臺中教育大學,教育資訊與測驗統計研究所,40,8,19 臺中市
國立臺中教育大學,教育資訊與測驗統計研究所,37,0,19 臺中市
國立臺中教育大學,資訊工程學系,45,0,19 臺中市
國立臺中教育大學,資訊工程學系,207,10,19 臺中市
國立澎湖科技大學,資訊管理系,192,10,16 澎湖縣
國立澎湖科技大學,資訊管理系,110,0,16 澎湖縣
國立澎湖科技大學,資訊工程系,235,6,16 澎湖縣
國立勤益科技大學,資訊管理系碩士班,74,0,06 臺中市
國立勤益科技大學,資訊管理系研發科技與資訊管理碩士在職專班,23,0,06 臺中市
國立勤益科技大學,資訊管理系,439,19,06 臺中市
國立勤益科技大學,資訊管理系,268,0,06 臺中市
國立勤益科技大學,資訊管理系,32,0,06 臺中市
國立勤益科技大學,資訊工程系碩士班,95,0,06 臺中市
國立勤益科技大學,資訊工程系碩士在職專班,20,0,06 臺中市
國立勤益科技大學,資訊工程系,648,18,06 臺中市
國立勤益科技大學,資訊工程系,211,0,06 臺中市
國立勤益科技大學,智慧製造與資訊應用碩士學位學程,10,3,06 臺中市
國立臺北護理健康大學,資訊管理系碩士班,36,0,30 臺北市
國立臺北護理健康大學,資訊管理系,349,10,30 臺北市
國立金門大學,資訊工程學系,210,7,71 金門縣
國立金門大學,資訊工程學系,1,0,71 金門縣
國立金門大學,理工學院資訊科技與應用碩士班,15,2,71 金門縣
國立金門大學,理工學院資訊科技與應用碩士在職專班,15,0,71 金門縣
國立臺灣體育運動大學,運動資訊與傳播學系,196,7,19 臺中市
國立臺中科技大學,語文學院_應用資訊日語技優領航專班,27,0,19 臺中市
國立臺中科技大學,會計資訊系碩士班,24,0,19 臺中市
國立臺中科技大學,會計資訊系碩士在職專班,29,0,19 臺中市
國立臺中科技大學,會計資訊系,359,24,19 臺中市
國立臺中科技大學,會計資訊系,200,1,19 臺中市
國立臺中科技大學,會計資訊系,78,0,19 臺中市
國立臺中科技大學,會計資訊系,55,0,19 臺中市
國立臺中科技大學,會計資訊科,416,0,19 臺中市
國立臺中科技大學,資訊管理系碩士班,41,0,19 臺中市
國立臺中科技大學,資訊管理系碩士在職專班,29,0,19 臺中市
國立臺中科技大學,資訊管理系,240,23,19 臺中市
國立臺中科技大學,資訊管理系,159,0,19 臺中市
國立臺中科技大學,資訊管理系,170,0,19 臺中市
國立臺中科技大學,資訊管理系,60,0,19 臺中市
國立臺中科技大學,資訊管理科,75,0,19 臺中市
國立臺中科技大學,資訊管理科,427,0,19 臺中市
國立臺中科技大學,資訊工程系碩士班,60,0,19 臺中市
國立臺中科技大學,資訊工程系碩士在職專班,27,0,19 臺中市
國立臺中科技大學,資訊工程系,347,23,19 臺中市
國立臺中科技大學,資訊工程系,159,0,19 臺中市
國立臺中科技大學,資訊工程系,26,0,19 臺中市
國立臺中科技大學,資訊工程科,417,0,19 臺中市
國立臺北商業大學,會計資訊系會計財稅碩士班,32,0,30 臺北市
國立臺北商業大學,會計資訊系,359,14,30 臺北市
國立臺北商業大學,會計資訊系,133,0,30 臺北市
國立臺北商業大學,會計資訊系,62,0,30 臺北市
國立臺北商業大學,會計資訊系,83,0,30 臺北市
國立臺北商業大學,資訊管理系人工智慧與商業應用碩士班,19,0,30 臺北市
國立臺北商業大學,資訊管理系,205,19,30 臺北市
國立臺北商業大學,資訊管理系,174,0,30 臺北市
國立臺北商業大學,資訊管理系,70,0,30 臺北市
國立臺北商業大學,資訊管理系,155,0,30 臺北市
國立臺北商業大學,資訊管理科,246,0,30 臺北市
國立臺北商業大學,資訊與決策科學研究所,31,5,30 臺北市
國立屏東大學,資訊管理學系,18,0,13 屏東縣
國立屏東大學,資訊管理學系,241,10,13 屏東縣
國立屏東大學,資訊管理學系,129,0,13 屏東縣
國立屏東大學,資訊科學系,0,0,13 屏東縣
國立屏東大學,資訊科學系資訊系統與數位科技應用碩士在職專班,0,0,13 屏東縣
國立屏東大學,資訊科學系,0,0,13 屏東縣
國立屏東大學,國際資訊科技與應用碩士學位學程,8,1,13 屏東縣
國立屏東大學,電腦科學與人工智慧學系資訊系統與數位科技應用碩士在職專班,12,0,13 屏東縣
國立屏東大學,資訊工程學系,37,0,13 屏東縣
國立屏東大學,資訊工程學系,302,11,13 屏東縣
國立高雄科技大學,會計資訊系碩士班,49,0,50 高雄市
國立高雄科技大學,會計資訊系碩士在職專班,31,0,50 高雄市
國立高雄科技大學,會計資訊系,447,15,50 高雄市
國立高雄科技大學,會計資訊系,155,0,50 高雄市
國立高雄科技大學,金融資訊系碩士班,33,0,50 高雄市
國立高雄科技大學,金融資訊系碩士在職專班,68,0,50 高雄市
國立高雄科技大學,金融資訊系,213,11,50 高雄市
國立高雄科技大學,金融資訊系,203,0,50 高雄市
國立高雄科技大學,金融資訊系,2,0,50 高雄市
國立高雄科技大學,資訊財務碩士學位學程,2,0,50 高雄市
國立高雄科技大學,海事資訊科技系碩士班,15,0,50 高雄市
國立高雄科技大學,海事資訊科技系,167,8,50 高雄市
國立高雄科技大學,資訊工程系,290,11,50 高雄市
國立高雄科技大學,商務資訊應用系碩士班,6,0,50 高雄市
國立高雄科技大學,商務資訊應用系,391,11,50 高雄市
國立高雄科技大學,資訊管理系碩士班,99,0,50 高雄市
國立高雄科技大學,資訊管理系碩士在職專班,51,0,50 高雄市
國立高雄科技大學,資訊管理系,454,19,50 高雄市
國立高雄科技大學,資訊管理系,6,0,50 高雄市
國立高雄科技大學,資訊工程系碩士班,64,0,50 高雄市
國立高雄科技大學,資訊工程系碩士在職專班,40,0,50 高雄市
國立高雄科技大學,電機與資訊學院_智慧系統技優專班,22,2,50 高雄市
國立高雄科技大學,海事資訊科技系碩士在職專班,11,0,50 高雄市
國立臺東專科學校,資訊管理科,53,5,14 臺東縣
國立臺東專科學校,資訊管理科,0,0,14 臺東縣
東海大學,工業工程與經營資訊學系高階醫務工程與管理碩士在職專班,32,0,19 臺中市
東海大學,資訊工程學系,51,0,19 臺中市
東海大學,資訊工程學系,22,0,19 臺中市
東海大學,資訊工程學系,625,19,19 臺中市
東海大學,資訊工程學系,17,0,19 臺中市
東海大學,資訊管理學系,35,0,19 臺中市
東海大學,資訊管理學系,267,9,19 臺中市
東海大學,工業工程與經營資訊學系,29,0,19 臺中市
東海大學,工業工程與經營資訊學系,59,0,19 臺中市
東海大學,工業工程與經營資訊學系,383,14,19 臺中市
輔仁大學,圖書資訊學系,21,0,01 新北市
輔仁大學,圖書資訊學系,230,9,01 新北市
輔仁大學,圖書資訊學系,47,0,01 新北市
輔仁大學,統計資訊學系應用統計碩士班,40,0,01 新北市
輔仁大學,統計資訊學系應用統計碩士在職專班,47,0,01 新北市
輔仁大學,統計資訊學系,455,14,01 新北市
輔仁大學,資訊工程學系,42,0,01 新北市
輔仁大學,資訊工程學系,36,1,01 新北市
輔仁大學,資訊工程學系,549,15,01 新北市
輔仁大學,資訊管理學系,44,0,01 新北市
輔仁大學,資訊管理學系,44,0,01 新北市
輔仁大學,資訊管理學系,483,15,01 新北市
輔仁大學,人工智慧與資訊安全學士學位學程,54,2,01 新北市
輔仁大學,醫學資訊與健康科技進修學士學位學程,66,0,01 新北市
輔仁大學,資訊創新與數位生活進修學士學位學程,80,2,01 新北市
輔仁大學,醫學資訊與創新應用學士學位學程,153,2,01 新北市
東吳大學,資訊管理學系,33,0,30 臺北市
東吳大學,資訊管理學系,52,0,30 臺北市
東吳大學,資訊管理學系,522,14,30 臺北市
中原大學,中原大學美國威大密爾瓦基分校電機與資訊工程雙學士學位學程,37,0,03 桃園市
中原大學,資訊管理學系,49,0,03 桃園市
中原大學,資訊管理學系,70,0,03 桃園市
中原大學,資訊管理學系,502,15,03 桃園市
中原大學,資訊工程學系,69,0,03 桃園市
中原大學,資訊工程學系,22,0,03 桃園市
中原大學,資訊工程學系,506,17,03 桃園市
中原大學,電機資訊學院智慧運算與大數據學士班,75,4,03 桃園市
中原大學,電機資訊學院學士班,203,3,03 桃園市
淡江大學,資訊傳播學系,417,11,01 新北市
淡江大學,資訊與圖書館學系,23,0,01 新北市
淡江大學,資訊與圖書館學系數位學習碩士在職專班,9,0,01 新北市
淡江大學,資訊與圖書館學系,447,11,01 新北市
淡江大學,資訊工程學系,16,0,01 新北市
淡江大學,資訊工程學系,107,0,01 新北市
淡江大學,資訊工程學系,26,0,01 新北市
淡江大學,資訊工程學系,1097,32,01 新北市
淡江大學,資訊工程學系,156,0,01 新北市
淡江大學,資訊管理學系,39,0,01 新北市
淡江大學,資訊管理學系,14,0,01 新北市
淡江大學,資訊管理學系,724,19,01 新北市
中國文化大學,資訊傳播學系,23,0,30 臺北市
中國文化大學,資訊傳播學系,447,11,30 臺北市
中國文化大學,資訊管理學系,36,0,30 臺北市
中國文化大學,資訊工程學系,11,0,30 臺北市
中國文化大學,資訊工程學系,437,10,30 臺北市
中國文化大學,資訊管理學系,581,16,30 臺北市
中國文化大學,資訊管理學系,44,0,30 臺北市
中國文化大學,資訊管理學系,25,0,30 臺北市
中國文化大學,資訊管理學系,17,0,30 臺北市
逢甲大學,資訊工程學系,28,0,19 臺中市
逢甲大學,資訊工程學系,126,0,19 臺中市
逢甲大學,資訊工程學系,1069,31,19 臺中市
逢甲大學,資訊電機工程碩士在職專班,98,2,19 臺中市
逢甲大學,資訊電機學院學士班,125,2,19 臺中市
逢甲大學,美國普渡大學電機資訊雙學士學位學程,82,1,19 臺中市
逢甲大學,生醫資訊暨生醫工程碩士學位學程,15,2,19 臺中市
逢甲大學,都市計畫與空間資訊學系,31,0,19 臺中市
逢甲大學,都市計畫與空間資訊學系,4,0,19 臺中市
逢甲大學,都市計畫與空間資訊學系,402,11,19 臺中市
靜宜大學,資訊管理學系,19,0,06 臺中市
靜宜大學,資訊管理學系,489,16,06 臺中市
靜宜大學,資訊傳播工程學系,11,0,06 臺中市
靜宜大學,資訊傳播工程學系,519,14,06 臺中市
靜宜大學,資訊學院資訊應用與科技管理碩士在職專班,13,0,06 臺中市
靜宜大學,資訊學院,0,2,06 臺中市
靜宜大學,資訊工程學系,17,0,06 臺中市
靜宜大學,資訊工程學系,512,15,06 臺中市
靜宜大學,國際資訊學士學位學程,20,0,06 臺中市
長庚大學,資訊管理學系,48,0,03 桃園市
長庚大學,資訊管理學系,378,13,03 桃園市
長庚大學,資訊工程學系,8,0,03 桃園市
長庚大學,資訊工程學系,62,0,03 桃園市
長庚大學,資訊工程學系,251,16,03 桃園市
元智大學,生物與醫學資訊碩士學位學程,5,2,03 桃園市
元智大學,資訊管理學系,16,0,03 桃園市
元智大學,資訊管理學系,41,0,03 桃園市
元智大學,資訊管理學系,79,0,03 桃園市
元智大學,資訊管理學系,532,20,03 桃園市
元智大學,資訊工程學系,18,0,03 桃園市
元智大學,資訊工程學系,100,0,03 桃園市
元智大學,資訊工程學系,39,0,03 桃園市
元智大學,資訊工程學系,655,19,03 桃園市
元智大學,資訊學院英語學士班,135,2,03 桃園市
元智大學,資訊傳播學系,22,0,03 桃園市
元智大學,資訊傳播學系,489,12,03 桃園市
中華大學,生物資訊學系,22,2,18 新竹市
中華大學,中華大學美國舊金山州立大學資訊管理與決策科學學士學位學程,3,2,18 新竹市
中華大學,資訊管理學系,11,0,18 新竹市
中華大學,資訊管理學系,3,0,18 新竹市
中華大學,資訊管理學系,261,7,18 新竹市
中華大學,資訊管理學系,0,0,18 新竹市
中華大學,資訊工程學系,47,0,18 新竹市
中華大學,資訊工程學系,8,0,18 新竹市
中華大學,資訊工程學系,447,13,18 新竹市
大葉大學,會計資訊學系,112,7,07 彰化縣
大葉大學,會計資訊學系,4,0,07 彰化縣
大葉大學,資訊管理學系,17,0,07 彰化縣
大葉大學,資訊管理學系,3,0,07 彰化縣
大葉大學,資訊管理學系,115,9,07 彰化縣
大葉大學,資訊管理學系,2,0,07 彰化縣
大葉大學,資訊工程學系,18,0,07 彰化縣
大葉大學,資訊工程學系,119,9,07 彰化縣
華梵大學,資訊管理學系,1,0,01 新北市
華梵大學,資訊管理學系,1,0,01 新北市
華梵大學,資訊管理學系,3,0,01 新北市
華梵大學,工業工程與經營資訊學系,1,0,01 新北市
義守大學,智慧醫療暨生物資訊碩士學位學程,6,2,12 高雄市
義守大學,資訊管理學系,5,0,12 高雄市
義守大學,資訊管理學系,67,0,12 高雄市
義守大學,資訊管理學系,332,12,12 高雄市
義守大學,資訊管理學系,241,0,12 高雄市
義守大學,資訊工程學系,40,0,12 高雄市
義守大學,資訊工程學系,13,0,12 高雄市
義守大學,資訊工程學系,11,0,12 高雄市
義守大學,資訊工程學系,472,15,12 高雄市
世新大學,資訊傳播學系,11,0,30 臺北市
世新大學,資訊傳播學系,22,0,30 臺北市
世新大學,資訊傳播學系,255,8,30 臺北市
世新大學,資訊管理學系,34,0,30 臺北市
世新大學,資訊管理學系,36,0,30 臺北市
世新大學,資訊管理學系,716,24,30 臺北市
銘傳大學,醫療資訊與管理學系健康產業管理碩士班,16,0,30 臺北市
銘傳大學,醫療資訊與管理學系,371,11,30 臺北市
銘傳大學,資訊工程學系,19,0,30 臺北市
銘傳大學,資訊工程學系,463,14,30 臺北市
銘傳大學,資訊管理學系,21,0,30 臺北市
銘傳大學,資訊管理學系,10,0,30 臺北市
銘傳大學,資訊管理學系,634,19,30 臺北市
銘傳大學,資訊傳播工程學系,11,0,30 臺北市
銘傳大學,資訊傳播工程學系,375,10,30 臺北市
銘傳大學,資訊科技應用學士學位學程,18,2,30 臺北市
銘傳大學,資訊科技應用與管理學士學位學程,79,2,30 臺北市
實踐大學,資訊模擬與設計學系,291,9,30 臺北市
實踐大學,資訊科技與管理學系,9,0,30 臺北市
實踐大學,資訊科技與管理學系,2,0,30 臺北市
實踐大學,資訊科技與管理學系,420,12,30 臺北市
實踐大學,資訊管理學系,139,7,30 臺北市
實踐大學,資訊科技與通訊學系,233,7,30 臺北市
朝陽科技大學,資訊與通訊系,393,13,06 臺中市
朝陽科技大學,資訊與通訊系,1,0,06 臺中市
朝陽科技大學,資訊管理系博士班,19,0,06 臺中市
朝陽科技大學,資訊管理系碩士班,36,0,06 臺中市
朝陽科技大學,資訊管理系碩士在職專班,7,0,06 臺中市
朝陽科技大學,資訊管理系,695,23,06 臺中市
朝陽科技大學,資訊管理系,91,0,06 臺中市
朝陽科技大學,資訊管理系,1,0,06 臺中市
朝陽科技大學,資訊與通訊系碩士班,55,0,06 臺中市
朝陽科技大學,資訊工程系碩士班,40,0,06 臺中市
朝陽科技大學,資訊工程系碩士在職專班,5,0,06 臺中市
朝陽科技大學,資訊工程系,451,15,06 臺中市
朝陽科技大學,資訊工程系,38,0,06 臺中市
朝陽科技大學,資訊工程系,0,0,06 臺中市
高雄醫學大學,醫務管理暨醫療資訊學系,23,0,50 高雄市
高雄醫學大學,醫務管理暨醫療資訊學系,61,0,50 高雄市
高雄醫學大學,醫務管理暨醫療資訊學系,225,11,50 高雄市
南華大學,科技學院資訊科技進修學士班,116,2,10 嘉義縣
南華大學,資訊管理學系,13,0,10 嘉義縣
南華大學,資訊管理學系,20,0,10 嘉義縣
南華大學,資訊管理學系,174,10,10 嘉義縣
南華大學,資訊工程學系,337,9,10 嘉義縣
真理大學,宗教文化與資訊管理學系,17,0,01 新北市
真理大學,宗教文化與資訊管理學系,6,0,01 新北市
真理大學,宗教文化與資訊管理學系,111,9,01 新北市
真理大學,人文與資訊學系,113,7,01 新北市
真理大學,運動資訊傳播學系,231,7,01 新北市
真理大學,會計資訊學系,167,8,01 新北市
真理大學,工業管理與經營資訊學系,151,8,01 新北市
真理大學,統計資訊與精算學系,9,0,01 新北市
真理大學,統計資訊與精算學系,105,9,01 新北市
真理大學,資訊工程學系,9,0,01 新北市
真理大學,資訊工程學系,222,10,01 新北市
真理大學,資訊管理學系,202,8,01 新北市
大同大學,資訊經營學系,6,0,30 臺北市
大同大學,資訊經營學系,22,0,30 臺北市
大同大學,資訊經營學系,213,8,30 臺北市
大同大學,資訊工程學系,13,0,30 臺北市
大同大學,資訊工程學系,36,0,30 臺北市
大同大學,資訊工程學系,41,0,30 臺北市
大同大學,資訊工程學系,505,17,30 臺北市
南臺科技大學,資訊傳播系碩士班,16,0,11 臺南市
南臺科技大學,資訊傳播系,430,13,11 臺南市
南臺科技大學,資訊傳播系,88,0,11 臺南市
南臺科技大學,資訊傳播系,2,0,11 臺南市
南臺科技大學,會計資訊系,2,0,11 臺南市
南臺科技大學,會計資訊系,163,6,11 臺南市
南臺科技大學,工業管理與資訊系工業管理碩士在職專班,17,0,11 臺南市
南臺科技大學,工業管理與資訊系,548,19,11 臺南市
南臺科技大學,工業管理與資訊系,0,0,11 臺南市
南臺科技大學,資訊管理系碩士班,34,0,11 臺南市
南臺科技大學,資訊管理系碩士在職專班,27,0,11 臺南市
南臺科技大學,資訊管理系,650,24,11 臺南市
南臺科技大學,資訊管理系,144,0,11 臺南市
南臺科技大學,資訊工程系碩士班,29,0,11 臺南市
南臺科技大學,資訊工程系,609,16,11 臺南市
南臺科技大學,資訊工程系,0,0,11 臺南市
南臺科技大學,資訊工程科,176,0,11 臺南市
崑山科技大學,會計資訊系,1,0,11 臺南市
崑山科技大學,資訊傳播系,105,7,11 臺南市
崑山科技大學,資訊傳播系,5,0,11 臺南市
崑山科技大學,資訊管理系碩士班,26,0,11 臺南市
崑山科技大學,資訊管理系碩士在職專班,40,0,11 臺南市
崑山科技大學,資訊管理系,211,10,11 臺南市
崑山科技大學,資訊管理系,78,1,11 臺南市
崑山科技大學,資訊管理系,33,0,11 臺南市
崑山科技大學,資訊管理系_電子商務,12,0,11 臺南市
崑山科技大學,資訊管理科,0,0,11 臺南市
崑山科技大學,資訊工程系碩士班,15,0,11 臺南市
崑山科技大學,資訊工程系碩士在職專班,0,0,11 臺南市
崑山科技大學,資訊工程系,299,10,11 臺南市
崑山科技大學,資訊工程系,49,0,11 臺南市
崑山科技大學,資訊工程系_自動化與物聯網專班,36,0,11 臺南市
嘉南藥理大學,資訊管理系,337,12,11 臺南市
嘉南藥理大學,資訊管理系,115,1,11 臺南市
嘉南藥理大學,應用空間資訊系,76,4,11 臺南市
樹德科技大學,資訊管理系碩士班,10,0,12 高雄市
樹德科技大學,資訊管理系碩士在職專班,24,0,12 高雄市
樹德科技大學,資訊管理系,175,12,12 高雄市
樹德科技大學,資訊管理系,39,0,12 高雄市
樹德科技大學,資訊工程系碩士班,27,0,12 高雄市
樹德科技大學,資訊工程系資訊技術與管理數位學習碩士在職專班,7,0,12 高雄市
樹德科技大學,資訊工程系,228,9,12 高雄市
樹德科技大學,資訊工程系,78,0,12 高雄市
慈濟大學,醫學資訊學系,27,0,15 花蓮縣
慈濟大學,醫學資訊學系,137,10,15 花蓮縣
臺北醫學大學,醫學資訊研究所,34,0,30 臺北市
臺北醫學大學,醫學資訊研究所,28,13,30 臺北市
臺北醫學大學,醫學資訊研究所,23,0,30 臺北市
中山醫學大學,醫學資訊學系,5,0,19 臺中市
中山醫學大學,醫學資訊學系,183,8,19 臺中市
龍華科技大學,資訊管理系碩士班,36,0,03 桃園市
龍華科技大學,資訊管理系碩士在職專班,20,0,03 桃園市
龍華科技大學,資訊管理系,424,15,03 桃園市
龍華科技大學,資訊管理系,160,0,03 桃園市
龍華科技大學,資訊網路工程系碩士班,24,0,03 桃園市
龍華科技大學,資訊網路工程系,661,20,03 桃園市
龍華科技大學,資訊網路工程系,162,0,03 桃園市
輔英科技大學,資訊科技與管理系,180,11,12 高雄市
輔英科技大學,資訊科技與管理系,56,0,12 高雄市
明新科技大學,資訊管理系碩士班,17,0,04 新竹縣
明新科技大學,資訊管理系,371,16,04 新竹縣
明新科技大學,資訊管理系,122,1,04 新竹縣
明新科技大學,資訊管理系,104,0,04 新竹縣
明新科技大學,資訊管理科,111,0,04 新竹縣
明新科技大學,資訊工程系,359,12,04 新竹縣
明新科技大學,資訊工程系,106,0,04 新竹縣
長榮大學,會計資訊學系,161,7,11 臺南市
長榮大學,資訊暨設計碩士學位學程,11,2,11 臺南市
長榮大學,資訊暨設計學院學士班,109,2,11 臺南市
長榮大學,資訊管理學系,89,6,11 臺南市
長榮大學,資訊工程學系,195,6,11 臺南市
弘光科技大學,資訊工程系,0,0,06 臺中市
弘光科技大學,資訊工程系,0,0,06 臺中市
健行科技大學,資訊管理系,409,17,03 桃園市
健行科技大學,資訊管理系,131,0,03 桃園市
健行科技大學,資訊管理系,8,0,03 桃園市
健行科技大學,資訊管理系,65,0,03 桃園市
健行科技大學,資訊管理系碩士班,28,0,03 桃園市
健行科技大學,資訊工程系碩士班,31,0,03 桃園市
健行科技大學,資訊工程系,540,19,03 桃園市
健行科技大學,資訊工程系,138,0,03 桃園市
健行科技大學,土木工程系空間資訊與防災科技碩士班,43,0,03 桃園市
健行科技大學,應用空間資訊系,92,7,03 桃園市
正修科技大學,資訊管理系碩士班,21,0,12 高雄市
正修科技大學,資訊管理系碩士在職專班,34,0,12 高雄市
正修科技大學,資訊管理系,305,14,12 高雄市
正修科技大學,資訊管理系,152,0,12 高雄市
正修科技大學,資訊管理系,194,0,12 高雄市
正修科技大學,資訊管理科,4,0,12 高雄市
正修科技大學,資訊工程系碩士班,16,0,12 高雄市
正修科技大學,資訊工程系,547,19,12 高雄市
正修科技大學,資訊工程系,135,0,12 高雄市
正修科技大學,土木與空間資訊系營建工程碩士班,25,0,12 高雄市
正修科技大學,土木與空間資訊系,504,20,12 高雄市
正修科技大學,土木與空間資訊系,211,0,12 高雄市
正修科技大學,土木與空間資訊系_土木工程專班,0,0,12 高雄市
萬能科技大學,資訊管理系碩士班,21,0,03 桃園市
萬能科技大學,資訊管理系碩士在職專班,22,0,03 桃園市
萬能科技大學,資訊管理系,204,10,03 桃園市
萬能科技大學,資訊管理系,53,0,03 桃園市
萬能科技大學,資訊管理系,0,0,03 桃園市
萬能科技大學,資訊工程系,276,16,03 桃園市
萬能科技大學,資訊工程系,84,1,03 桃園市
萬能科技大學,資訊工程系,26,0,03 桃園市
玄奘大學,資訊管理學系,3,0,18 新竹市
建國科技大學,資訊管理系,103,7,07 彰化縣
建國科技大學,資訊管理系,54,0,07 彰化縣
建國科技大學,資訊與網路通訊系,35,3,07 彰化縣
建國科技大學,資訊與網路通訊系,13,0,07 彰化縣
高苑科技大學,資訊傳播與行銷系,53,7,12 高雄市
高苑科技大學,資訊傳播與行銷系,44,1,12 高雄市
高苑科技大學,資訊傳播與行銷系,38,0,12 高雄市
高苑科技大學,資訊傳播與行銷科,0,0,12 高雄市
高苑科技大學,資訊管理系,0,1,12 高雄市
高苑科技大學,資訊管理系,2,0,12 高雄市
高苑科技大學,資訊管理系,2,0,12 高雄市
高苑科技大學,資訊科技應用系碩士班,15,0,12 高雄市
高苑科技大學,資訊科技應用系碩士在職專班,5,0,12 高雄市
高苑科技大學,資訊科技應用系,41,9,12 高雄市
高苑科技大學,資訊科技應用系,0,0,12 高雄市
大仁科技大學,資訊工程與娛樂科技系,10,4,13 屏東縣
聖約翰科技大學,資訊工程系碩士班,16,0,01 新北市
聖約翰科技大學,資訊工程系,57,6,01 新北市
聖約翰科技大學,資訊工程系,56,3,01 新北市
聖約翰科技大學,資訊管理系,8,2,01 新北市
聖約翰科技大學,資訊與通訊系碩士班,0,0,01 新北市
聖約翰科技大學,資訊與通訊系,0,0,01 新北市
聖約翰科技大學,電子資訊科,34,4,01 新北市
嶺東科技大學,會計資訊系碩士班,12,0,19 臺中市
嶺東科技大學,會計資訊系,114,9,19 臺中市
嶺東科技大學,資訊管理系,0,0,19 臺中市
嶺東科技大學,資訊管理系,326,12,19 臺中市
嶺東科技大學,資訊科技系碩士班,30,0,19 臺中市
嶺東科技大學,資訊科技系,612,23,19 臺中市
嶺東科技大學,資訊科技系,361,0,19 臺中市
嶺東科技大學,資訊管理系碩士班,14,0,19 臺中市
嶺東科技大學,資訊管理系,152,0,19 臺中市
中國科技大學,資訊管理系,266,12,30 臺北市
中國科技大學,資訊管理系,48,1,30 臺北市
中國科技大學,資訊管理系,64,0,30 臺北市
中國科技大學,資訊管理科,65,0,30 臺北市
中國科技大學,資訊工程系_現役軍人營區在職專班,19,0,30 臺北市
中國科技大學,資訊工程系,213,9,30 臺北市
中國科技大學,資訊工程系_香港二技專班,2,0,30 臺北市
中國科技大學,資訊工程系,73,0,30 臺北市
中國科技大學,資訊工程科,14,0,30 臺北市
中臺科技大學,資訊管理系,195,7,19 臺中市
中臺科技大學,資訊管理系,43,0,19 臺中市
亞洲大學,資訊傳播學系,12,0,06 臺中市
亞洲大學,資訊傳播學系,357,10,06 臺中市
亞洲大學,會計與資訊學系,21,0,06 臺中市
亞洲大學,會計與資訊學系,246,9,06 臺中市
亞洲大學,資訊工程學系,23,0,06 臺中市
亞洲大學,資訊工程學系,29,0,06 臺中市
亞洲大學,資訊工程學系,25,0,06 臺中市
亞洲大學,資訊工程學系,481,24,06 臺中市
亞洲大學,生物資訊與醫學工程學系,18,0,06 臺中市
亞洲大學,生物資訊與醫學工程學系,10,0,06 臺中市
亞洲大學,生物資訊與醫學工程學系,21,0,06 臺中市
亞洲大學,生物資訊與醫學工程學系,169,14,06 臺中市
開南大學,資訊傳播學系,140,7,03 桃園市
開南大學,資訊管理學系,17,0,03 桃園市
開南大學,資訊管理學系,170,12,03 桃園市
開南大學,資訊管理學系,57,0,03 桃園市
開南大學,資訊學院碩士班,1,0,03 桃園市
開南大學,資訊學院碩士在職專班,29,2,03 桃園市
佛光大學,資訊應用學系,18,0,02 宜蘭縣
佛光大學,資訊應用學系,7,0,02 宜蘭縣
佛光大學,資訊應用學系,254,11,02 宜蘭縣
台南應用科技大學,會計資訊系,13,1,11 臺南市
台南應用科技大學,資訊管理系,237,10,11 臺南市
台南應用科技大學,資訊管理系,55,0,11 臺南市
台南應用科技大學,資訊管理系,3,0,11 臺南市
遠東科技大學,資訊工程系,145,8,11 臺南市
遠東科技大學,資訊管理科,0,0,11 臺南市
元培醫事科技大學,資訊管理系,154,9,18 新竹市
元培醫事科技大學,資訊管理系,142,0,18 新竹市
元培醫事科技大學,資訊管理系數位創新管理碩士班,28,0,18 新竹市
景文科技大學,資訊工程系,81,8,01 新北市
中華醫事科技大學,數位設計與資訊管理系,1,0,11 臺南市
中華醫事科技大學,數位設計與資訊管理系_國際學生產學合作專班,0,0,11 臺南市
東南科技大學,資訊科技系,50,4,01 新北市
德明財經科技大學,會計資訊系,328,11,30 臺北市
德明財經科技大學,資訊科技系,291,10,30 臺北市
德明財經科技大學,資訊管理系,2,0,30 臺北市
德明財經科技大學,資訊管理系,448,15,30 臺北市
德明財經科技大學,資訊管理系,0,0,30 臺北市
明道大學,資訊傳播學系,4,1,07 彰化縣
南開科技大學,資訊管理系,0,0,08 南投縣
南開科技大學,電機與資訊技術系,162,11,08 南投縣
南開科技大學,電機與資訊技術系,93,0,08 南投縣
南開科技大學,電機與資訊技術科,180,0,08 南投縣
中華科技大學,企業資訊與管理系經營管理碩士班,44,0,30 臺北市
中華科技大學,企業資訊與管理系,44,11,30 臺北市
中華科技大學,企業資訊與管理系,35,0,30 臺北市
中華科技大學,企業資訊與管理系,133,0,30 臺北市
中華科技大學,資訊管理系,52,0,30 臺北市
中華科技大學,資訊管理系,18,0,30 臺北市
中華科技大學,資訊管理系,0,0,30 臺北市
中華科技大學,資訊工程系,0,0,30 臺北市
中華科技大學,電機與資訊工程系碩士班,15,0,30 臺北市
中華科技大學,電機與資訊工程系,89,9,30 臺北市
中華科技大學,電機與資訊工程系,26,1,30 臺北市
中華科技大學,電機與資訊工程系,90,0,30 臺北市
中華科技大學,電機與資訊工程科,28,0,30 臺北市
僑光科技大學,資訊科技系碩士班,10,0,19 臺中市
僑光科技大學,資訊科技系,410,14,19 臺中市
僑光科技大學,資訊科技系,349,3,19 臺中市
育達科技大學,資訊管理系碩士班,38,3,05 苗栗縣
育達科技大學,資訊管理系碩士在職專班,56,0,05 苗栗縣
育達科技大學,資訊管理系,3,0,05 苗栗縣
育達科技大學,資訊管理系,281,6,05 苗栗縣
育達科技大學,資訊管理系,148,0,05 苗栗縣
美和科技大學,資訊管理科,2,0,13 屏東縣
美和科技大學,資訊管理系,27,3,13 屏東縣
美和科技大學,資訊管理系,2,0,13 屏東縣
美和科技大學,資訊管理系,0,0,13 屏東縣
美和科技大學,資訊科技系,105,7,13 屏東縣
美和科技大學,資訊科技系,28,0,13 屏東縣
環球科技大學,資訊與電子商務管理系,126,6,09 雲林縣
環球科技大學,資訊與電子商務管理系,44,1,09 雲林縣
台灣首府大學,休閒資訊管理學系,3,0,11 臺南市
台灣首府大學,休閒資訊管理學系,3,0,11 臺南市
台灣首府大學,資訊與多媒體設計學系,2,0,11 臺南市
中州科技大學,資訊管理系,10,0,07 彰化縣
中州科技大學,資訊管理系,7,0,07 彰化縣
修平科技大學,資訊網路技術系,79,7,06 臺中市
修平科技大學,資訊管理系,158,8,06 臺中市
修平科技大學,資訊管理系,73,0,06 臺中市
修平科技大學,資訊管理系,20,0,06 臺中市
臺北城市科技大學,資訊管理系電子商務碩士班,0,0,30 臺北市
臺北城市科技大學,資訊管理系,0,0,30 臺北市
臺北城市科技大學,資訊管理系,0,0,30 臺北市
臺北城市科技大學,資訊工程系_資訊應用產業碩士專班,0,0,30 臺北市
臺北城市科技大學,資訊工程系,360,17,30 臺北市
臺北城市科技大學,資訊工程科,20,0,30 臺北市
臺北城市科技大學,資訊工程科,138,0,30 臺北市
敏實科技大學,資訊管理系,0,0,04 新竹縣
敏實科技大學,資訊管理科,20,3,04 新竹縣
醒吾科技大學,資訊傳播系_國際學生產學合作專班,0,0,01 新北市
醒吾科技大學,資訊管理系,116,5,01 新北市
醒吾科技大學,資訊管理系,9,0,01 新北市
醒吾科技大學,資訊科技應用系碩士班,8,0,01 新北市
醒吾科技大學,資訊科技應用系碩士在職專班,22,0,01 新北市
醒吾科技大學,資訊科技應用系,278,10,01 新北市
華夏科技大學,資訊管理系碩士在職專班,23,0,01 新北市
華夏科技大學,資訊管理系,95,10,01 新北市
華夏科技大學,資訊管理系,38,0,01 新北市
華夏科技大學,資訊管理系,36,0,01 新北市
華夏科技大學,資訊管理系,78,0,01 新北市
華夏科技大學,資訊管理科,2,0,01 新北市
華夏科技大學,資訊管理科,162,0,01 新北市
華夏科技大學,資訊工程系,90,8,01 新北市
華夏科技大學,資訊工程系,43,0,01 新北市
華夏科技大學,資訊工程系,15,0,01 新北市
慈濟科技大學,資訊科技與管理系碩士班,7,0,15 花蓮縣
慈濟科技大學,資訊科技與管理系,178,14,15 花蓮縣
致理科技大學,會計資訊系,628,19,01 新北市
致理科技大學,會計資訊系,143,1,01 新北市
致理科技大學,會計資訊科,232,0,01 新北市
致理科技大學,資訊管理系,222,0,01 新北市
致理科技大學,資訊管理系,728,22,01 新北市
康寧大學,資訊傳播學系,3,0,30 臺北市
康寧大學,資訊傳播學系,0,0,30 臺北市
康寧大學,資訊管理科,305,9,30 臺北市
宏國德霖科技大學,資訊工程系,177,15,01 新北市
宏國德霖科技大學,資訊工程系,60,0,01 新北市
宏國德霖科技大學,資訊工程系,53,0,01 新北市
宏國德霖科技大學,資訊工程科,199,0,01 新北市
亞東科技大學,資訊管理系,263,8,01 新北市
和春技術學院,資訊管理系,0,0,12 高雄市
和春技術學院,資訊管理系,6,1,12 高雄市
和春技術學院,資訊管理科,0,0,12 高雄市
和春技術學院,資訊管理科,5,3,12 高雄市
南亞技術學院,資訊管理科,0,0,03 桃園市
南亞技術學院,資訊工程系,178,7,03 桃園市
黎明技術學院,資訊科技系,17,1,01 新北市
經國管理暨健康學院,醫護資訊應用系,11,2,17 基隆市
樹人醫護管理專科學校,資訊管理科,232,7,12 高雄市
聖母醫護管理專科學校,資訊管理科,15,0,02 宜蘭縣
聖母醫護管理專科學校,資訊管理科,44,0,02 宜蘭縣
聖母醫護管理專科學校,資訊管理科,7,5,02 宜蘭縣
臺北市立大學,資訊科學系,57,0,30 臺北市
臺北市立大學,資訊科學系,74,0,30 臺北市
臺北市立大學,資訊科學系,194,10,30 臺北市
國立政治大學,圖書資訊與檔案學研究所,12,0,30 臺北市
國立政治大學,圖書資訊與檔案學研究所,67,5,30 臺北市
國立政治大學,圖書資訊與檔案學研究所圖書資訊學數位碩士在職專班,74,1,30 臺北市
國立政治大學,資訊管理學系,38,0,30 臺北市
國立政治大學,資訊管理學系,113,0,30 臺北市
國立政治大學,資訊管理學系,349,18,30 臺北市
國立政治大學,資訊科學系,11,0,30 臺北市
國立政治大學,資訊科學系,167,0,30 臺北市
國立政治大學,資訊科學系,102,2,30 臺北市
國立政治大學,資訊科學系,238,17,30 臺北市
國立政治大學,資訊安全碩士學位學程,9,0,30 臺北市
國立清華大學,生物資訊與結構生物研究所,37,0,18 新竹市
國立清華大學,生物資訊與結構生物研究所,66,9,18 新竹市
國立清華大學,資訊工程學系,76,0,18 新竹市
國立清華大學,資訊工程學系,446,0,18 新竹市
國立清華大學,資訊工程學系,604,37,18 新竹市
國立清華大學,資訊安全研究所,65,0,18 新竹市
國立清華大學,資訊系統與應用研究所,23,0,18 新竹市
國立清華大學,資訊系統與應用研究所,154,0,18 新竹市
國立清華大學,電機資訊學院學士班,306,0,18 新竹市
國立臺灣大學,圖書資訊學系,19,0,30 臺北市
國立臺灣大學,圖書資訊學系,73,0,30 臺北市
國立臺灣大學,圖書資訊學系,213,11,30 臺北市
國立臺灣大學,生物資訊學國際研究生博士學位學程,5,0,30 臺北市
國立臺灣大學,資訊管理學系,19,0,30 臺北市
國立臺灣大學,資訊管理學系,140,0,30 臺北市
國立臺灣大學,資訊管理學系,245,16,30 臺北市
國立臺灣大學,資訊網路與多媒體研究所,44,0,30 臺北市
國立臺灣大學,資訊網路與多媒體研究所,134,7,30 臺北市
國立臺灣大學,資訊工程學系,115,0,30 臺北市
國立臺灣大學,資訊工程學系,420,0,30 臺北市
國立臺灣大學,資訊工程學系,21,0,30 臺北市
國立臺灣大學,資訊工程學系,616,33,30 臺北市
國立臺灣大學,生醫電子與資訊學研究所,71,0,30 臺北市
國立臺灣大學,生醫電子與資訊學研究所,152,6,30 臺北市
國立臺灣大學,電信工程學研究所智慧科技與資訊安全碩士在職專班,25,0,30 臺北市
國立臺灣大學,智慧醫療與健康資訊碩士學位學程,15,0,30 臺北市
國立臺灣師範大學,資訊教育研究所,20,0,30 臺北市
國立臺灣師範大學,資訊教育研究所,63,7,30 臺北市
國立臺灣師範大學,圖書資訊學研究所,12,0,30 臺北市
國立臺灣師範大學,圖書資訊學研究所,48,6,30 臺北市
國立臺灣師範大學,圖書資訊學研究所圖書資訊學碩士在職專班,94,0,30 臺北市
國立臺灣師範大學,資訊工程學系,14,0,30 臺北市
國立臺灣師範大學,資訊工程學系,192,0,30 臺北市
國立臺灣師範大學,資訊工程學系,252,19,30 臺北市
國立成功大學,工業與資訊管理學系,14,0,21 臺南市
國立成功大學,工業與資訊管理學系,84,0,21 臺南市
國立成功大學,工業與資訊管理學系,109,0,21 臺南市
國立成功大學,工業與資訊管理學系,251,12,21 臺南市
國立成功大學,資訊管理研究所,20,0,21 臺南市
國立成功大學,資訊管理研究所,70,7,21 臺南市
國立成功大學,資訊工程學系,85,0,21 臺南市
國立成功大學,資訊工程學系,351,0,21 臺南市
國立成功大學,資訊工程學系人工智慧與資訊系統碩士在職專班,42,0,21 臺南市
國立成功大學,資訊工程學系,532,36,21 臺南市
國立成功大學,醫學資訊研究所,28,0,21 臺南市
國立成功大學,智慧資訊安全碩士學位學程,13,2,21 臺南市
國立成功大學,製造資訊與系統研究所,31,0,21 臺南市
國立成功大學,製造資訊與系統研究所,65,7,21 臺南市
國立成功大學,測量及空間資訊學系,38,0,21 臺南市
國立成功大學,測量及空間資訊學系,63,0,21 臺南市
國立成功大學,測量及空間資訊學系,205,16,21 臺南市
國立中興大學,圖書資訊學研究所,40,5,19 臺中市
國立中興大學,基因體暨生物資訊學研究所,23,5,19 臺中市
國立中興大學,資訊管理學系,105,0,19 臺中市
國立中興大學,資訊管理學系,79,0,19 臺中市
國立中興大學,資訊管理學系,131,12,19 臺中市
國立中興大學,資料科學與資訊計算研究所,36,7,19 臺中市
國立中興大學,資訊工程學系,31,0,19 臺中市
國立中興大學,資訊工程學系,160,0,19 臺中市
國立中興大學,資訊工程學系,105,0,19 臺中市
國立中興大學,資訊工程學系,139,13,19 臺中市
國立中興大學,電機資訊學院學士班,126,2,19 臺中市
國立陽明交通大學,資訊管理與財務金融學系財務金融博士班,31,0,18 新竹市
國立陽明交通大學,資訊管理與財務金融學系財務金融碩士班,113,0,18 新竹市
國立陽明交通大學,資訊管理與財務金融學系,179,12,18 新竹市
國立陽明交通大學,生物資訊及系統生物研究所,23,0,18 新竹市
國立陽明交通大學,生物資訊及系統生物研究所,43,8,18 新竹市
國立陽明交通大學,生物醫學資訊研究所,33,0,18 新竹市
國立陽明交通大學,生物醫學資訊研究所,65,8,18 新竹市
國立陽明交通大學,網路與資訊系統博士學位學程,1,0,18 新竹市
國立陽明交通大學,資訊管理研究所,26,0,18 新竹市
國立陽明交通大學,資訊管理研究所,82,7,18 新竹市
國立陽明交通大學,資訊工程學系,827,10,18 新竹市
國立陽明交通大學,資訊科學與工程研究所,140,0,18 新竹市
國立陽明交通大學,資訊科學與工程研究所,453,26,18 新竹市
國立陽明交通大學,資訊學院博士班,2,0,18 新竹市
國立陽明交通大學,資訊學院國防資安管理碩士在職專班,70,0,18 新竹市
國立陽明交通大學,資訊學院科技犯罪偵查資通訊碩士在職專班,55,2,18 新竹市
國立陽明交通大學,電機資訊國際博士學位學程,66,0,18 新竹市
國立陽明交通大學,電機資訊國際碩士學位學程,56,4,18 新竹市
國立陽明交通大學,電機資訊學士班,0,0,18 新竹市
國立陽明交通大學,資訊學院碩士在職專班,108,2,18 新竹市
國立中央大學,資訊管理學系,16,0,03 桃園市
國立中央大學,資訊管理學系,140,0,03 桃園市
國立中央大學,資訊管理學系,90,0,03 桃園市
國立中央大學,資訊管理學系,417,25,03 桃園市
國立中央大學,資訊工程學系,78,0,03 桃園市
國立中央大學,資訊工程學系,341,0,03 桃園市
國立中央大學,資訊工程學系,86,0,03 桃園市
國立中央大學,資訊工程學系,427,29,03 桃園市
國立中央大學,資訊電機學院學士班,99,2,03 桃園市
國立中山大學,資訊工程學系,26,0,50 高雄市
國立中山大學,資訊工程學系,303,0,50 高雄市
國立中山大學,資訊工程學系科技犯罪偵查資通訊碩士在職專班,25,0,50 高雄市
國立中山大學,資訊工程學系,263,22,50 高雄市
國立中山大學,資訊管理學系,23,0,50 高雄市
國立中山大學,資訊管理學系,118,0,50 高雄市
國立中山大學,資訊管理學系,127,0,50 高雄市
國立中山大學,資訊管理學系,211,15,50 高雄市
國立臺灣海洋大學,海洋環境資訊系,8,0,17 基隆市
國立臺灣海洋大學,海洋環境資訊系,23,0,17 基隆市
國立臺灣海洋大學,海洋環境資訊系,29,0,17 基隆市
國立臺灣海洋大學,海洋環境資訊系,179,14,17 基隆市
國立臺灣海洋大學,資訊工程學系,7,0,17 基隆市
國立臺灣海洋大學,資訊工程學系,160,0,17 基隆市
國立臺灣海洋大學,資訊工程學系,47,0,17 基隆市
國立臺灣海洋大學,資訊工程學系,508,27,17 基隆市
國立中正大學,會計與資訊科技學系,12,0,10 嘉義縣
國立中正大學,會計與資訊科技學系,65,0,10 嘉義縣
國立中正大學,會計與資訊科技學系,103,0,10 嘉義縣
國立中正大學,會計與資訊科技學系,216,12,10 嘉義縣
國立中正大學,資訊管理學系,18,0,10 嘉義縣
國立中正大學,資訊管理學系,123,0,10 嘉義縣
國立中正大學,資訊管理學系,83,0,10 嘉義縣
國立中正大學,資訊管理學系,200,12,10 嘉義縣
國立中正大學,資訊工程學系,16,0,10 嘉義縣
國立中正大學,資訊工程學系,296,0,10 嘉義縣
國立中正大學,資訊工程學系雲端計算與物聯網數位學習碩士在職專班,77,0,10 嘉義縣
國立中正大學,資訊工程學系,398,26,10 嘉義縣
國立高雄師範大學,軟體工程與管理學系資訊科技碩士在職專班,58,0,50 高雄市
國立彰化師範大學,統計資訊研究所,19,5,07 彰化縣
國立彰化師範大學,資訊管理學系,90,0,07 彰化縣
國立彰化師範大學,資訊管理學系創新與管理碩士在職專班,47,0,07 彰化縣
國立彰化師範大學,資訊管理學系,215,10,07 彰化縣
國立彰化師範大學,資訊工程學系,67,0,07 彰化縣
國立彰化師範大學,資訊工程學系人工智慧應用服務碩士在職專班,12,0,07 彰化縣
國立彰化師範大學,資訊工程學系,222,12,07 彰化縣
國立臺北大學,資訊工程學系,80,0,01 新北市
國立臺北大學,資訊工程學系,231,13,01 新北市
國立臺北大學,電機資訊學院博士班,16,2,01 新北市
國立臺北大學,資訊管理研究所,41,6,01 新北市
國立嘉義大學,資訊管理學系,37,0,20 嘉義市
國立嘉義大學,資訊管理學系,230,10,20 嘉義市
國立嘉義大學,資訊工程學系,3,0,20 嘉義市
國立嘉義大學,資訊工程學系,55,0,20 嘉義市
國立嘉義大學,資訊工程學系,238,13,20 嘉義市
國立高雄大學,資訊管理學系,37,0,50 高雄市
國立高雄大學,資訊管理學系,232,10,50 高雄市
國立高雄大學,資訊工程學系,49,0,50 高雄市
國立高雄大學,資訊工程學系,36,0,50 高雄市
國立高雄大學,資訊工程學系,198,11,50 高雄市
國立東華大學,管理學院會計與資訊管理國際學士班,20,0,15 花蓮縣
國立東華大學,資訊工程學系,13,0,15 花蓮縣
國立東華大學,資訊工程學系,129,0,15 花蓮縣
國立東華大學,資訊工程學系,8,0,15 花蓮縣
國立東華大學,資訊工程學系,536,22,15 花蓮縣
國立東華大學,資訊管理學系,29,0,15 花蓮縣
國立東華大學,資訊管理學系,248,13,15 花蓮縣
國立暨南國際大學,資訊管理學系,41,0,08 南投縣
國立暨南國際大學,資訊管理學系,280,12,08 南投縣
國立暨南國際大學,資訊工程學系,11,0,08 南投縣
國立暨南國際大學,資訊工程學系,97,0,08 南投縣
國立暨南國際大學,資訊工程學系,258,16,08 南投縣
國立臺灣科技大學,資訊管理系博士班,47,0,30 臺北市
國立臺灣科技大學,資訊管理系碩士班,166,0,30 臺北市
國立臺灣科技大學,資訊管理系碩士在職專班,78,0,30 臺北市
國立臺灣科技大學,資訊管理系,232,15,30 臺北市
國立臺灣科技大學,資訊管理系_香港二技專班,0,0,30 臺北市
國立臺灣科技大學,資訊工程系博士班,49,0,30 臺北市
國立臺灣科技大學,資訊工程系碩士班,371,0,30 臺北市
國立臺灣科技大學,資訊工程系,408,26,30 臺北市
國立臺灣科技大學,資訊工程系,1,0,30 臺北市
國立雲林科技大學,資訊管理系博士班,19,0,09 雲林縣
國立雲林科技大學,資訊管理系碩士班,110,0,09 雲林縣
國立雲林科技大學,資訊管理系碩士在職專班,47,1,09 雲林縣
國立雲林科技大學,資訊管理系,356,21,09 雲林縣
國立雲林科技大學,資訊管理系,123,0,09 雲林縣
國立雲林科技大學,資訊科技服務管理數位學習碩士在職專班,71,0,09 雲林縣
國立雲林科技大學,資訊工程系碩士班,149,0,09 雲林縣
國立雲林科技大學,資訊工程系,289,14,09 雲林縣
國立屏東科技大學,資訊管理系碩士班,53,0,13 屏東縣
國立屏東科技大學,資訊管理系碩士在職專班,18,0,13 屏東縣
國立屏東科技大學,資訊管理系,230,14,13 屏東縣
國立臺北科技大學,資訊與財金管理系碩士班,100,0,30 臺北市
國立臺北科技大學,管理學院資訊與財金管理EMBA專班,121,0,30 臺北市
國立臺北科技大學,資訊與財金管理系,273,13,30 臺北市
國立臺北科技大學,資訊與財金管理系,173,0,30 臺北市
國立臺北科技大學,資訊與財金管理系_香港二技專班,2,0,30 臺北市
國立臺北科技大學,資訊工程系博士班,17,0,30 臺北市
國立臺北科技大學,資訊工程系碩士班,172,0,30 臺北市
國立臺北科技大學,資訊工程系,270,17,30 臺北市
國立臺北科技大學,資訊工程系,3,0,30 臺北市
國立臺北科技大學,資訊安全學位學程,7,0,30 臺北市
國立臺北科技大學,資訊安全學位學程,53,0,30 臺北市
國立臺東大學,資訊管理學系產業管理與數位行銷進修學士班,77,0,14 臺東縣
國立臺東大學,資訊管理學系,18,0,14 臺東縣
國立臺東大學,資訊管理學系環境經濟資訊管理碩士在職專班(暑期班),30,0,14 臺東縣
國立臺東大學,資訊管理學系,189,11,14 臺東縣
國立臺東大學,資訊工程學系,13,0,14 臺東縣
國立臺東大學,資訊工程學系,19,0,14 臺東縣
國立臺東大學,資訊工程學系,385,13,14 臺東縣
國立臺東大學,綠色與資訊科技學士學位學程,118,5,14 臺東縣
國立臺東大學,綠能與資訊科技碩士學位學程,6,0,14 臺東縣
國立宜蘭大學,資訊工程學系,37,0,02 宜蘭縣
國立宜蘭大學,資訊工程學系,209,9,02 宜蘭縣
國立宜蘭大學,電機資訊學院碩士在職專班,32,2,02 宜蘭縣
國立聯合大學,資訊管理學系,23,0,05 苗栗縣
國立聯合大學,資訊管理學系,368,13,05 苗栗縣
國立聯合大學,資訊工程學系,12,0,05 苗栗縣
國立聯合大學,資訊工程學系,191,9,05 苗栗縣
國立聯合大學,資訊工程學系,124,0,05 苗栗縣
國立虎尾科技大學,資訊管理系碩士班,64,0,09 雲林縣
國立虎尾科技大學,資訊管理系碩士在職專班,17,0,09 雲林縣
國立虎尾科技大學,資訊管理系,270,13,09 雲林縣
國立虎尾科技大學,資訊管理系,184,0,09 雲林縣
國立虎尾科技大學,資訊工程系碩士班,79,0,09 雲林縣
國立虎尾科技大學,資訊工程系,460,19,09 雲林縣
國立虎尾科技大學,資訊工程科,164,0,09 雲林縣
國立虎尾科技大學,電機資訊學院,0,2,09 雲林縣
國立臺南大學,資訊工程學系,43,0,21 臺南市
國立臺南大學,資訊工程學系,178,9,21 臺南市
國立臺北教育大學,數學暨資訊教育學系數學教育碩士班,32,0,30 臺北市
國立臺北教育大學,數學暨資訊教育學系數學教育碩士在職專班,68,0,30 臺北市
國立臺北教育大學,數學暨資訊教育學系,242,13,30 臺北市
國立臺北教育大學,資訊科學系,44,0,30 臺北市
國立臺北教育大學,資訊科學系,58,0,30 臺北市
國立臺北教育大學,資訊科學系,171,11,30 臺北市
國立臺中教育大學,教育資訊與測驗統計研究所,37,0,19 臺中市
國立臺中教育大學,教育資訊與測驗統計研究所,46,9,19 臺中市
國立臺中教育大學,教育資訊與測驗統計研究所,31,0,19 臺中市
國立臺中教育大學,資訊工程學系,46,0,19 臺中市
國立臺中教育大學,資訊工程學系,202,10,19 臺中市
國立澎湖科技大學,資訊管理系,172,10,16 澎湖縣
國立澎湖科技大學,資訊管理系,97,0,16 澎湖縣
國立澎湖科技大學,資訊工程系,220,7,16 澎湖縣
國立勤益科技大學,資訊管理系碩士班,67,0,06 臺中市
國立勤益科技大學,資訊管理系研發科技與資訊管理碩士在職專班,20,0,06 臺中市
國立勤益科技大學,資訊管理系,410,18,06 臺中市
國立勤益科技大學,資訊管理系,265,0,06 臺中市
國立勤益科技大學,資訊管理系,28,0,06 臺中市
國立勤益科技大學,資訊工程系碩士班,86,0,06 臺中市
國立勤益科技大學,資訊工程系碩士在職專班,24,0,06 臺中市
國立勤益科技大學,資訊工程系,616,19,06 臺中市
國立勤益科技大學,資訊工程系,202,0,06 臺中市
國立勤益科技大學,智慧製造與資訊應用國際碩士學位學程,11,2,06 臺中市
國立臺北護理健康大學,資訊管理系碩士班,35,0,30 臺北市
國立臺北護理健康大學,資訊管理系,354,8,30 臺北市
國立金門大學,資訊工程學系,8,0,71 金門縣
國立金門大學,資訊工程學系,217,7,71 金門縣
國立金門大學,理工學院資訊科技與應用碩士班,5,1,71 金門縣
國立金門大學,理工學院資訊科技與應用碩士在職專班,6,0,71 金門縣
國立臺灣體育運動大學,運動資訊與傳播學系,5,0,19 臺中市
國立臺灣體育運動大學,運動資訊與傳播學系,199,9,19 臺中市
國立臺中科技大學,語文學院_應用資訊日語技優領航專班,45,0,19 臺中市
國立臺中科技大學,會計資訊系碩士班,24,0,19 臺中市
國立臺中科技大學,會計資訊系碩士在職專班,20,0,19 臺中市
國立臺中科技大學,會計資訊系,347,25,19 臺中市
國立臺中科技大學,會計資訊系,183,1,19 臺中市
國立臺中科技大學,會計資訊系,81,0,19 臺中市
國立臺中科技大學,會計資訊系,58,0,19 臺中市
國立臺中科技大學,會計資訊科,392,0,19 臺中市
國立臺中科技大學,資訊管理系碩士班,41,0,19 臺中市
國立臺中科技大學,資訊管理系碩士在職專班,33,0,19 臺中市
國立臺中科技大學,資訊管理系,249,27,19 臺中市
國立臺中科技大學,資訊管理系,159,0,19 臺中市
國立臺中科技大學,資訊管理系,149,0,19 臺中市
國立臺中科技大學,資訊管理系,60,0,19 臺中市
國立臺中科技大學,資訊管理科,74,0,19 臺中市
國立臺中科技大學,資訊管理科,440,0,19 臺中市
國立臺中科技大學,資訊與流通學院智慧工程博士班,5,0,19 臺中市
國立臺中科技大學,資訊工程系碩士班,50,0,19 臺中市
國立臺中科技大學,資訊工程系碩士在職專班,31,0,19 臺中市
國立臺中科技大學,資訊工程系,377,27,19 臺中市
國立臺中科技大學,資訊工程系,162,0,19 臺中市
國立臺中科技大學,資訊工程系,55,0,19 臺中市
國立臺中科技大學,資訊工程科,465,0,19 臺中市
國立臺北商業大學,會計資訊系碩士班,35,0,30 臺北市
國立臺北商業大學,會計資訊系,347,16,30 臺北市
國立臺北商業大學,會計資訊系,124,0,30 臺北市
國立臺北商業大學,會計資訊系,61,0,30 臺北市
國立臺北商業大學,會計資訊系,61,0,30 臺北市
國立臺北商業大學,資訊管理系人工智慧與商業應用碩士班,21,0,30 臺北市
國立臺北商業大學,資訊管理系,235,20,30 臺北市
國立臺北商業大學,資訊管理系,142,0,30 臺北市
國立臺北商業大學,資訊管理系,73,0,30 臺北市
國立臺北商業大學,資訊管理系,122,0,30 臺北市
國立臺北商業大學,資訊管理科,244,0,30 臺北市
國立臺北商業大學,資訊與決策科學研究所,33,7,30 臺北市
國立臺北商業大學,資訊與決策科學研究所,10,0,30 臺北市
國立屏東大學,資訊管理學系,21,0,13 屏東縣
國立屏東大學,資訊管理學系,236,10,13 屏東縣
國立屏東大學,資訊管理學系,116,0,13 屏東縣
國立屏東大學,國際資訊科技與應用碩士學位學程,5,2,13 屏東縣
國立屏東大學,電腦科學與人工智慧學系資訊系統與數位科技應用碩士在職專班,19,0,13 屏東縣
國立屏東大學,資訊工程學系,40,0,13 屏東縣
國立屏東大學,資訊工程學系,322,10,13 屏東縣
國立高雄科技大學,會計資訊系碩士班,38,0,50 高雄市
國立高雄科技大學,會計資訊系碩士在職專班,26,0,50 高雄市
國立高雄科技大學,會計資訊系,434,14,50 高雄市
國立高雄科技大學,會計資訊系,138,0,50 高雄市
國立高雄科技大學,會計資訊系,15,0,50 高雄市
國立高雄科技大學,金融資訊系碩士班,33,0,50 高雄市
國立高雄科技大學,金融資訊系碩士在職專班,53,0,50 高雄市
國立高雄科技大學,金融資訊系,203,12,50 高雄市
國立高雄科技大學,金融資訊系,199,0,50 高雄市
國立高雄科技大學,金融資訊系,0,0,50 高雄市
國立高雄科技大學,資訊財務碩士學位學程,1,0,50 高雄市
國立高雄科技大學,海事資訊科技系碩士班,16,0,50 高雄市
國立高雄科技大學,海事資訊科技系,186,10,50 高雄市
國立高雄科技大學,資訊工程系,296,11,50 高雄市
國立高雄科技大學,商務資訊應用系碩士班,9,0,50 高雄市
國立高雄科技大學,商務資訊應用系,413,11,50 高雄市
國立高雄科技大學,資訊管理系碩士班,95,0,50 高雄市
國立高雄科技大學,資訊管理系碩士在職專班,54,0,50 高雄市
國立高雄科技大學,資訊管理系,444,20,50 高雄市
國立高雄科技大學,資訊管理系,1,0,50 高雄市
國立高雄科技大學,資訊工程系碩士班,58,0,50 高雄市
國立高雄科技大學,資訊工程系碩士在職專班,40,0,50 高雄市
國立高雄科技大學,電機與資訊學院_智慧系統技優專班,42,1,50 高雄市
國立高雄科技大學,海事資訊科技系碩士在職專班,3,0,50 高雄市
國立臺東專科學校,資訊管理科,43,5,14 臺東縣
東海大學,工業工程與經營資訊學系高階醫務工程與管理碩士在職專班,40,0,19 臺中市
東海大學,資訊工程學系,63,0,19 臺中市
東海大學,資訊工程學系,16,0,19 臺中市
東海大學,資訊工程學系,614,19,19 臺中市
東海大學,資訊工程學系,7,0,19 臺中市
東海大學,資訊管理學系,37,0,19 臺中市
東海大學,資訊管理學系,278,9,19 臺中市
東海大學,工業工程與經營資訊學系,29,0,19 臺中市
東海大學,工業工程與經營資訊學系,61,0,19 臺中市
東海大學,工業工程與經營資訊學系,383,14,19 臺中市
輔仁大學,圖書資訊學系,20,0,01 新北市
輔仁大學,圖書資訊學系,245,10,01 新北市
輔仁大學,圖書資訊學系,6,0,01 新北市
輔仁大學,統計資訊學系應用統計碩士班,39,0,01 新北市
輔仁大學,統計資訊學系應用統計碩士在職專班,54,0,01 新北市
輔仁大學,統計資訊學系,456,14,01 新北市
輔仁大學,資訊工程學系,45,0,01 新北市
輔仁大學,資訊工程學系,27,0,01 新北市
輔仁大學,資訊工程學系,535,15,01 新北市
輔仁大學,資訊管理學系,42,0,01 新北市
輔仁大學,資訊管理學系,49,0,01 新北市
輔仁大學,資訊管理學系,480,14,01 新北市
輔仁大學,人工智慧與資訊安全學士學位學程,94,2,01 新北市
輔仁大學,醫學資訊與健康科技進修學士學位學程,43,0,01 新北市
輔仁大學,資訊創新與數位生活進修學士學位學程,106,1,01 新北市
輔仁大學,醫學資訊與創新應用學士學位學程,164,2,01 新北市
東吳大學,資訊管理學系,37,0,30 臺北市
東吳大學,資訊管理學系,47,0,30 臺北市
東吳大學,資訊管理學系,547,16,30 臺北市
中原大學,中原大學美國威大密爾瓦基分校電機與資訊工程雙學士學位學程,48,0,03 桃園市
中原大學,資訊管理學系,56,0,03 桃園市
中原大學,資訊管理學系,75,1,03 桃園市
中原大學,資訊管理學系,510,15,03 桃園市
中原大學,資訊工程學系,78,0,03 桃園市
中原大學,資訊工程學系,21,0,03 桃園市
中原大學,資訊工程學系,510,16,03 桃園市
中原大學,電機資訊學院智慧運算與大數據學士班,112,4,03 桃園市
中原大學,電機資訊學院學士班,186,4,03 桃園市
淡江大學,資訊傳播學系,403,8,01 新北市
淡江大學,資訊與圖書館學系,24,0,01 新北市
淡江大學,資訊與圖書館學系數位學習碩士在職專班,10,0,01 新北市
淡江大學,資訊與圖書館學系,414,10,01 新北市
淡江大學,資訊工程學系,20,0,01 新北市
淡江大學,資訊工程學系,106,0,01 新北市
淡江大學,資訊工程學系,20,0,01 新北市
淡江大學,資訊工程學系,1111,32,01 新北市
淡江大學,資訊工程學系,135,0,01 新北市
淡江大學,資訊管理學系,40,0,01 新北市
淡江大學,資訊管理學系,19,0,01 新北市
淡江大學,資訊管理學系,758,18,01 新北市
中國文化大學,資訊傳播學系,28,0,30 臺北市
中國文化大學,資訊傳播學系,391,10,30 臺北市
中國文化大學,資訊管理學系,43,0,30 臺北市
中國文化大學,資訊工程學系,12,0,30 臺北市
中國文化大學,資訊工程學系,433,9,30 臺北市
中國文化大學,資訊管理學系,496,13,30 臺北市
中國文化大學,資訊管理學系,23,0,30 臺北市
中國文化大學,資訊管理學系,31,0,30 臺北市
中國文化大學,資訊管理學系,16,0,30 臺北市
逢甲大學,資訊工程學系,27,0,19 臺中市
逢甲大學,資訊工程學系,129,0,19 臺中市
逢甲大學,資訊工程學系,1067,32,19 臺中市
逢甲大學,資訊電機工程碩士在職專班,102,2,19 臺中市
逢甲大學,資訊電機學院學士班,116,2,19 臺中市
逢甲大學,美國普渡大學電機資訊雙學士學位學程,79,0,19 臺中市
逢甲大學,生醫資訊暨生醫工程碩士學位學程,15,2,19 臺中市
逢甲大學,都市計畫與空間資訊學系,36,0,19 臺中市
逢甲大學,都市計畫與空間資訊學系,4,0,19 臺中市
逢甲大學,都市計畫與空間資訊學系,378,11,19 臺中市
靜宜大學,資訊管理學系,16,0,06 臺中市
靜宜大學,資訊管理學系,430,13,06 臺中市
靜宜大學,資訊傳播工程學系,11,0,06 臺中市
靜宜大學,資訊傳播工程學系,426,14,06 臺中市
靜宜大學,資訊學院資訊應用與科技管理碩士在職專班,8,0,06 臺中市
靜宜大學,資訊學院,0,2,06 臺中市
靜宜大學,資訊工程學系,20,0,06 臺中市
靜宜大學,資訊工程學系,527,14,06 臺中市
靜宜大學,國際資訊學士學位學程,25,0,06 臺中市
長庚大學,資訊管理學系,44,0,03 桃園市
長庚大學,資訊管理學系,339,14,03 桃園市
長庚大學,資訊工程學系,11,0,03 桃園市
長庚大學,資訊工程學系,68,0,03 桃園市
長庚大學,資訊工程學系,248,16,03 桃園市
元智大學,生物與醫學資訊碩士學位學程,6,2,03 桃園市
元智大學,資訊管理學系,21,0,03 桃園市
元智大學,資訊管理學系,48,0,03 桃園市
元智大學,資訊管理學系,71,0,03 桃園市
元智大學,資訊管理學系,553,21,03 桃園市
元智大學,資訊工程學系,20,0,03 桃園市
元智大學,資訊工程學系,103,0,03 桃園市
元智大學,資訊工程學系,35,0,03 桃園市
元智大學,資訊工程學系,676,20,03 桃園市
元智大學,資訊學院英語學士班,169,3,03 桃園市
元智大學,資訊傳播學系,19,0,03 桃園市
元智大學,資訊傳播學系,466,12,03 桃園市
中華大學,生物資訊學系,0,1,18 新竹市
中華大學,生物資訊學系,3,0,18 新竹市
中華大學,中華大學美國舊金山州立大學資訊管理與決策科學學士學位學程,7,2,18 新竹市
中華大學,資訊管理學系,8,0,18 新竹市
中華大學,資訊管理學系,0,0,18 新竹市
中華大學,資訊管理學系,213,7,18 新竹市
中華大學,資訊工程學系,59,0,18 新竹市
中華大學,資訊工程學系,10,0,18 新竹市
中華大學,資訊工程學系,459,13,18 新竹市
大葉大學,會計資訊學系,80,7,07 彰化縣
大葉大學,會計資訊學系,1,0,07 彰化縣
大葉大學,資訊管理學系,7,0,07 彰化縣
大葉大學,資訊管理學系,1,0,07 彰化縣
大葉大學,資訊管理學系,72,9,07 彰化縣
大葉大學,資訊管理學系,1,0,07 彰化縣
大葉大學,資訊工程學系,14,0,07 彰化縣
大葉大學,資訊工程學系,113,9,07 彰化縣
華梵大學,資訊管理學系,0,0,01 新北市
華梵大學,資訊管理學系,2,0,01 新北市
華梵大學,資訊管理學系,0,0,01 新北市
華梵大學,工業工程與經營資訊學系,0,0,01 新北市
華梵大學,工業工程與經營資訊學系,0,0,01 新北市
義守大學,智慧醫療暨生物資訊碩士學位學程,9,1,12 高雄市
義守大學,資訊管理學系,10,0,12 高雄市
義守大學,資訊管理學系,88,0,12 高雄市
義守大學,資訊管理學系,278,12,12 高雄市
義守大學,資訊管理學系,249,0,12 高雄市
義守大學,資訊工程學系,34,0,12 高雄市
義守大學,資訊工程學系,14,0,12 高雄市
義守大學,資訊工程學系,10,0,12 高雄市
義守大學,資訊工程學系,448,13,12 高雄市
世新大學,資訊傳播學系,13,0,30 臺北市
世新大學,資訊傳播學系,21,0,30 臺北市
世新大學,資訊傳播學系,278,9,30 臺北市
世新大學,資訊管理學系,32,0,30 臺北市
世新大學,資訊管理學系,34,0,30 臺北市
世新大學,資訊管理學系,681,22,30 臺北市
銘傳大學,醫療資訊與管理學系健康產業管理碩士班,15,0,30 臺北市
銘傳大學,醫療資訊與管理學系,325,10,30 臺北市
銘傳大學,資訊工程學系,17,0,30 臺北市
銘傳大學,資訊工程學系,476,14,30 臺北市
銘傳大學,資訊管理學系,17,0,30 臺北市
銘傳大學,資訊管理學系,9,0,30 臺北市
銘傳大學,資訊管理學系,612,17,30 臺北市
銘傳大學,資訊傳播工程學系,0,0,30 臺北市
銘傳大學,資訊傳播工程學系,0,0,30 臺北市
銘傳大學,資訊科技應用學士學位學程,6,1,30 臺北市
銘傳大學,資訊科技應用與管理學士學位學程,80,2,30 臺北市
實踐大學,資訊模擬與設計學系,285,7,30 臺北市
實踐大學,資訊科技與管理學系,10,0,30 臺北市
實踐大學,資訊科技與管理學系,0,0,30 臺北市
實踐大學,資訊科技與管理學系,394,9,30 臺北市
實踐大學,資訊管理學系,104,7,30 臺北市
實踐大學,資訊科技與通訊學系,181,7,30 臺北市
朝陽科技大學,資訊與通訊系,361,15,06 臺中市
朝陽科技大學,資訊與通訊系_香港二技專班,1,0,06 臺中市
朝陽科技大學,資訊管理系博士班,18,0,06 臺中市
朝陽科技大學,資訊管理系碩士班,39,0,06 臺中市
朝陽科技大學,資訊管理系碩士在職專班,11,0,06 臺中市
朝陽科技大學,資訊管理系,704,24,06 臺中市
朝陽科技大學,資訊管理系,72,1,06 臺中市
朝陽科技大學,資訊管理系_香港二技專班,1,0,06 臺中市
朝陽科技大學,資訊與通訊系碩士班,50,0,06 臺中市
朝陽科技大學,資訊工程系碩士班,43,0,06 臺中市
朝陽科技大學,資訊工程系碩士在職專班,6,0,06 臺中市
朝陽科技大學,資訊工程系,439,15,06 臺中市
朝陽科技大學,資訊工程系,5,0,06 臺中市
高雄醫學大學,醫務管理暨醫療資訊學系,23,0,50 高雄市
高雄醫學大學,醫務管理暨醫療資訊學系,58,0,50 高雄市
高雄醫學大學,醫務管理暨醫療資訊學系,218,10,50 高雄市
南華大學,科技學院資訊科技進修學士班,99,1,10 嘉義縣
南華大學,資訊管理學系,16,0,10 嘉義縣
南華大學,資訊管理學系,23,0,10 嘉義縣
南華大學,資訊管理學系,169,9,10 嘉義縣
南華大學,資訊工程學系,319,9,10 嘉義縣
真理大學,宗教文化與資訊管理學系,12,0,01 新北市
真理大學,宗教文化與資訊管理學系,3,0,01 新北市
真理大學,宗教文化與資訊管理學系,99,9,01 新北市
真理大學,人文與資訊學系,89,8,01 新北市
真理大學,運動資訊傳播學系,188,7,01 新北市
真理大學,會計資訊學系,104,8,01 新北市
真理大學,工業管理與經營資訊學系,102,7,01 新北市
真理大學,統計資訊與精算學系,11,0,01 新北市
真理大學,統計資訊與精算學系,90,9,01 新北市
真理大學,資訊工程學系,8,0,01 新北市
真理大學,資訊工程學系,182,9,01 新北市
真理大學,資訊管理學系,127,7,01 新北市
大同大學,資訊經營學系,8,0,30 臺北市
大同大學,資訊經營學系,17,0,30 臺北市
大同大學,資訊經營學系,192,8,30 臺北市
大同大學,資訊工程學系,13,0,30 臺北市
大同大學,資訊工程學系,35,0,30 臺北市
大同大學,資訊工程學系,42,0,30 臺北市
大同大學,資訊工程學系,500,18,30 臺北市
南臺科技大學,資訊傳播系碩士班,15,0,11 臺南市
南臺科技大學,資訊傳播系,401,11,11 臺南市
南臺科技大學,資訊傳播系,54,0,11 臺南市
南臺科技大學,資訊傳播系_香港二技專班,0,0,11 臺南市
南臺科技大學,會計資訊系,92,3,11 臺南市
南臺科技大學,工業管理與資訊系工業管理碩士在職專班,15,0,11 臺南市
南臺科技大學,工業管理與資訊系,466,17,11 臺南市
南臺科技大學,資訊管理系碩士班,33,0,11 臺南市
南臺科技大學,資訊管理系碩士在職專班,21,0,11 臺南市
南臺科技大學,資訊管理系,595,20,11 臺南市
南臺科技大學,資訊管理系,129,0,11 臺南市
南臺科技大學,資訊工程系碩士班,34,0,11 臺南市
南臺科技大學,資訊工程系,607,21,11 臺南市
南臺科技大學,資訊工程科,192,0,11 臺南市
南臺科技大學,資訊管理系大數據分析碩士在職專班,16,0,11 臺南市
崑山科技大學,會計資訊系,0,0,11 臺南市
崑山科技大學,資訊傳播系,115,7,11 臺南市
崑山科技大學,資訊傳播系,1,0,11 臺南市
崑山科技大學,資訊管理系碩士班,25,0,11 臺南市
崑山科技大學,資訊管理系碩士在職專班,47,0,11 臺南市
崑山科技大學,資訊管理系,222,9,11 臺南市
崑山科技大學,資訊管理系,68,0,11 臺南市
崑山科技大學,資訊管理系,34,0,11 臺南市
崑山科技大學,資訊管理系_電子商務,12,0,11 臺南市
崑山科技大學,資訊工程系碩士班,15,0,11 臺南市
崑山科技大學,資訊工程系碩士在職專班,1,0,11 臺南市
崑山科技大學,資訊工程系,282,8,11 臺南市
崑山科技大學,資訊工程系,55,0,11 臺南市
崑山科技大學,資訊工程系_自動化與物聯網國際學生產學合作專班,15,0,11 臺南市
嘉南藥理大學,資訊管理系,356,11,11 臺南市
嘉南藥理大學,資訊管理系,92,2,11 臺南市
嘉南藥理大學,應用空間資訊系,30,2,11 臺南市
嘉南藥理大學,空間與環境資訊科,7,4,11 臺南市
樹德科技大學,資訊管理系碩士班,15,0,12 高雄市
樹德科技大學,資訊管理系碩士在職專班,22,0,12 高雄市
樹德科技大學,資訊管理系,170,10,12 高雄市
樹德科技大學,資訊管理系,44,0,12 高雄市
樹德科技大學,資訊工程系碩士班,19,0,12 高雄市
樹德科技大學,資訊工程系資訊技術與管理數位學習碩士在職專班,8,0,12 高雄市
樹德科技大學,資訊工程系,192,9,12 高雄市
樹德科技大學,資訊工程系,100,0,12 高雄市
慈濟大學,醫學資訊學系,28,0,15 花蓮縣
慈濟大學,醫學資訊學系,117,10,15 花蓮縣
臺北醫學大學,醫學資訊研究所,30,0,30 臺北市
臺北醫學大學,醫學資訊研究所,24,12,30 臺北市
臺北醫學大學,醫學資訊研究所,23,0,30 臺北市
中山醫學大學,醫學資訊學系,7,0,19 臺中市
中山醫學大學,醫學資訊學系,168,11,19 臺中市
龍華科技大學,資訊管理系碩士班,22,0,03 桃園市
龍華科技大學,資訊管理系碩士在職專班,19,0,03 桃園市
龍華科技大學,資訊管理系,384,15,03 桃園市
龍華科技大學,資訊管理系,137,0,03 桃園市
龍華科技大學,資訊網路工程系碩士班,30,0,03 桃園市
龍華科技大學,資訊網路工程系,666,19,03 桃園市
龍華科技大學,資訊網路工程系,145,0,03 桃園市
輔英科技大學,資訊科技與管理系,177,11,12 高雄市
輔英科技大學,資訊科技與管理系,54,0,12 高雄市
明新科技大學,資訊管理系碩士班,18,0,04 新竹縣
明新科技大學,資訊管理系,361,14,04 新竹縣
明新科技大學,資訊管理系,124,1,04 新竹縣
明新科技大學,資訊管理系,107,0,04 新竹縣
明新科技大學,資訊管理科,115,0,04 新竹縣
明新科技大學,資訊工程系,347,12,04 新竹縣
明新科技大學,資訊工程系,116,0,04 新竹縣
長榮大學,會計資訊學系,126,6,11 臺南市
長榮大學,資訊暨設計碩士學位學程,9,1,11 臺南市
長榮大學,資訊暨設計學院學士班,9,1,11 臺南市
長榮大學,資訊管理學系,87,7,11 臺南市
長榮大學,資訊工程學系,201,7,11 臺南市
健行科技大學,資訊管理系,388,16,03 桃園市
健行科技大學,資訊管理系,119,0,03 桃園市
健行科技大學,資訊管理系,6,0,03 桃園市
健行科技大學,資訊管理系,59,0,03 桃園市
健行科技大學,資訊管理系碩士班,25,0,03 桃園市
健行科技大學,資訊工程系碩士班,27,0,03 桃園市
健行科技大學,資訊工程系,471,19,03 桃園市
健行科技大學,資訊工程系,127,0,03 桃園市
健行科技大學,土木工程系空間資訊與防災科技碩士班,25,0,03 桃園市
健行科技大學,應用空間資訊系,92,7,03 桃園市
正修科技大學,資訊管理系碩士班,21,0,12 高雄市
正修科技大學,資訊管理系碩士在職專班,22,0,12 高雄市
正修科技大學,資訊管理系,269,14,12 高雄市
正修科技大學,資訊管理系,127,0,12 高雄市
正修科技大學,資訊管理系,178,0,12 高雄市
正修科技大學,資訊管理科,0,0,12 高雄市
正修科技大學,資訊管理科,3,0,12 高雄市
正修科技大學,資訊工程系碩士班,14,0,12 高雄市
正修科技大學,資訊工程系,462,19,12 高雄市
正修科技大學,資訊工程系,130,0,12 高雄市
正修科技大學,土木與空間資訊系營建工程碩士班,21,0,12 高雄市
正修科技大學,土木與空間資訊系,480,20,12 高雄市
正修科技大學,土木與空間資訊系,216,0,12 高雄市
萬能科技大學,資訊管理系碩士班,16,0,03 桃園市
萬能科技大學,資訊管理系碩士在職專班,27,0,03 桃園市
萬能科技大學,資訊管理系,172,8,03 桃園市
萬能科技大學,資訊管理系,73,0,03 桃園市
萬能科技大學,資訊工程系,272,14,03 桃園市
萬能科技大學,資訊工程系,73,0,03 桃園市
萬能科技大學,資訊工程系,1,0,03 桃園市
玄奘大學,資訊管理學系,0,0,18 新竹市
建國科技大學,資訊管理系,67,5,07 彰化縣
建國科技大學,資訊管理系,31,0,07 彰化縣
建國科技大學,資訊與網路通訊系,0,1,07 彰化縣
建國科技大學,資訊與網路通訊系,4,0,07 彰化縣
建國科技大學,資訊與網路通訊系,8,0,07 彰化縣
高苑科技大學,資訊傳播與行銷系,48,8,12 高雄市
高苑科技大學,資訊傳播與行銷系,27,0,12 高雄市
高苑科技大學,資訊傳播與行銷系,19,0,12 高雄市
高苑科技大學,資訊管理系,0,0,12 高雄市
高苑科技大學,資訊管理系,0,0,12 高雄市
高苑科技大學,資訊科技應用系碩士班,11,0,12 高雄市
高苑科技大學,資訊科技應用系碩士在職專班,3,0,12 高雄市
高苑科技大學,資訊科技應用系,16,1,12 高雄市
大仁科技大學,資訊工程與娛樂科技系,0,4,13 屏東縣
大仁科技大學,資訊工程與娛樂科技系,2,0,13 屏東縣
聖約翰科技大學,資訊工程系碩士班,7,0,01 新北市
聖約翰科技大學,資訊工程系,22,4,01 新北市
聖約翰科技大學,資訊工程系,20,1,01 新北市
聖約翰科技大學,資訊管理系,2,0,01 新北市
聖約翰科技大學,電子資訊科,14,3,01 新北市
嶺東科技大學,會計資訊系碩士班,8,0,19 臺中市
嶺東科技大學,會計資訊系,89,9,19 臺中市
嶺東科技大學,資訊管理系,298,10,19 臺中市
嶺東科技大學,資訊科技系碩士班,31,0,19 臺中市
嶺東科技大學,資訊科技系,504,20,19 臺中市
嶺東科技大學,資訊科技系,310,0,19 臺中市
嶺東科技大學,資訊管理系碩士班,11,0,19 臺中市
嶺東科技大學,資訊管理系,145,0,19 臺中市
中國科技大學,資訊管理系,205,10,30 臺北市
中國科技大學,資訊管理系,34,1,30 臺北市
中國科技大學,資訊管理系,63,0,30 臺北市
中國科技大學,資訊管理科,43,0,30 臺北市
中國科技大學,資訊工程系資訊科技應用碩士在職專班,21,0,30 臺北市
中國科技大學,資訊工程系,188,8,30 臺北市
中國科技大學,資訊工程系_香港二技專班,0,0,30 臺北市
中國科技大學,資訊工程系,61,1,30 臺北市
中國科技大學,資訊工程科,14,0,30 臺北市
中臺科技大學,資訊管理系,157,8,19 臺中市
中臺科技大學,資訊管理系,30,0,19 臺中市
亞洲大學,資訊傳播學系,18,0,06 臺中市
亞洲大學,資訊傳播學系,349,10,06 臺中市
亞洲大學,會計與資訊學系,22,0,06 臺中市
亞洲大學,會計與資訊學系,227,9,06 臺中市
亞洲大學,資訊工程學系,16,0,06 臺中市
亞洲大學,資訊工程學系,53,0,06 臺中市
亞洲大學,資訊工程學系,20,1,06 臺中市
亞洲大學,資訊工程學系,489,22,06 臺中市
亞洲大學,生物資訊與醫學工程學系,19,0,06 臺中市
亞洲大學,生物資訊與醫學工程學系,13,0,06 臺中市
亞洲大學,生物資訊與醫學工程學系,34,0,06 臺中市
亞洲大學,生物資訊與醫學工程學系,211,14,06 臺中市
開南大學,資訊傳播學系,120,8,03 桃園市
開南大學,資訊管理學系,17,0,03 桃園市
開南大學,資訊管理學系,126,10,03 桃園市
開南大學,資訊管理學系,44,0,03 桃園市
開南大學,資訊學院碩士在職專班,37,2,03 桃園市
佛光大學,資訊應用學系,9,0,02 宜蘭縣
佛光大學,資訊應用學系,6,0,02 宜蘭縣
佛光大學,資訊應用學系,203,10,02 宜蘭縣
台南應用科技大學,會計資訊系,0,0,11 臺南市
台南應用科技大學,資訊管理系,176,9,11 臺南市
台南應用科技大學,資訊管理系,48,0,11 臺南市
台南應用科技大學,資訊管理系,2,0,11 臺南市
遠東科技大學,資訊工程系,108,7,11 臺南市
元培醫事科技大學,資訊管理系,137,10,18 新竹市
元培醫事科技大學,資訊管理系,112,0,18 新竹市
元培醫事科技大學,資訊管理系數位創新管理碩士班,31,0,18 新竹市
景文科技大學,資訊與通訊系碩士班,1,0,01 新北市
景文科技大學,資訊與通訊系碩士在職專班,32,0,01 新北市
景文科技大學,資訊與通訊系,171,10,01 新北市
景文科技大學,資訊與通訊系,10,0,01 新北市
景文科技大學,資訊工程系,48,5,01 新北市
中華醫事科技大學,數位設計與資訊管理系,0,0,11 臺南市
東南科技大學,資訊科技系,0,1,01 新北市
東南科技大學,資訊科技系,6,0,01 新北市
德明財經科技大學,會計資訊系,261,10,30 臺北市
德明財經科技大學,資訊科技系,281,9,30 臺北市
德明財經科技大學,資訊管理系,1,0,30 臺北市
德明財經科技大學,資訊管理系,417,15,30 臺北市
明道大學,資訊傳播學系,0,0,07 彰化縣
南開科技大學,電機與資訊技術系,132,10,08 南投縣
南開科技大學,電機與資訊技術系,84,0,08 南投縣
南開科技大學,電機與資訊技術系,26,0,08 南投縣
南開科技大學,電機與資訊技術科,146,0,08 南投縣
中華科技大學,企業資訊與管理系經營管理碩士班,51,0,30 臺北市
中華科技大學,企業資訊與管理系,51,11,30 臺北市
中華科技大學,企業資訊與管理系,41,0,30 臺北市
中華科技大學,企業資訊與管理系,93,0,30 臺北市
中華科技大學,資訊管理系,17,0,30 臺北市
中華科技大學,資訊管理系,11,0,30 臺北市
中華科技大學,電機與資訊工程系碩士班,22,0,30 臺北市
中華科技大學,電機與資訊工程系,105,10,30 臺北市
中華科技大學,電機與資訊工程系,62,0,30 臺北市
中華科技大學,電機與資訊工程系,99,0,30 臺北市
中華科技大學,電機與資訊工程科,19,0,30 臺北市
僑光科技大學,資訊科技系碩士班,20,0,19 臺中市
僑光科技大學,資訊科技系,427,16,19 臺中市
僑光科技大學,資訊科技系,295,1,19 臺中市
育達科技大學,資訊管理系碩士班,39,7,05 苗栗縣
育達科技大學,資訊管理系碩士在職專班,56,0,05 苗栗縣
育達科技大學,資訊管理系,2,0,05 苗栗縣
育達科技大學,資訊管理系,206,2,05 苗栗縣
育達科技大學,資訊管理系,199,0,05 苗栗縣
美和科技大學,資訊管理科,1,0,13 屏東縣
美和科技大學,資訊管理系,0,0,13 屏東縣
美和科技大學,資訊管理系_現役軍人營區在職專班,0,0,13 屏東縣
美和科技大學,資訊科技系,93,8,13 屏東縣
美和科技大學,資訊科技系,17,0,13 屏東縣
環球科技大學,資訊與電子商務管理系,72,5,09 雲林縣
環球科技大學,資訊與電子商務管理系,18,1,09 雲林縣
台灣首府大學,休閒資訊管理學系,0,0,
台灣首府大學,休閒資訊管理學系,0,0,
台灣首府大學,資訊與多媒體設計學系,0,0,
修平科技大學,資訊網路技術系,42,2,06 臺中市
修平科技大學,資訊管理系,137,9,06 臺中市
修平科技大學,資訊管理系,48,0,06 臺中市
修平科技大學,資訊管理系,69,0,06 臺中市
臺北城市科技大學,資訊工程系,294,14,30 臺北市
臺北城市科技大學,資訊工程系_海外青年技術訓練班,19,0,30 臺北市
臺北城市科技大學,資訊工程科,137,0,30 臺北市
敏實科技大學,資訊管理科,10,1,04 新竹縣
醒吾科技大學,資訊管理系,96,2,01 新北市
醒吾科技大學,資訊管理系,2,0,01 新北市
醒吾科技大學,資訊科技應用系碩士班,3,0,01 新北市
醒吾科技大學,資訊科技應用系碩士在職專班,17,0,01 新北市
醒吾科技大學,資訊科技應用系,356,12,01 新北市
華夏科技大學,資訊管理系碩士在職專班,18,0,01 新北市
華夏科技大學,資訊管理系,53,5,01 新北市
華夏科技大學,資訊管理系,22,1,01 新北市
華夏科技大學,資訊管理系,14,0,01 新北市
華夏科技大學,資訊管理系,37,0,01 新北市
華夏科技大學,資訊管理科,0,0,01 新北市
華夏科技大學,資訊管理科,104,0,01 新北市
華夏科技大學,資訊工程系,56,7,01 新北市
華夏科技大學,資訊工程系,29,0,01 新北市
華夏科技大學,資訊工程系,12,0,01 新北市
慈濟科技大學,資訊科技與管理系碩士班,14,0,15 花蓮縣
慈濟科技大學,資訊科技與管理系,162,10,15 花蓮縣
致理科技大學,會計資訊系,592,19,01 新北市
致理科技大學,會計資訊系,123,1,01 新北市
致理科技大學,會計資訊科,224,0,01 新北市
致理科技大學,資訊管理系,211,0,01 新北市
致理科技大學,資訊管理系,731,21,01 新北市
康寧大學,資訊傳播學系,0,0,30 臺北市
康寧大學,資訊管理科,331,9,30 臺北市
宏國德霖科技大學,資訊工程系,163,14,01 新北市
宏國德霖科技大學,資訊工程系,32,0,01 新北市
宏國德霖科技大學,資訊工程系,48,0,01 新北市
宏國德霖科技大學,資訊工程科,197,0,01 新北市
亞東科技大學,資訊管理系,245,7,01 新北市
和春技術學院,資訊管理系,0,0,
和春技術學院,資訊管理科,0,0,
南亞技術學院,資訊工程系,169,7,03 桃園市
南亞技術學院,資訊工程系,0,0,03 桃園市
黎明技術學院,資訊科技系,1,0,01 新北市
德育護理健康學院,醫護資訊應用系,0,0,17 基隆市
樹人醫護管理專科學校,資訊管理科,226,7,12 高雄市
聖母醫護管理專科學校,資訊管理科,2,0,02 宜蘭縣
聖母醫護管理專科學校,資訊管理科,52,3,02 宜蘭縣
聖母醫護管理專科學校,資訊管理科,1,0,02 宜蘭縣
臺北市立大學,資訊科學系,51,0,30 臺北市
臺北市立大學,資訊科學系,77,0,30 臺北市
臺北市立大學,資訊科學系,195,9,30 臺北市
國立政治大學,圖書資訊與檔案學研究所,13,0,30 臺北市
國立政治大學,圖書資訊與檔案學研究所,69,7,30 臺北市
國立政治大學,圖書資訊與檔案學研究所圖書資訊學數位碩士在職專班,66,0,30 臺北市
國立政治大學,資訊管理學系,35,0,30 臺北市
國立政治大學,資訊管理學系,110,0,30 臺北市
國立政治大學,資訊管理學系,345,18,30 臺北市
國立政治大學,資訊科學系,11,0,30 臺北市
國立政治大學,資訊科學系,143,0,30 臺北市
國立政治大學,資訊科學系,93,1,30 臺北市
國立政治大學,資訊科學系,231,18,30 臺北市
國立政治大學,資訊安全碩士學位學程,24,0,30 臺北市
國立清華大學,生物資訊與結構生物研究所,33,0,18 新竹市
國立清華大學,生物資訊與結構生物研究所,60,9,18 新竹市
國立清華大學,資訊工程學系,76,0,18 新竹市
國立清華大學,資訊工程學系,413,0,18 新竹市
國立清華大學,資訊工程學系,594,36,18 新竹市
國立清華大學,資訊安全研究所,57,0,18 新竹市
國立清華大學,資訊系統與應用研究所,24,0,18 新竹市
國立清華大學,資訊系統與應用研究所,136,0,18 新竹市
國立清華大學,電機資訊學院學士班,326,0,18 新竹市
國立臺灣大學,圖書資訊學系,19,0,30 臺北市
國立臺灣大學,圖書資訊學系,73,0,30 臺北市
國立臺灣大學,圖書資訊學系,218,12,30 臺北市
國立臺灣大學,生物資訊學國際研究生博士學位學程,6,0,30 臺北市
國立臺灣大學,資訊管理學系,21,0,30 臺北市
國立臺灣大學,資訊管理學系,143,0,30 臺北市
國立臺灣大學,資訊管理學系,238,16,30 臺北市
國立臺灣大學,資訊網路與多媒體研究所,44,0,30 臺北市
國立臺灣大學,資訊網路與多媒體研究所,149,8,30 臺北市
國立臺灣大學,資訊工程學系,123,0,30 臺北市
國立臺灣大學,資訊工程學系,438,0,30 臺北市
國立臺灣大學,資訊工程學系,20,0,30 臺北市
國立臺灣大學,資訊工程學系,610,32,30 臺北市
國立臺灣大學,生醫電子與資訊學研究所,63,0,30 臺北市
國立臺灣大學,生醫電子與資訊學研究所,151,6,30 臺北市
國立臺灣大學,電信工程學研究所智慧科技與資訊安全碩士在職專班,19,0,30 臺北市
國立臺灣大學,智慧醫療與健康資訊碩士學位學程,26,0,30 臺北市
國立臺灣師範大學,資訊教育研究所,18,0,30 臺北市
國立臺灣師範大學,資訊教育研究所,54,7,30 臺北市
國立臺灣師範大學,圖書資訊學研究所,8,0,30 臺北市
國立臺灣師範大學,圖書資訊學研究所,43,7,30 臺北市
國立臺灣師範大學,圖書資訊學研究所,95,0,30 臺北市
國立臺灣師範大學,資訊工程學系,14,0,30 臺北市
國立臺灣師範大學,資訊工程學系,211,0,30 臺北市
國立臺灣師範大學,資訊工程學系,256,17,30 臺北市
國立成功大學,工業與資訊管理學系,10,0,21 臺南市
國立成功大學,工業與資訊管理學系,87,0,21 臺南市
國立成功大學,工業與資訊管理學系,112,0,21 臺南市
國立成功大學,工業與資訊管理學系,250,11,21 臺南市
國立成功大學,資訊管理研究所,17,0,21 臺南市
國立成功大學,資訊管理研究所,68,7,21 臺南市
國立成功大學,資訊工程學系,69,0,21 臺南市
國立成功大學,資訊工程學系,354,0,21 臺南市
國立成功大學,資訊工程學系人工智慧與資訊系統碩士在職專班,38,0,21 臺南市
國立成功大學,資訊工程學系,555,32,21 臺南市
國立成功大學,醫學資訊研究所,34,0,21 臺南市
國立成功大學,智慧資訊安全碩士學位學程,18,2,21 臺南市
國立成功大學,製造資訊與系統研究所,30,0,21 臺南市
國立成功大學,製造資訊與系統研究所,76,7,21 臺南市
國立成功大學,測量及空間資訊學系,40,0,21 臺南市
國立成功大學,測量及空間資訊學系,65,0,21 臺南市
國立成功大學,測量及空間資訊學系,207,17,21 臺南市
國立中興大學,圖書資訊學研究所,35,5,19 臺中市
國立中興大學,基因體暨生物資訊學研究所,22,5,19 臺中市
國立中興大學,資訊管理學系,96,0,19 臺中市
國立中興大學,資訊管理學系,77,0,19 臺中市
國立中興大學,資訊管理學系,128,12,19 臺中市
國立中興大學,資料科學與資訊計算研究所,45,7,19 臺中市
國立中興大學,資訊工程學系,27,0,19 臺中市
國立中興大學,資訊工程學系,164,0,19 臺中市
國立中興大學,資訊工程學系,117,0,19 臺中市
國立中興大學,資訊工程學系,148,12,19 臺中市
國立中興大學,電機資訊學院學士班,131,2,19 臺中市
國立陽明交通大學,資訊管理與財務金融學系財務金融博士班,29,0,18 新竹市
國立陽明交通大學,資訊管理與財務金融學系財務金融碩士班,114,0,18 新竹市
國立陽明交通大學,資訊管理與財務金融學系,190,13,18 新竹市
國立陽明交通大學,生物資訊及系統生物研究所,25,0,18 新竹市
國立陽明交通大學,生物資訊及系統生物研究所,51,8,18 新竹市
國立陽明交通大學,生物醫學資訊研究所,29,0,18 新竹市
國立陽明交通大學,生物醫學資訊研究所,70,10,18 新竹市
國立陽明交通大學,網路與資訊系統博士學位學程,1,0,18 新竹市
國立陽明交通大學,資訊管理研究所,23,0,18 新竹市
國立陽明交通大學,資訊管理研究所,83,7,18 新竹市
國立陽明交通大學,資訊工程學系,818,25,18 新竹市
國立陽明交通大學,資訊科學與工程研究所,139,0,18 新竹市
國立陽明交通大學,資訊科學與工程研究所,480,9,18 新竹市
國立陽明交通大學,資訊學院博士班,2,0,18 新竹市
國立陽明交通大學,資訊學院國防資安管理碩士在職專班,63,0,18 新竹市
國立陽明交通大學,資訊學院科技犯罪偵查資通訊碩士在職專班,80,2,18 新竹市
國立陽明交通大學,資訊安全研究所,46,7,18 新竹市
國立陽明交通大學,電機資訊國際博士學位學程,60,0,18 新竹市
國立陽明交通大學,電機資訊國際碩士學位學程,61,4,18 新竹市
國立陽明交通大學,資訊學院碩士在職專班,117,2,18 新竹市
國立中央大學,資訊管理學系,22,0,03 桃園市
國立中央大學,資訊管理學系,146,0,03 桃園市
國立中央大學,資訊管理學系,92,0,03 桃園市
國立中央大學,資訊管理學系,421,21,03 桃園市
國立中央大學,資訊工程學系,68,0,03 桃園市
國立中央大學,資訊工程學系,341,0,03 桃園市
國立中央大學,資訊工程學系,80,0,03 桃園市
國立中央大學,資訊工程學系,429,30,03 桃園市
國立中央大學,資訊電機學院學士班,95,2,03 桃園市
國立中山大學,資訊工程學系,24,0,50 高雄市
國立中山大學,資訊工程學系,312,0,50 高雄市
國立中山大學,資訊工程學系科技犯罪偵查資通訊碩士在職專班,33,0,50 高雄市
國立中山大學,資訊工程學系,299,21,50 高雄市
國立中山大學,資訊管理學系,25,0,50 高雄市
國立中山大學,資訊管理學系,104,0,50 高雄市
國立中山大學,資訊管理學系,106,0,50 高雄市
國立中山大學,資訊管理學系,201,14,50 高雄市
國立臺灣海洋大學,海洋環境資訊系,8,0,17 基隆市
國立臺灣海洋大學,海洋環境資訊系,20,0,17 基隆市
國立臺灣海洋大學,海洋環境資訊系,26,0,17 基隆市
國立臺灣海洋大學,海洋環境資訊系,167,12,17 基隆市
國立臺灣海洋大學,資訊工程學系,8,0,17 基隆市
國立臺灣海洋大學,資訊工程學系,168,0,17 基隆市
國立臺灣海洋大學,資訊工程學系,36,0,17 基隆市
國立臺灣海洋大學,資訊工程學系,497,27,17 基隆市
國立中正大學,會計與資訊科技學系,13,0,10 嘉義縣
國立中正大學,會計與資訊科技學系,66,0,10 嘉義縣
國立中正大學,會計與資訊科技學系,99,0,10 嘉義縣
國立中正大學,會計與資訊科技學系,212,11,10 嘉義縣
國立中正大學,資訊管理學系,13,0,10 嘉義縣
國立中正大學,資訊管理學系,125,0,10 嘉義縣
國立中正大學,資訊管理學系,87,0,10 嘉義縣
國立中正大學,資訊管理學系,189,10,10 嘉義縣
國立中正大學,資訊工程學系,18,0,10 嘉義縣
國立中正大學,資訊工程學系,268,0,10 嘉義縣
國立中正大學,資訊工程學系雲端計算與物聯網數位學習碩士在職專班,85,0,10 嘉義縣
國立中正大學,資訊工程學系,392,31,10 嘉義縣
國立彰化師範大學,統計資訊研究所,18,6,07 彰化縣
國立彰化師範大學,資訊管理學系,88,0,07 彰化縣
國立彰化師範大學,資訊管理學系創新與管理碩士在職專班,42,0,07 彰化縣
國立彰化師範大學,資訊管理學系,213,10,07 彰化縣
國立彰化師範大學,資訊工程學系,84,0,07 彰化縣
國立彰化師範大學,資訊工程學系人工智慧應用服務碩士在職專班,29,0,07 彰化縣
國立彰化師範大學,資訊工程學系,223,12,07 彰化縣
國立臺北大學,資訊工程學系,84,0,01 新北市
國立臺北大學,資訊工程學系,232,12,01 新北市
國立臺北大學,電機資訊學院博士班,15,3,01 新北市
國立臺北大學,資訊管理研究所,39,7,01 新北市
國立嘉義大學,資訊管理學系,36,0,20 嘉義市
國立嘉義大學,資訊管理學系,225,11,20 嘉義市
國立嘉義大學,資訊工程學系,5,0,20 嘉義市
國立嘉義大學,資訊工程學系,62,0,20 嘉義市
國立嘉義大學,資訊工程學系,230,12,20 嘉義市
國立高雄大學,資訊管理學系,38,0,50 高雄市
國立高雄大學,資訊管理學系,253,11,50 高雄市
國立高雄大學,資訊工程學系,48,0,50 高雄市
國立高雄大學,資訊工程學系,40,0,50 高雄市
國立高雄大學,資訊工程學系,193,10,50 高雄市
國立東華大學,管理學院會計與資訊管理國際學士班,37,2,15 花蓮縣
國立東華大學,資訊工程學系,11,0,15 花蓮縣
國立東華大學,資訊工程學系,158,0,15 花蓮縣
國立東華大學,資訊工程學系,2,0,15 花蓮縣
國立東華大學,資訊工程學系,588,22,15 花蓮縣
國立東華大學,資訊管理學系,34,0,15 花蓮縣
國立東華大學,資訊管理學系,266,11,15 花蓮縣
國立暨南國際大學,資訊管理學系,46,0,08 南投縣
國立暨南國際大學,資訊管理學系,294,13,08 南投縣
國立暨南國際大學,資訊工程學系,11,0,08 南投縣
國立暨南國際大學,資訊工程學系,109,0,08 南投縣
國立暨南國際大學,資訊工程學系,273,15,08 南投縣
國立臺灣科技大學,資訊管理系博士班,44,0,30 臺北市
國立臺灣科技大學,資訊管理系,184,0,30 臺北市
國立臺灣科技大學,資訊管理系碩士在職專班,80,1,30 臺北市
國立臺灣科技大學,資訊管理系,240,17,30 臺北市
國立臺灣科技大學,資訊工程系,46,0,30 臺北市
國立臺灣科技大學,資訊工程系,364,0,30 臺北市
國立臺灣科技大學,資訊工程系,389,27,30 臺北市
國立臺灣科技大學,資訊工程系,0,0,30 臺北市
國立雲林科技大學,資訊管理系博士班,19,0,09 雲林縣
國立雲林科技大學,資訊管理系碩士班,98,0,09 雲林縣
國立雲林科技大學,資訊管理系碩士在職專班,36,1,09 雲林縣
國立雲林科技大學,資訊管理系,381,21,09 雲林縣
國立雲林科技大學,資訊管理系,124,0,09 雲林縣
國立雲林科技大學,資訊科技服務管理數位學習碩士在職專班,69,0,09 雲林縣
國立雲林科技大學,資訊工程系碩士班,168,0,09 雲林縣
國立雲林科技大學,資訊工程系,286,15,09 雲林縣
國立屏東科技大學,資訊管理系碩士班,59,0,13 屏東縣
國立屏東科技大學,資訊管理系碩士在職專班,21,0,13 屏東縣
國立屏東科技大學,資訊管理系,228,14,13 屏東縣
國立臺北科技大學,資訊與財金管理系,121,0,30 臺北市
國立臺北科技大學,管理學院資訊與財金管理EMBA專班,105,0,30 臺北市
國立臺北科技大學,資訊與財金管理系,274,15,30 臺北市
國立臺北科技大學,資訊與財金管理系,103,0,30 臺北市
國立臺北科技大學,資訊與財金管理系_香港二技專班,3,0,30 臺北市
國立臺北科技大學,資訊工程系博士班,17,0,30 臺北市
國立臺北科技大學,資訊工程系碩士班,179,0,30 臺北市
國立臺北科技大學,資訊工程系,268,17,30 臺北市
國立臺北科技大學,資訊工程系,0,0,30 臺北市
國立臺北科技大學,資訊安全博士學位學程,9,0,30 臺北市
國立臺北科技大學,資訊安全碩士學位學程,102,2,30 臺北市
國立臺東大學,資訊管理學系產業管理與數位行銷進修學士班,69,0,14 臺東縣
國立臺東大學,資訊管理學系,15,0,14 臺東縣
國立臺東大學,資訊管理學系環境經濟資訊管理碩士在職專班(暑期班),20,0,14 臺東縣
國立臺東大學,資訊管理學系,190,9,14 臺東縣
國立臺東大學,資訊工程學系,15,0,14 臺東縣
國立臺東大學,資訊工程學系,33,0,14 臺東縣
國立臺東大學,資訊工程學系,372,11,14 臺東縣
國立臺東大學,綠色與資訊科技學士學位學程,85,5,14 臺東縣
國立臺東大學,綠能與資訊科技碩士學位學程,11,0,14 臺東縣
國立臺東大學,綠能與資訊科技學系,32,1,14 臺東縣
國立宜蘭大學,資訊工程學系,35,0,02 宜蘭縣
國立宜蘭大學,資訊工程學系,205,9,02 宜蘭縣
國立宜蘭大學,電機資訊學院碩士在職專班,31,2,02 宜蘭縣
國立聯合大學,資訊管理學系,22,0,05 苗栗縣
國立聯合大學,資訊管理學系,343,13,05 苗栗縣
國立聯合大學,資訊工程學系,11,0,05 苗栗縣
國立聯合大學,資訊工程學系,188,10,05 苗栗縣
國立聯合大學,資訊工程學系,97,0,05 苗栗縣
國立聯合大學,電機資訊學院博士班,2,2,05 苗栗縣
國立虎尾科技大學,資訊管理系碩士班,71,0,09 雲林縣
國立虎尾科技大學,資訊管理系碩士在職專班,19,0,09 雲林縣
國立虎尾科技大學,資訊管理系,271,12,09 雲林縣
國立虎尾科技大學,資訊管理系,181,0,09 雲林縣
國立虎尾科技大學,資訊工程系碩士班,96,0,09 雲林縣
國立虎尾科技大學,資訊工程系,443,20,09 雲林縣
國立虎尾科技大學,資訊工程科,202,0,09 雲林縣
國立虎尾科技大學,電機資訊學院,0,1,09 雲林縣
國立臺南大學,資訊工程學系,40,0,21 臺南市
國立臺南大學,資訊工程學系,168,8,21 臺南市
國立臺北教育大學,數學暨資訊教育學系,36,0,30 臺北市
國立臺北教育大學,數學暨資訊教育學系,64,0,30 臺北市
國立臺北教育大學,數學暨資訊教育學系,239,14,30 臺北市
國立臺北教育大學,資訊科學系,48,0,30 臺北市
國立臺北教育大學,資訊科學系,57,0,30 臺北市
國立臺北教育大學,資訊科學系,164,11,30 臺北市
國立臺中教育大學,教育資訊與測驗統計研究所,44,0,19 臺中市
國立臺中教育大學,教育資訊與測驗統計研究所,38,8,19 臺中市
國立臺中教育大學,教育資訊與測驗統計研究所,43,0,19 臺中市
國立臺中教育大學,資訊工程學系,45,0,19 臺中市
國立臺中教育大學,資訊工程學系,201,10,19 臺中市
國立澎湖科技大學,資訊管理系,140,7,16 澎湖縣
國立澎湖科技大學,資訊管理系,77,0,16 澎湖縣
國立澎湖科技大學,資訊工程系,191,7,16 澎湖縣
國立勤益科技大學,資訊管理系,69,0,06 臺中市
國立勤益科技大學,資訊管理系研發科技與資訊管理碩士在職專班,12,0,06 臺中市
國立勤益科技大學,資訊管理系,418,17,06 臺中市
國立勤益科技大學,資訊管理系,262,0,06 臺中市
國立勤益科技大學,資訊管理系,23,0,06 臺中市
國立勤益科技大學,資訊工程系,86,0,06 臺中市
國立勤益科技大學,資訊工程系碩士在職專班,26,0,06 臺中市
國立勤益科技大學,資訊工程系,652,18,06 臺中市
國立勤益科技大學,資訊工程系,202,0,06 臺中市
國立勤益科技大學,智慧製造與資訊應用國際碩士學位學程,14,3,06 臺中市
國立臺北護理健康大學,資訊管理系碩士班,36,0,30 臺北市
國立臺北護理健康大學,資訊管理系,342,10,30 臺北市
國立金門大學,資訊工程學系,15,0,71 金門縣
國立金門大學,資訊工程學系,210,9,71 金門縣
國立金門大學,理工學院資訊科技與應用碩士班,3,0,71 金門縣
國立金門大學,理工學院資訊科技與應用碩士在職專班,1,0,71 金門縣
國立臺灣體育運動大學,運動資訊與傳播學系,10,0,19 臺中市
國立臺灣體育運動大學,運動資訊與傳播學系,202,9,19 臺中市
國立臺中科技大學,語文學院_應用資訊日語技優領航專班,61,0,19 臺中市
國立臺中科技大學,會計資訊系碩士班,23,0,19 臺中市
國立臺中科技大學,會計資訊系碩士在職專班,20,0,19 臺中市
國立臺中科技大學,會計資訊系,344,24,19 臺中市
國立臺中科技大學,會計資訊系,142,1,19 臺中市
國立臺中科技大學,會計資訊系,80,0,19 臺中市
國立臺中科技大學,會計資訊系,52,0,19 臺中市
國立臺中科技大學,會計資訊科,391,0,19 臺中市
國立臺中科技大學,資訊管理系碩士班,34,0,19 臺中市
國立臺中科技大學,資訊管理系碩士在職專班,37,0,19 臺中市
國立臺中科技大學,資訊管理系,248,26,19 臺中市
國立臺中科技大學,資訊管理系,146,0,19 臺中市
國立臺中科技大學,資訊管理系,169,0,19 臺中市
國立臺中科技大學,資訊管理系,56,0,19 臺中市
國立臺中科技大學,資訊管理科,62,0,19 臺中市
國立臺中科技大學,資訊管理科,440,0,19 臺中市
國立臺中科技大學,資訊與流通學院智慧工程博士班,8,2,19 臺中市
國立臺中科技大學,資訊工程系,47,0,19 臺中市
國立臺中科技大學,資訊工程系碩士在職專班,30,0,19 臺中市
國立臺中科技大學,資訊工程系,387,27,19 臺中市
國立臺中科技大學,資訊工程系,166,0,19 臺中市
國立臺中科技大學,資訊工程系,97,0,19 臺中市
國立臺中科技大學,資訊工程科,474,0,19 臺中市
國立臺北商業大學,會計資訊系,37,0,30 臺北市
國立臺北商業大學,會計資訊系,349,15,30 臺北市
國立臺北商業大學,會計資訊系,108,0,30 臺北市
國立臺北商業大學,會計資訊系,58,0,30 臺北市
國立臺北商業大學,會計資訊系,69,0,30 臺北市
國立臺北商業大學,資訊管理系人工智慧與商業應用碩士班,18,0,30 臺北市
國立臺北商業大學,資訊管理系,261,19,30 臺北市
國立臺北商業大學,資訊管理系,127,0,30 臺北市
國立臺北商業大學,資訊管理系,73,0,30 臺北市
國立臺北商業大學,資訊管理系,132,0,30 臺北市
國立臺北商業大學,資訊管理科,253,0,30 臺北市
國立臺北商業大學,資訊與決策科學研究所,29,8,30 臺北市
國立臺北商業大學,資訊與決策科學研究所,16,1,30 臺北市
國立屏東大學,資訊管理學系,26,0,13 屏東縣
國立屏東大學,資訊管理學系,225,10,13 屏東縣
國立屏東大學,資訊管理學系,86,0,13 屏東縣
國立屏東大學,國際資訊科技與應用碩士學位學程,5,2,13 屏東縣
國立屏東大學,電腦科學與人工智慧學系資訊系統與數位科技應用碩士在職專班,22,0,13 屏東縣
國立屏東大學,資訊工程學系,41,0,13 屏東縣
國立屏東大學,資訊工程學系,328,12,13 屏東縣
國立高雄科技大學,會計資訊系碩士班,45,0,50 高雄市
國立高雄科技大學,會計資訊系碩士在職專班,23,0,50 高雄市
國立高雄科技大學,會計資訊系,435,15,50 高雄市
國立高雄科技大學,會計資訊系,115,0,50 高雄市
國立高雄科技大學,會計資訊系,32,0,50 高雄市
國立高雄科技大學,金融資訊系碩士班,27,0,50 高雄市
國立高雄科技大學,金融資訊系碩士在職專班,52,0,50 高雄市
國立高雄科技大學,金融資訊系,199,12,50 高雄市
國立高雄科技大學,金融資訊系,182,0,50 高雄市
國立高雄科技大學,海事資訊科技系碩士班,14,0,50 高雄市
國立高雄科技大學,海事資訊科技系,174,10,50 高雄市
國立高雄科技大學,資訊工程系,290,11,50 高雄市
國立高雄科技大學,商務資訊應用系碩士班,7,0,50 高雄市
國立高雄科技大學,商務資訊應用系,407,12,50 高雄市
國立高雄科技大學,資訊管理系,112,0,50 高雄市
國立高雄科技大學,資訊管理系碩士在職專班,53,0,50 高雄市
國立高雄科技大學,資訊管理系,407,20,50 高雄市
國立高雄科技大學,資訊管理系,0,0,50 高雄市
國立高雄科技大學,資訊工程系碩士班,56,0,50 高雄市
國立高雄科技大學,資訊工程系碩士在職專班,36,0,50 高雄市
國立高雄科技大學,電機與資訊學院_智慧系統技優專班,62,1,50 高雄市
國立高雄科技大學,海事資訊科技系碩士在職專班,5,0,50 高雄市
國立臺東專科學校,資訊管理科,34,5,14 臺東縣
東海大學,工業工程與經營資訊學系高階醫務工程與管理碩士在職專班,40,0,19 臺中市
東海大學,資訊工程學系,60,0,19 臺中市
東海大學,資訊工程學系,14,0,19 臺中市
東海大學,資訊工程學系,632,18,19 臺中市
東海大學,資訊工程學系,4,0,19 臺中市
東海大學,資訊管理學系,37,0,19 臺中市
東海大學,資訊管理學系,274,8,19 臺中市
東海大學,工業工程與經營資訊學系,36,0,19 臺中市
東海大學,工業工程與經營資訊學系,50,0,19 臺中市
東海大學,工業工程與經營資訊學系,385,17,19 臺中市
輔仁大學,圖書資訊學系,16,0,01 新北市
輔仁大學,圖書資訊學系,238,8,01 新北市
輔仁大學,圖書資訊學系,2,0,01 新北市
輔仁大學,統計資訊學系應用統計碩士班,38,0,01 新北市
輔仁大學,統計資訊學系應用統計碩士在職專班,52,0,01 新北市
輔仁大學,統計資訊學系,466,13,01 新北市
輔仁大學,資訊工程學系,45,0,01 新北市
輔仁大學,資訊工程學系,26,0,01 新北市
輔仁大學,資訊工程學系,511,16,01 新北市
輔仁大學,資訊管理學系,34,0,01 新北市
輔仁大學,資訊管理學系,60,0,01 新北市
輔仁大學,資訊管理學系,477,15,01 新北市
輔仁大學,人工智慧與資訊安全學士學位學程,155,2,01 新北市
輔仁大學,醫學資訊與健康科技進修學士學位學程,22,0,01 新北市
輔仁大學,資訊創新與數位生活進修學士學位學程,123,1,01 新北市
輔仁大學,醫學資訊與創新應用學士學位學程,189,2,01 新北市
東吳大學,資訊管理學系,38,0,30 臺北市
東吳大學,資訊管理學系,54,0,30 臺北市
東吳大學,資訊管理學系,534,15,30 臺北市
中原大學,中原大學美國威大密爾瓦基分校電機與資訊工程雙學士學位學程,68,0,03 桃園市
中原大學,資訊管理學系,52,0,03 桃園市
中原大學,資訊管理學系,61,0,03 桃園市
中原大學,資訊管理學系,515,16,03 桃園市
中原大學,資訊工程學系,84,0,03 桃園市
中原大學,資訊工程學系,27,0,03 桃園市
中原大學,資訊工程學系,504,16,03 桃園市
中原大學,電機資訊學院智慧運算與大數據學士班,159,7,03 桃園市
中原大學,電機資訊學院,180,4,03 桃園市
淡江大學,資訊傳播學系,383,9,01 新北市
淡江大學,資訊與圖書館學系,21,0,01 新北市
淡江大學,資訊與圖書館學系數位學習碩士在職專班,7,0,01 新北市
淡江大學,資訊與圖書館學系,413,9,01 新北市
淡江大學,資訊工程學系,21,0,01 新北市
淡江大學,資訊工程學系,115,0,01 新北市
淡江大學,資訊工程學系,29,0,01 新北市
淡江大學,資訊工程學系,1177,29,01 新北市
淡江大學,資訊工程學系,144,0,01 新北市
淡江大學,資訊管理學系,32,0,01 新北市
淡江大學,資訊管理學系,23,0,01 新北市
淡江大學,資訊管理學系,789,19,01 新北市
中國文化大學,資訊傳播學系,28,0,30 臺北市
中國文化大學,資訊傳播學系,327,9,30 臺北市
中國文化大學,資訊管理學系,36,0,30 臺北市
中國文化大學,資訊工程學系,15,0,30 臺北市
中國文化大學,資訊工程學系,428,10,30 臺北市
中國文化大學,資訊管理學系,405,12,30 臺北市
中國文化大學,資訊管理學系,13,0,30 臺北市
中國文化大學,資訊管理學系,35,0,30 臺北市
中國文化大學,資訊管理學系,25,0,30 臺北市
逢甲大學,資訊工程學系,31,0,19 臺中市
逢甲大學,資訊工程學系,126,0,19 臺中市
逢甲大學,資訊工程學系,1088,30,19 臺中市
逢甲大學,資訊電機工程碩士在職學位學程,122,2,19 臺中市
逢甲大學,資訊電機學院學士班,119,2,19 臺中市
逢甲大學,美國普渡大學電機資訊雙學士學位學程,53,0,19 臺中市
逢甲大學,生醫資訊暨生醫工程碩士學位學程,8,1,19 臺中市
逢甲大學,都市計畫與空間資訊學系,43,0,19 臺中市
逢甲大學,都市計畫與空間資訊學系,4,0,19 臺中市
逢甲大學,都市計畫與空間資訊學系,375,10,19 臺中市
靜宜大學,資訊管理學系,14,0,06 臺中市
靜宜大學,資訊管理學系,411,12,06 臺中市
靜宜大學,資訊傳播工程學系,12,0,06 臺中市
靜宜大學,資訊傳播工程學系,386,14,06 臺中市
靜宜大學,資訊學院資訊應用與科技管理碩士在職專班,6,0,06 臺中市
靜宜大學,資訊學院,0,2,06 臺中市
靜宜大學,資訊工程學系,21,0,06 臺中市
靜宜大學,資訊工程學系,538,13,06 臺中市
靜宜大學,國際資訊學士學位學程,38,0,06 臺中市
長庚大學,資訊管理學系,46,0,03 桃園市
長庚大學,資訊管理學系,300,13,03 桃園市
長庚大學,資訊工程學系,15,0,03 桃園市
長庚大學,資訊工程學系,81,0,03 桃園市
長庚大學,資訊工程學系,240,16,03 桃園市
元智大學,生物與醫學資訊碩士學位學程,7,2,03 桃園市
元智大學,資訊管理學系,17,0,03 桃園市
元智大學,資訊管理學系,52,0,03 桃園市
元智大學,資訊管理學系,60,0,03 桃園市
元智大學,資訊管理學系,556,21,03 桃園市
元智大學,資訊工程學系,24,0,03 桃園市
元智大學,資訊工程學系,108,0,03 桃園市
元智大學,資訊工程學系,39,0,03 桃園市
元智大學,資訊工程學系,664,21,03 桃園市
元智大學,資訊學院英語學士班,199,2,03 桃園市
元智大學,資訊傳播學系,21,0,03 桃園市
元智大學,資訊傳播學系,503,12,03 桃園市
中華大學,生物資訊學系,0,1,18 新竹市
中華大學,生物資訊學系,0,0,18 新竹市
中華大學,加州大學爾灣分校資訊管理與資料科學學士學位學程,2,2,18 新竹市
中華大學,中華大學美國舊金山州立大學資訊管理與決策科學學士學位學程,5,2,18 新竹市
中華大學,資訊管理學系,6,0,18 新竹市
中華大學,資訊管理學系,163,7,18 新竹市
中華大學,資訊工程學系,63,0,18 新竹市
中華大學,資訊工程學系,6,0,18 新竹市
中華大學,資訊工程學系,424,12,18 新竹市
大葉大學,會計資訊學系,0,0,07 彰化縣
大葉大學,會計與資訊管理學系,105,9,07 彰化縣
大葉大學,會計與資訊管理學系,9,0,07 彰化縣
大葉大學,會計與資訊管理學系,7,0,07 彰化縣
大葉大學,資訊管理學系,0,0,07 彰化縣
大葉大學,資訊管理學系,0,0,07 彰化縣
大葉大學,資訊管理學系,0,0,07 彰化縣
大葉大學,資訊工程學系,14,0,07 彰化縣
大葉大學,資訊工程學系,102,9,07 彰化縣
義守大學,智慧醫療暨生物資訊碩士學位學程,8,2,12 高雄市
義守大學,資訊管理學系,7,0,12 高雄市
義守大學,資訊管理學系,59,0,12 高雄市
義守大學,資訊管理學系,238,10,12 高雄市
義守大學,資訊管理學系,286,0,12 高雄市
義守大學,資訊工程學系,30,0,12 高雄市
義守大學,資訊工程學系,13,0,12 高雄市
義守大學,資訊工程學系,11,0,12 高雄市
義守大學,資訊工程學系,509,11,12 高雄市
世新大學,資訊傳播學系,9,0,30 臺北市
世新大學,資訊傳播學系,17,0,30 臺北市
世新大學,資訊傳播學系,315,10,30 臺北市
世新大學,資訊管理學系,31,0,30 臺北市
世新大學,資訊管理學系,32,0,30 臺北市
世新大學,資訊管理學系,644,21,30 臺北市
銘傳大學,醫療資訊與管理學系健康產業管理碩士班,11,0,30 臺北市
銘傳大學,醫療資訊與管理學系,316,9,30 臺北市
銘傳大學,資訊工程學系,24,0,30 臺北市
銘傳大學,資訊工程學系,602,16,30 臺北市
銘傳大學,資訊管理學系,19,0,30 臺北市
銘傳大學,資訊管理學系,9,0,30 臺北市
銘傳大學,資訊管理學系,633,18,30 臺北市
銘傳大學,資訊科技應用學士學位學程,0,1,30 臺北市
銘傳大學,資訊科技應用學士學位學程,1,0,30 臺北市
銘傳大學,資訊科技應用與管理學士學位學程,79,2,30 臺北市
實踐大學,資訊模擬與設計學系,254,7,30 臺北市
實踐大學,資訊科技與管理學系,15,0,30 臺北市
實踐大學,資訊科技與管理學系,390,9,30 臺北市
實踐大學,資訊管理學系,137,9,30 臺北市
實踐大學,資訊科技與通訊學系,195,7,30 臺北市
朝陽科技大學,資訊與通訊系,349,14,06 臺中市
朝陽科技大學,資訊與通訊系_香港二技專班,0,0,06 臺中市
朝陽科技大學,資訊管理系博士班,17,0,06 臺中市
朝陽科技大學,資訊管理系碩士班,46,0,06 臺中市
朝陽科技大學,資訊管理系碩士在職專班,15,0,06 臺中市
朝陽科技大學,資訊管理系,726,22,06 臺中市
朝陽科技大學,資訊管理系,50,0,06 臺中市
朝陽科技大學,資訊管理系_香港二技專班,1,0,06 臺中市
朝陽科技大學,資訊與通訊系碩士班,48,0,06 臺中市
朝陽科技大學,資訊工程系碩士班,42,0,06 臺中市
朝陽科技大學,資訊工程系碩士在職專班,1,0,06 臺中市
朝陽科技大學,資訊工程系,442,15,06 臺中市
朝陽科技大學,資訊工程系,3,0,06 臺中市
高雄醫學大學,醫務管理暨醫療資訊學系,25,0,50 高雄市
高雄醫學大學,醫務管理暨醫療資訊學系,52,0,50 高雄市
高雄醫學大學,醫務管理暨醫療資訊學系,217,10,50 高雄市
南華大學,科技學院資訊科技進修學士班,82,2,10 嘉義縣
南華大學,資訊管理學系,17,0,10 嘉義縣
南華大學,資訊管理學系,23,0,10 嘉義縣
南華大學,資訊管理學系,166,7,10 嘉義縣
南華大學,資訊工程學系,285,9,10 嘉義縣
真理大學,宗教文化與資訊管理學系,13,0,01 新北市
真理大學,宗教文化與資訊管理學系,4,0,01 新北市
真理大學,宗教文化與資訊管理學系,86,9,01 新北市
真理大學,人文與資訊學系,62,7,01 新北市
真理大學,運動資訊傳播學系,116,9,01 新北市
真理大學,會計資訊學系,64,5,01 新北市
真理大學,工業管理與經營資訊學系,50,7,01 新北市
真理大學,統計資訊與精算學系,13,0,01 新北市
真理大學,統計資訊與精算學系,53,9,01 新北市
真理大學,資訊工程學系,8,0,01 新北市
真理大學,資訊工程學系,149,10,01 新北市
真理大學,資訊管理學系,84,4,01 新北市
大同大學,資訊經營學系,6,0,30 臺北市
大同大學,資訊經營學系,10,0,30 臺北市
大同大學,資訊經營學系,183,7,30 臺北市
大同大學,資訊工程學系,17,0,30 臺北市
大同大學,資訊工程學系,38,0,30 臺北市
大同大學,資訊工程學系,47,0,30 臺北市
大同大學,資訊工程學系,493,15,30 臺北市
南臺科技大學,資訊傳播系碩士班,15,0,11 臺南市
南臺科技大學,資訊傳播系,405,11,11 臺南市
南臺科技大學,資訊傳播系,40,0,11 臺南市
南臺科技大學,會計資訊系,51,2,11 臺南市
南臺科技大學,工業管理與資訊系工業管理碩士在職專班,12,0,11 臺南市
南臺科技大學,工業管理與資訊系,442,14,11 臺南市
南臺科技大學,資訊管理系碩士班,27,0,11 臺南市
南臺科技大學,資訊管理系,32,0,11 臺南市
南臺科技大學,資訊管理系,586,19,11 臺南市
南臺科技大學,資訊管理系,124,0,11 臺南市
南臺科技大學,資訊工程系碩士班,43,0,11 臺南市
南臺科技大學,資訊工程系,650,20,11 臺南市
南臺科技大學,資訊工程科,200,0,11 臺南市
崑山科技大學,資訊傳播系,144,8,11 臺南市
崑山科技大學,資訊傳播系,2,0,11 臺南市
崑山科技大學,資訊管理系碩士班,26,0,11 臺南市
崑山科技大學,資訊管理系碩士在職專班,22,0,11 臺南市
崑山科技大學,資訊管理系,264,9,11 臺南市
崑山科技大學,資訊管理系,40,0,11 臺南市
崑山科技大學,資訊管理系,26,0,11 臺南市
崑山科技大學,資訊管理系_電子商務,0,0,11 臺南市
崑山科技大學,資訊工程系碩士班,13,0,11 臺南市
崑山科技大學,資訊工程系,258,9,11 臺南市
崑山科技大學,資訊工程系,53,0,11 臺南市
崑山科技大學,資訊工程系_自動化與物聯網國際學生產學合作專班,13,0,11 臺南市
嘉南藥理大學,資訊管理系,378,11,11 臺南市
嘉南藥理大學,資訊管理系,89,2,11 臺南市
嘉南藥理大學,應用空間資訊系(含碩士班),0,1,11 臺南市
嘉南藥理大學,應用空間資訊系,3,0,11 臺南市
嘉南藥理大學,空間與環境資訊科,8,4,11 臺南市
樹德科技大學,資訊管理系碩士班,10,0,12 高雄市
樹德科技大學,資訊管理系碩士在職專班,26,0,12 高雄市
樹德科技大學,資訊管理系,185,10,12 高雄市
樹德科技大學,資訊管理系,33,0,12 高雄市
樹德科技大學,資訊工程系碩士班,12,0,12 高雄市
樹德科技大學,資訊工程系資訊技術與管理數位學習碩士在職專班,7,0,12 高雄市
樹德科技大學,資訊工程系,209,9,12 高雄市
樹德科技大學,資訊工程系,51,0,12 高雄市
慈濟大學,資訊科技與管理學系,20,0,15 花蓮縣
慈濟大學,資訊科技與管理學系,155,10,15 花蓮縣
慈濟大學,醫學資訊學系,25,0,15 花蓮縣
慈濟大學,醫學資訊學系,108,11,15 花蓮縣
臺北醫學大學,醫學資訊研究所,35,0,30 臺北市
臺北醫學大學,醫學資訊研究所,24,9,30 臺北市
臺北醫學大學,醫學資訊研究所,14,0,30 臺北市
中山醫學大學,醫學資訊學系,7,0,19 臺中市
中山醫學大學,醫學資訊學系,182,10,19 臺中市
龍華科技大學,資訊管理系,27,0,03 桃園市
龍華科技大學,資訊管理系碩士在職專班,20,0,03 桃園市
龍華科技大學,資訊管理系,453,16,03 桃園市
龍華科技大學,資訊管理系,96,0,03 桃園市
龍華科技大學,資訊網路工程系,28,0,03 桃園市
龍華科技大學,資訊網路工程系,730,17,03 桃園市
龍華科技大學,資訊網路工程系,122,0,03 桃園市
輔英科技大學,資訊科技與管理系,235,10,12 高雄市
輔英科技大學,資訊科技與管理系,48,0,12 高雄市
明新科技大學,資訊管理系碩士班,21,0,04 新竹縣
明新科技大學,資訊管理系,360,16,04 新竹縣
明新科技大學,資訊管理系,114,0,04 新竹縣
明新科技大學,資訊管理系,127,0,04 新竹縣
明新科技大學,資訊管理科,91,0,04 新竹縣
明新科技大學,資訊工程系,411,14,04 新竹縣
明新科技大學,資訊工程系,119,0,04 新竹縣
長榮大學,會計資訊學系,106,7,11 臺南市
長榮大學,資訊暨設計碩士學位學程,9,2,11 臺南市
長榮大學,資訊管理學系,84,7,11 臺南市
長榮大學,資訊工程學系,208,7,11 臺南市
中國醫藥大學,醫療資訊學系,37,0,19 臺中市
健行科技大學,資訊管理系,322,14,03 桃園市
健行科技大學,資訊管理系,115,0,03 桃園市
健行科技大學,資訊管理系,6,0,03 桃園市
健行科技大學,資訊管理系,73,0,03 桃園市
健行科技大學,資訊管理系碩士班,23,0,03 桃園市
健行科技大學,資訊工程系碩士班,25,0,03 桃園市
健行科技大學,資訊工程系,458,18,03 桃園市
健行科技大學,資訊工程系,123,0,03 桃園市
健行科技大學,土木工程系空間資訊與防災科技碩士班,27,0,03 桃園市
健行科技大學,應用空間資訊系,95,7,03 桃園市
正修科技大學,資訊管理系碩士班,16,0,12 高雄市
正修科技大學,資訊管理系,49,0,12 高雄市
正修科技大學,資訊管理系,266,14,12 高雄市
正修科技大學,資訊管理系,105,0,12 高雄市
正修科技大學,資訊管理系,170,0,12 高雄市
正修科技大學,資訊管理科,0,0,12 高雄市
正修科技大學,資訊工程系碩士班,23,0,12 高雄市
正修科技大學,資訊工程系,442,15,12 高雄市
正修科技大學,資訊工程系,146,0,12 高雄市
正修科技大學,土木與空間資訊系,22,0,12 高雄市
正修科技大學,土木與空間資訊系,513,18,12 高雄市
正修科技大學,土木與空間資訊系,217,0,12 高雄市
正修科技大學,土木與空間資訊系_工程識圖與施工實務專班,7,0,12 高雄市
萬能科技大學,資訊管理系碩士班,20,0,03 桃園市
萬能科技大學,資訊管理系碩士在職專班,20,0,03 桃園市
萬能科技大學,資訊管理系,177,6,03 桃園市
萬能科技大學,資訊管理系,115,0,03 桃園市
萬能科技大學,資訊工程系,250,15,03 桃園市
萬能科技大學,資訊工程系,77,0,03 桃園市
萬能科技大學,資訊工程系,1,0,03 桃園市
玄奘大學,資訊管理學系,0,0,18 新竹市
建國科技大學,資訊管理系,36,3,07 彰化縣
建國科技大學,資訊管理系,17,0,07 彰化縣
建國科技大學,資訊與網路通訊系,1,0,07 彰化縣
建國科技大學,資訊與網路通訊系,0,0,07 彰化縣
台鋼科技大學,資訊傳播與行銷系,42,7,12 高雄市
台鋼科技大學,資訊傳播與行銷系,31,0,12 高雄市
台鋼科技大學,資訊傳播與行銷系,9,0,12 高雄市
台鋼科技大學,資訊管理系,0,0,12 高雄市
台鋼科技大學,資訊科技應用系碩士班,4,0,12 高雄市
台鋼科技大學,資訊科技應用系碩士在職專班,0,0,12 高雄市
台鋼科技大學,資訊科技應用系,8,1,12 高雄市
大仁科技大學,資訊工程與娛樂科技系,0,0,13 屏東縣
聖約翰科技大學,資訊工程系碩士班,3,0,01 新北市
聖約翰科技大學,資訊工程系,14,3,01 新北市
聖約翰科技大學,資訊工程系,11,0,01 新北市
聖約翰科技大學,資訊管理系,0,0,01 新北市
聖約翰科技大學,電子資訊科,5,1,01 新北市
嶺東科技大學,會計資訊系碩士班,12,0,19 臺中市
嶺東科技大學,會計資訊系,79,9,19 臺中市
嶺東科技大學,資訊管理系,324,10,19 臺中市
嶺東科技大學,資訊科技系碩士班,32,0,19 臺中市
嶺東科技大學,資訊科技系,441,12,19 臺中市
嶺東科技大學,資訊科技系,298,0,19 臺中市
嶺東科技大學,資訊管理系碩士班,10,0,19 臺中市
嶺東科技大學,資訊管理系,135,0,19 臺中市
中國科技大學,資訊管理系,252,11,30 臺北市
中國科技大學,資訊管理系,23,0,30 臺北市
中國科技大學,資訊管理系,76,0,30 臺北市
中國科技大學,資訊管理科,28,0,30 臺北市
中國科技大學,資訊工程系資訊科技應用碩士在職專班,22,0,30 臺北市
中國科技大學,資訊工程系,218,12,30 臺北市
中國科技大學,資訊工程系,45,0,30 臺北市
中國科技大學,資訊工程科,5,0,30 臺北市
中臺科技大學,資訊管理系,202,7,19 臺中市
中臺科技大學,資訊管理系,16,0,19 臺中市
亞洲大學,資訊傳播學系,13,0,06 臺中市
亞洲大學,資訊傳播學系,344,10,06 臺中市
亞洲大學,會計與資訊學系,18,0,06 臺中市
亞洲大學,會計與資訊學系,231,9,06 臺中市
亞洲大學,資訊工程學系,12,0,06 臺中市
亞洲大學,資訊工程學系,37,0,06 臺中市
亞洲大學,資訊工程學系,15,3,06 臺中市
亞洲大學,資訊工程學系,538,19,06 臺中市
亞洲大學,生物資訊與醫學工程學系,19,0,06 臺中市
亞洲大學,生物資訊與醫學工程學系,12,0,06 臺中市
亞洲大學,生物資訊與醫學工程學系,38,0,06 臺中市
亞洲大學,生物資訊與醫學工程學系,249,13,06 臺中市
開南大學,資訊傳播學系,126,7,03 桃園市
開南大學,資訊管理學系,22,0,03 桃園市
開南大學,資訊管理學系,202,9,03 桃園市
開南大學,資訊管理學系,39,0,03 桃園市
開南大學,資訊學院,42,0,03 桃園市
佛光大學,資訊應用學系,6,0,02 宜蘭縣
佛光大學,資訊應用學系,2,0,02 宜蘭縣
佛光大學,資訊應用學系,158,8,02 宜蘭縣
台南應用科技大學,資訊管理系,167,9,11 臺南市
台南應用科技大學,資訊管理系,36,0,11 臺南市
中信科技大學,資訊工程系,81,7,11 臺南市
元培醫事科技大學,資訊管理系,110,8,18 新竹市
元培醫事科技大學,資訊管理系,95,1,18 新竹市
元培醫事科技大學,資訊管理系數位創新管理碩士班,23,0,18 新竹市
景文科技大學,資訊與通訊系碩士在職專班,25,1,01 新北市
景文科技大學,資訊與通訊系,209,9,01 新北市
景文科技大學,資訊工程系,20,4,01 新北市
東南科技大學,資訊科技系,2,0,01 新北市
德明財經科技大學,會計資訊系,249,8,30 臺北市
德明財經科技大學,資訊科技系,284,8,30 臺北市
德明財經科技大學,資訊管理系,452,13,30 臺北市
南開科技大學,電機與資訊技術系,101,10,08 南投縣
南開科技大學,電機與資訊技術系,76,0,08 南投縣
南開科技大學,電機與資訊技術系,55,0,08 南投縣
南開科技大學,電機與資訊技術科,133,0,08 南投縣
中華科技大學,企業資訊與管理系經營管理碩士班,54,0,30 臺北市
中華科技大學,企業資訊與管理系,67,10,30 臺北市
中華科技大學,企業資訊與管理系,49,1,30 臺北市
中華科技大學,企業資訊與管理系,119,0,30 臺北市
中華科技大學,資訊管理系,6,0,30 臺北市
中華科技大學,資訊管理系,2,0,30 臺北市
中華科技大學,電機與資訊工程系碩士班,23,0,30 臺北市
中華科技大學,電機與資訊工程系,117,8,30 臺北市
中華科技大學,電機與資訊工程系,61,1,30 臺北市
中華科技大學,電機與資訊工程系,99,0,30 臺北市
中華科技大學,電機與資訊工程科,26,0,30 臺北市
中華科技大學,電機與資訊工程科,22,0,30 臺北市
僑光科技大學,資訊科技系碩士班,24,0,19 臺中市
僑光科技大學,資訊科技系,495,14,19 臺中市
僑光科技大學,資訊科技系,301,2,19 臺中市
育達科技大學,資訊管理系碩士班,46,4,05 苗栗縣
育達科技大學,資訊管理系,51,0,05 苗栗縣
育達科技大學,資訊管理系,208,5,05 苗栗縣
育達科技大學,資訊管理系,166,0,05 苗栗縣
美和科技大學,資訊管理科,1,0,13 屏東縣
美和科技大學,資訊科技系,66,6,13 屏東縣
美和科技大學,資訊科技系,8,0,13 屏東縣
環球科技大學,資訊與電子商務管理系,0,0,09 雲林縣
環球科技大學,資訊與電子商務管理系,0,0,09 雲林縣
修平科技大學,資訊網路技術系,19,1,06 臺中市
修平科技大學,資訊管理系,110,8,06 臺中市
修平科技大學,資訊管理系,43,0,06 臺中市
修平科技大學,資訊管理系,68,0,06 臺中市
臺北城市科技大學,資訊工程系,469,13,30 臺北市
臺北城市科技大學,資訊工程系_海外青年技術訓練班,9,0,30 臺北市
臺北城市科技大學,資訊工程科,148,0,30 臺北市
敏實科技大學,資訊管理科,0,0,04 新竹縣
醒吾科技大學,資訊管理系,48,0,01 新北市
醒吾科技大學,資訊管理系,0,0,01 新北市
醒吾科技大學,資訊科技應用系碩士班,6,0,01 新北市
醒吾科技大學,資訊科技應用系碩士在職專班,16,0,01 新北市
醒吾科技大學,資訊科技應用系,373,11,01 新北市
華夏科技大學,資訊管理系,10,0,01 新北市
華夏科技大學,資訊管理系,22,4,01 新北市
華夏科技大學,資訊管理系,10,0,01 新北市
華夏科技大學,資訊管理系,1,0,01 新北市
華夏科技大學,資訊管理系,2,0,01 新北市
華夏科技大學,資訊管理科,68,0,01 新北市
華夏科技大學,資訊工程系,27,6,01 新北市
華夏科技大學,資訊工程系,14,0,01 新北市
華夏科技大學,資訊工程系,1,0,01 新北市
致理科技大學,會計資訊系,535,17,01 新北市
致理科技大學,會計資訊系,121,1,01 新北市
致理科技大學,會計資訊科,231,0,01 新北市
致理科技大學,資訊管理系,197,0,01 新北市
致理科技大學,資訊管理系,728,22,01 新北市
康寧大學,資訊管理科,312,8,30 臺北市
宏國德霖科技大學,資訊工程系,310,13,01 新北市
宏國德霖科技大學,資訊工程系,27,0,01 新北市
宏國德霖科技大學,資訊工程系,47,0,01 新北市
宏國德霖科技大學,資訊工程科,198,0,01 新北市
亞東科技大學,資訊管理系,220,8,01 新北市
南亞技術學院,資訊工程系,169,7,03 桃園市
黎明技術學院,資訊科技系,0,0,01 新北市
樹人醫護管理專科學校,資訊管理科,231,7,12 高雄市
聖母醫護管理專科學校,資訊管理科,0,0,02 宜蘭縣
聖母醫護管理專科學校,資訊管理科,52,3,02 宜蘭縣
聖母醫護管理專科學校,資訊管理科,0,0,02 宜蘭縣
臺北市立大學,資訊科學系,46,0,30 臺北市
臺北市立大學,資訊科學系,82,0,30 臺北市
臺北市立大學,資訊科學系,188,10,30 臺北市
國立政治大學,圖書資訊與檔案學研究所,12,0,30 臺北市
國立政治大學,圖書資訊與檔案學研究所,68,7,30 臺北市
國立政治大學,圖書資訊與檔案學研究所圖書資訊學數位碩士在職專班,70,0,30 臺北市
國立政治大學,資訊管理學系,32,0,30 臺北市
國立政治大學,資訊管理學系,112,0,30 臺北市
國立政治大學,資訊管理學系,343,17,30 臺北市
國立政治大學,資訊科學系,10,0,30 臺北市
國立政治大學,資訊科學系,142,0,30 臺北市
國立政治大學,資訊科學系,87,1,30 臺北市
國立政治大學,資訊科學系,216,16,30 臺北市
國立政治大學,資訊安全碩士學位學程,30,2,30 臺北市
國立清華大學,生物資訊與結構生物研究所,32,0,18 新竹市
國立清華大學,生物資訊與結構生物研究所,61,8,18 新竹市
國立清華大學,資訊工程學系,70,0,18 新竹市
國立清華大學,資訊工程學系,395,0,18 新竹市
國立清華大學,資訊工程學系,588,38,18 新竹市
國立清華大學,資訊安全研究所,60,0,18 新竹市
國立清華大學,醫學資訊碩士學位學程,11,0,18 新竹市
國立清華大學,資訊系統與應用研究所,29,0,18 新竹市
國立清華大學,資訊系統與應用研究所,131,0,18 新竹市
國立清華大學,電機資訊學院學士班,339,0,18 新竹市
國立臺灣大學,圖書資訊學系,18,0,30 臺北市
國立臺灣大學,圖書資訊學系,67,0,30 臺北市
國立臺灣大學,圖書資訊學系,222,12,30 臺北市
國立臺灣大學,生物資訊學國際研究生博士學位學程,7,0,30 臺北市
國立臺灣大學,資訊管理學系,20,0,30 臺北市
國立臺灣大學,資訊管理學系,127,0,30 臺北市
國立臺灣大學,資訊管理學系,244,16,30 臺北市
國立臺灣大學,資訊網路與多媒體研究所,49,0,30 臺北市
國立臺灣大學,資訊網路與多媒體研究所,153,8,30 臺北市
國立臺灣大學,資訊工程學系,127,0,30 臺北市
國立臺灣大學,資訊工程學系,429,0,30 臺北市
國立臺灣大學,資訊工程學系,22,0,30 臺北市
國立臺灣大學,資訊工程學系,620,34,30 臺北市
國立臺灣大學,生醫電子與資訊學研究所,74,0,30 臺北市
國立臺灣大學,生醫電子與資訊學研究所,146,7,30 臺北市
國立臺灣大學,電信工程學研究所智慧科技與資訊安全碩士在職專班,24,0,30 臺北市
國立臺灣大學,智慧醫療與健康資訊碩士學位學程,35,1,30 臺北市
國立臺灣師範大學,資訊教育研究所,21,0,30 臺北市
國立臺灣師範大學,資訊教育研究所,64,0,30 臺北市
國立臺灣師範大學,資訊教育研究所,0,7,30 臺北市
國立臺灣師範大學,圖書資訊學研究所,10,0,30 臺北市
國立臺灣師範大學,圖書資訊學研究所,41,7,30 臺北市
國立臺灣師範大學,圖書資訊學研究所,100,0,30 臺北市
國立臺灣師範大學,資訊工程學系,12,0,30 臺北市
國立臺灣師範大學,資訊工程學系,205,0,30 臺北市
國立臺灣師範大學,資訊工程學系,264,19,30 臺北市
國立成功大學,工業與資訊管理學系,10,0,21 臺南市
國立成功大學,工業與資訊管理學系,90,0,21 臺南市
國立成功大學,工業與資訊管理學系,111,0,21 臺南市
國立成功大學,工業與資訊管理學系,255,17,21 臺南市
國立成功大學,資訊管理研究所,17,0,21 臺南市
國立成功大學,資訊管理研究所,64,2,21 臺南市
國立成功大學,資訊工程學系,75,0,21 臺南市
國立成功大學,資訊工程學系,354,0,21 臺南市
國立成功大學,資訊工程學系人工智慧與資訊系統碩士在職專班,43,0,21 臺南市
國立成功大學,資訊工程學系,557,26,21 臺南市
國立成功大學,醫學資訊研究所,36,5,21 臺南市
國立成功大學,智慧資訊安全碩士學位學程,26,2,21 臺南市
國立成功大學,製造資訊與系統研究所,23,0,21 臺南市
國立成功大學,製造資訊與系統研究所,71,6,21 臺南市
國立成功大學,測量及空間資訊學系,34,0,21 臺南市
國立成功大學,測量及空間資訊學系,66,0,21 臺南市
國立成功大學,測量及空間資訊學系,206,15,21 臺南市
國立中興大學,圖書資訊學研究所,34,5,19 臺中市
國立中興大學,基因體暨生物資訊學研究所,24,5,19 臺中市
國立中興大學,資訊管理學系,97,0,19 臺中市
國立中興大學,資訊管理學系,75,0,19 臺中市
國立中興大學,資訊管理學系,121,13,19 臺中市
國立中興大學,資料科學與資訊計算研究所,48,6,19 臺中市
國立中興大學,資訊工程學系,24,0,19 臺中市
國立中興大學,資訊工程學系,164,0,19 臺中市
國立中興大學,資訊工程學系,121,0,19 臺中市
國立中興大學,資訊工程學系,160,12,19 臺中市
國立中興大學,電機資訊學院學士班,121,2,19 臺中市
國立陽明交通大學,資訊管理與財務金融學系財務金融博士班,34,0,18 新竹市
國立陽明交通大學,資訊管理與財務金融學系財務金融碩士班,107,0,18 新竹市
國立陽明交通大學,資訊管理與財務金融學系,194,13,18 新竹市
國立陽明交通大學,生物資訊及系統生物研究所,27,0,18 新竹市
國立陽明交通大學,生物資訊及系統生物研究所,50,8,18 新竹市
國立陽明交通大學,生物醫學資訊研究所,35,0,18 新竹市
國立陽明交通大學,生物醫學資訊研究所,64,10,18 新竹市
國立陽明交通大學,網路與資訊系統博士學位學程,0,0,18 新竹市
國立陽明交通大學,資訊管理研究所,18,0,18 新竹市
國立陽明交通大學,資訊管理研究所,87,7,18 新竹市
國立陽明交通大學,資訊工程學系,830,10,18 新竹市
國立陽明交通大學,資訊科學與工程研究所,146,0,18 新竹市
國立陽明交通大學,資訊科學與工程研究所,486,29,18 新竹市
國立陽明交通大學,資訊學院碩士在職專班,0,2,18 新竹市
國立陽明交通大學,資訊學院博士班,1,0,18 新竹市
國立陽明交通大學,資訊學院國防資安管理碩士在職專班,51,0,18 新竹市
國立陽明交通大學,資訊學院科技犯罪偵查資通訊碩士在職專班,97,2,18 新竹市
國立陽明交通大學,資訊安全研究所,44,5,18 新竹市
國立陽明交通大學,國際資訊碩士班,8,0,18 新竹市
國立陽明交通大學,電機資訊國際博士學位學程,63,0,18 新竹市
國立陽明交通大學,電機資訊國際碩士學位學程,90,4,18 新竹市
國立陽明交通大學,資訊學院碩士在職專班,118,0,18 新竹市
國立中央大學,資訊管理學系,19,0,03 桃園市
國立中央大學,資訊管理學系,152,0,03 桃園市
國立中央大學,資訊管理學系,85,0,03 桃園市
國立中央大學,資訊管理學系,412,24,03 桃園市
國立中央大學,資訊工程學系,67,0,03 桃園市
國立中央大學,資訊工程學系,344,0,03 桃園市
國立中央大學,資訊工程學系,83,0,03 桃園市
國立中央大學,資訊工程學系,425,33,03 桃園市
國立中央大學,資訊電機學院學士班,93,2,03 桃園市
國立中山大學,資訊工程學系,26,0,50 高雄市
國立中山大學,資訊工程學系,318,0,50 高雄市
國立中山大學,資訊工程學系科技犯罪偵查資通訊碩士在職專班,31,0,50 高雄市
國立中山大學,資訊工程學系,325,21,50 高雄市
國立中山大學,資訊管理學系,24,0,50 高雄市
國立中山大學,資訊管理學系,112,0,50 高雄市
國立中山大學,資訊管理學系,114,0,50 高雄市
國立中山大學,資訊管理學系,184,14,50 高雄市
國立臺灣海洋大學,海洋環境資訊系,7,0,17 基隆市
國立臺灣海洋大學,海洋環境資訊系,20,0,17 基隆市
國立臺灣海洋大學,海洋環境資訊系,24,0,17 基隆市
國立臺灣海洋大學,海洋環境資訊系,161,12,17 基隆市
國立臺灣海洋大學,資訊工程學系,9,0,17 基隆市
國立臺灣海洋大學,資訊工程學系,176,0,17 基隆市
國立臺灣海洋大學,資訊工程學系,43,0,17 基隆市
國立臺灣海洋大學,資訊工程學系,478,27,17 基隆市
國立中正大學,會計與資訊科技學系,12,0,10 嘉義縣
國立中正大學,會計與資訊科技學系,63,0,10 嘉義縣
國立中正大學,會計與資訊科技學系,101,0,10 嘉義縣
國立中正大學,會計與資訊科技學系,201,13,10 嘉義縣
國立中正大學,資訊管理學系,17,0,10 嘉義縣
國立中正大學,資訊管理學系,117,0,10 嘉義縣
國立中正大學,資訊管理學系,78,0,10 嘉義縣
國立中正大學,資訊管理學系,181,10,10 嘉義縣
國立中正大學,資訊工程學系,18,0,10 嘉義縣
國立中正大學,資訊工程學系,274,0,10 嘉義縣
國立中正大學,資訊工程學系雲端計算與物聯網數位學習碩士在職專班,97,0,10 嘉義縣
國立中正大學,資訊工程學系,372,29,10 嘉義縣
國立彰化師範大學,統計資訊研究所,19,4,07 彰化縣
國立彰化師範大學,資訊管理學系,77,0,07 彰化縣
國立彰化師範大學,資訊管理學系創新與管理碩士在職專班,41,0,07 彰化縣
國立彰化師範大學,資訊管理學系,207,10,07 彰化縣
國立彰化師範大學,資訊工程學系,83,0,07 彰化縣
國立彰化師範大學,資訊工程學系人工智慧應用服務碩士在職專班,37,0,07 彰化縣
國立彰化師範大學,資訊工程學系,223,13,07 彰化縣
國立臺北大學,電機資訊學院博士班,0,2,01 新北市
國立臺北大學,資訊工程學系,75,0,01 新北市
國立臺北大學,資訊工程學系,223,13,01 新北市
國立臺北大學,電機資訊學院博士班,16,0,01 新北市
國立臺北大學,資訊管理研究所,41,6,01 新北市
國立嘉義大學,資訊管理學系,35,0,20 嘉義市
國立嘉義大學,資訊管理學系,229,10,20 嘉義市
國立嘉義大學,資訊工程學系,6,0,20 嘉義市
國立嘉義大學,資訊工程學系,67,0,20 嘉義市
國立嘉義大學,資訊工程學系,229,12,20 嘉義市
國立高雄大學,資訊管理學系,38,0,50 高雄市
國立高雄大學,資訊管理學系,241,11,50 高雄市
國立高雄大學,資訊工程學系,51,0,50 高雄市
國立高雄大學,資訊工程學系,40,0,50 高雄市
國立高雄大學,資訊工程學系,180,10,50 高雄市
國立東華大學,管理學院會計與資訊管理國際學士班,53,2,15 花蓮縣
國立東華大學,資訊工程學系,12,0,15 花蓮縣
國立東華大學,資訊工程學系,172,0,15 花蓮縣
國立東華大學,資訊工程學系,4,0,15 花蓮縣
國立東華大學,資訊工程學系,563,22,15 花蓮縣
國立東華大學,資訊管理學系,30,0,15 花蓮縣
國立東華大學,資訊管理學系,279,9,15 花蓮縣
國立暨南國際大學,管理學院商業管理及資訊科技創新應用全英語碩士學位學程,7,0,08 南投縣
國立暨南國際大學,資訊管理學系,50,0,08 南投縣
國立暨南國際大學,資訊管理學系,286,13,08 南投縣
國立暨南國際大學,資訊工程學系,9,0,08 南投縣
國立暨南國際大學,資訊工程學系,111,0,08 南投縣
國立暨南國際大學,資訊工程學系,256,16,08 南投縣
國立臺灣科技大學,資訊管理系博士班,42,0,30 臺北市
國立臺灣科技大學,資訊管理系,184,0,30 臺北市
國立臺灣科技大學,資訊管理系碩士在職專班,79,0,30 臺北市
國立臺灣科技大學,資訊管理系,242,19,30 臺北市
國立臺灣科技大學,資訊工程系,46,0,30 臺北市
國立臺灣科技大學,資訊工程系,364,0,30 臺北市
國立臺灣科技大學,資訊工程系,366,28,30 臺北市
國立雲林科技大學,資訊管理系博士班,27,0,09 雲林縣
國立雲林科技大學,資訊管理系碩士班,110,0,09 雲林縣
國立雲林科技大學,資訊管理系碩士在職專班,39,1,09 雲林縣
國立雲林科技大學,資訊管理系,361,21,09 雲林縣
國立雲林科技大學,資訊管理系,111,0,09 雲林縣
國立雲林科技大學,資訊科技服務管理數位學習碩士在職專班,51,0,09 雲林縣
國立雲林科技大學,資訊工程系碩士班,169,0,09 雲林縣
國立雲林科技大學,資訊工程系,283,14,09 雲林縣
國立屏東科技大學,資訊管理系碩士班,49,0,13 屏東縣
國立屏東科技大學,資訊管理系碩士在職專班,20,0,13 屏東縣
國立屏東科技大學,資訊管理系,211,12,13 屏東縣
國立臺北科技大學,資訊與財金管理系碩士班,154,0,30 臺北市
國立臺北科技大學,管理學院資訊與財金管理EMBA專班,84,0,30 臺北市
國立臺北科技大學,資訊與財金管理系,263,15,30 臺北市
國立臺北科技大學,資訊與財金管理系,62,1,30 臺北市
國立臺北科技大學,資訊與財金管理系_香港二技專班,0,0,30 臺北市
國立臺北科技大學,資訊工程系博士班,17,0,30 臺北市
國立臺北科技大學,資訊工程系碩士班,195,0,30 臺北市
國立臺北科技大學,資訊工程系,262,16,30 臺北市
國立臺北科技大學,資訊安全博士學位學程,15,0,30 臺北市
國立臺北科技大學,資訊安全碩士學位學程,109,1,30 臺北市
國立臺東大學,資訊管理學系產業管理與數位行銷進修學士班,48,0,14 臺東縣
國立臺東大學,資訊管理學系,12,0,14 臺東縣
國立臺東大學,資訊管理學系環境經濟資訊管理碩士在職專班(暑期班),21,0,14 臺東縣
國立臺東大學,資訊管理學系,168,9,14 臺東縣
國立臺東大學,資訊工程學系,16,0,14 臺東縣
國立臺東大學,資訊工程學系,31,0,14 臺東縣
國立臺東大學,資訊工程學系,346,12,14 臺東縣
國立臺東大學,綠色與資訊科技學士學位學程,55,0,14 臺東縣
國立臺東大學,綠能與資訊科技碩士學位學程,10,0,14 臺東縣
國立臺東大學,綠能與資訊科技學系,68,8,14 臺東縣
國立宜蘭大學,資訊工程學系,41,0,02 宜蘭縣
國立宜蘭大學,資訊工程學系多媒體網路通訊數位學習碩士在職專班,17,0,02 宜蘭縣
國立宜蘭大學,資訊工程學系,214,10,02 宜蘭縣
國立宜蘭大學,電機資訊學院碩士在職專班,24,2,02 宜蘭縣
國立聯合大學,資訊管理學系,20,0,05 苗栗縣
國立聯合大學,資訊管理學系,322,12,05 苗栗縣
國立聯合大學,資訊工程學系,10,0,05 苗栗縣
國立聯合大學,資訊工程學系,177,10,05 苗栗縣
國立聯合大學,資訊工程學系,88,0,05 苗栗縣
國立聯合大學,電機資訊學院博士班,4,2,05 苗栗縣
國立虎尾科技大學,資訊管理系碩士班,81,0,09 雲林縣
國立虎尾科技大學,資訊管理系碩士在職專班,31,0,09 雲林縣
國立虎尾科技大學,資訊管理系,258,12,09 雲林縣
國立虎尾科技大學,資訊管理系,166,0,09 雲林縣
國立虎尾科技大學,資訊工程系碩士班,101,0,09 雲林縣
國立虎尾科技大學,資訊工程系,456,21,09 雲林縣
國立虎尾科技大學,資訊工程科,212,0,09 雲林縣
國立虎尾科技大學,電機資訊學院,0,1,09 雲林縣
國立臺南大學,資訊工程學系,42,0,21 臺南市
國立臺南大學,資訊工程學系,169,9,21 臺南市
國立臺北教育大學,數學暨資訊教育學系碩士班,35,0,30 臺北市
國立臺北教育大學,數學暨資訊教育學系碩士在職專班,66,0,30 臺北市
國立臺北教育大學,數學暨資訊教育學系,232,14,30 臺北市
國立臺北教育大學,資訊科學系,52,0,30 臺北市
國立臺北教育大學,資訊科學系,63,0,30 臺北市
國立臺北教育大學,資訊科學系,161,11,30 臺北市
國立臺中教育大學,教育資訊與測驗統計研究所,34,0,19 臺中市
國立臺中教育大學,教育資訊與測驗統計研究所,36,8,19 臺中市
國立臺中教育大學,教育資訊與測驗統計研究所,40,0,19 臺中市
國立臺中教育大學,資訊工程學系,43,0,19 臺中市
國立臺中教育大學,資訊工程學系,206,10,19 臺中市
國立澎湖科技大學,資訊管理系,114,8,16 澎湖縣
國立澎湖科技大學,資訊管理系,64,0,16 澎湖縣
國立澎湖科技大學,資訊工程系,186,7,16 澎湖縣
國立勤益科技大學,資訊管理系,50,0,06 臺中市
國立勤益科技大學,資訊管理系,14,0,06 臺中市
國立勤益科技大學,資訊管理系,419,17,06 臺中市
國立勤益科技大學,資訊管理系,254,0,06 臺中市
國立勤益科技大學,資訊管理系,24,0,06 臺中市
國立勤益科技大學,資訊工程系,113,0,06 臺中市
國立勤益科技大學,資訊工程系碩士在職專班,26,0,06 臺中市
國立勤益科技大學,資訊工程系,634,17,06 臺中市
國立勤益科技大學,資訊工程系,227,0,06 臺中市
國立勤益科技大學,智慧製造與資訊應用國際碩士學位學程,26,4,06 臺中市
國立臺北護理健康大學,資訊管理系碩士班,32,0,30 臺北市
國立臺北護理健康大學,資訊管理系,341,10,30 臺北市
國立金門大學,資訊工程學系,17,0,71 金門縣
國立金門大學,資訊工程學系,201,9,71 金門縣
國立金門大學,資訊工程學系,12,0,71 金門縣
國立金門大學,理工學院資訊科技與應用碩士班,1,0,71 金門縣
國立臺灣體育運動大學,運動資訊與傳播學系,14,0,19 臺中市
國立臺灣體育運動大學,運動資訊與傳播學系,196,9,19 臺中市
國立臺中科技大學,語文學院_應用資訊日語技優領航專班,68,0,19 臺中市
國立臺中科技大學,會計資訊系碩士班,24,0,19 臺中市
國立臺中科技大學,會計資訊系碩士在職專班,20,0,19 臺中市
國立臺中科技大學,會計資訊系,342,21,19 臺中市
國立臺中科技大學,會計資訊系,118,1,19 臺中市
國立臺中科技大學,會計資訊系,79,0,19 臺中市
國立臺中科技大學,會計資訊系,55,0,19 臺中市
國立臺中科技大學,會計資訊科,384,0,19 臺中市
國立臺中科技大學,資訊管理系碩士班,40,0,19 臺中市
國立臺中科技大學,資訊管理系碩士在職專班,38,0,19 臺中市
國立臺中科技大學,資訊管理系,230,26,19 臺中市
國立臺中科技大學,資訊管理系,134,0,19 臺中市
國立臺中科技大學,資訊管理系,190,0,19 臺中市
國立臺中科技大學,資訊管理系,66,0,19 臺中市
國立臺中科技大學,資訊管理科,50,0,19 臺中市
國立臺中科技大學,資訊管理科,440,0,19 臺中市
國立臺中科技大學,資訊與流通學院智慧工程博士班,13,2,19 臺中市
國立臺中科技大學,資訊工程系碩士班,48,0,19 臺中市
國立臺中科技大學,資訊工程系碩士在職專班,34,0,19 臺中市
國立臺中科技大學,資訊工程系,401,28,19 臺中市
國立臺中科技大學,資訊工程系,162,0,19 臺中市
國立臺中科技大學,資訊工程系,127,0,19 臺中市
國立臺中科技大學,資訊工程科,471,0,19 臺中市
國立臺北商業大學,會計資訊系,41,0,30 臺北市
國立臺北商業大學,會計資訊系,362,15,30 臺北市
國立臺北商業大學,會計資訊系,85,0,30 臺北市
國立臺北商業大學,會計資訊系,60,0,30 臺北市
國立臺北商業大學,會計資訊系,67,0,30 臺北市
國立臺北商業大學,資訊管理系人工智慧與商業應用碩士班,26,0,30 臺北市
國立臺北商業大學,資訊管理系,266,19,30 臺北市
國立臺北商業大學,資訊管理系,113,0,30 臺北市
國立臺北商業大學,資訊管理系,69,0,30 臺北市
國立臺北商業大學,資訊管理系,135,0,30 臺北市
國立臺北商業大學,資訊管理科,243,0,30 臺北市
國立臺北商業大學,資訊與決策科學研究所,39,8,30 臺北市
國立臺北商業大學,資訊與決策科學研究所,16,0,30 臺北市
國立屏東大學,資訊管理學系,23,0,13 屏東縣
國立屏東大學,資訊管理學系,235,10,13 屏東縣
國立屏東大學,資訊管理學系,69,0,13 屏東縣
國立屏東大學,國際資訊科技與應用碩士學位學程,6,2,13 屏東縣
國立屏東大學,電腦科學與人工智慧學系資訊系統與數位科技應用碩士在職專班,32,0,13 屏東縣
國立屏東大學,資訊工程學系,49,0,13 屏東縣
國立屏東大學,資訊工程學系,315,11,13 屏東縣
國立高雄科技大學,會計資訊系碩士班,43,0,50 高雄市
國立高雄科技大學,會計資訊系碩士在職專班,27,0,50 高雄市
國立高雄科技大學,會計資訊系,432,15,50 高雄市
國立高雄科技大學,會計資訊系,97,0,50 高雄市
國立高雄科技大學,會計資訊系,40,0,50 高雄市
國立高雄科技大學,金融資訊系碩士班,31,0,50 高雄市
國立高雄科技大學,金融資訊系碩士在職專班,60,0,50 高雄市
國立高雄科技大學,金融資訊系,201,12,50 高雄市
國立高雄科技大學,金融資訊系,171,0,50 高雄市
國立高雄科技大學,資訊財務碩士學位學程,1,0,50 高雄市
國立高雄科技大學,海事資訊科技系碩士班,15,0,50 高雄市
國立高雄科技大學,海事資訊科技系,170,0,50 高雄市
國立高雄科技大學,資訊工程系博士班,1,0,50 高雄市
國立高雄科技大學,資訊工程系碩士班,63,0,50 高雄市
國立高雄科技大學,資訊工程系碩士在職專班,38,0,50 高雄市
國立高雄科技大學,資訊工程系,284,11,50 高雄市
國立高雄科技大學,商務資訊應用系碩士班,9,0,50 高雄市
國立高雄科技大學,商務資訊應用系,424,11,50 高雄市
國立高雄科技大學,資訊管理系博士班,3,0,50 高雄市
國立高雄科技大學,資訊管理系碩士班,122,0,50 高雄市
國立高雄科技大學,資訊管理系碩士在職專班,54,0,50 高雄市
國立高雄科技大學,資訊管理系,375,21,50 高雄市
國立高雄科技大學,電機與資訊學院_智慧系統技優專班,63,2,50 高雄市
國立高雄科技大學,海事資訊科技系碩士在職專班,13,10,50 高雄市
國立臺東專科學校,資訊管理科,26,4,14 臺東縣
東海大學,工業工程與經營資訊學系高階醫務工程與管理碩士在職專班,33,0,19 臺中市
東海大學,資訊工程學系,58,0,19 臺中市
東海大學,資訊工程學系,10,3,19 臺中市
東海大學,資訊工程學系,639,13,19 臺中市
東海大學,資訊工程學系,3,0,19 臺中市
東海大學,資訊管理學系,40,0,19 臺中市
東海大學,資訊管理學系,276,7,19 臺中市
東海大學,工業工程與經營資訊學系,32,0,19 臺中市
東海大學,工業工程與經營資訊學系,46,0,19 臺中市
東海大學,工業工程與經營資訊學系,396,13,19 臺中市
輔仁大學,圖書資訊學系,18,0,01 新北市
輔仁大學,圖書資訊學系,239,9,01 新北市
輔仁大學,圖書資訊學系,0,0,01 新北市
輔仁大學,統計資訊學系應用統計碩士班,37,0,01 新北市
輔仁大學,統計資訊學系應用統計碩士在職專班,46,0,01 新北市
輔仁大學,統計資訊學系,476,15,01 新北市
輔仁大學,資訊工程學系,52,0,01 新北市
輔仁大學,資訊工程學系,40,0,01 新北市
輔仁大學,資訊工程學系,519,16,01 新北市
輔仁大學,資訊管理學系,34,0,01 新北市
輔仁大學,資訊管理學系,62,0,01 新北市
輔仁大學,資訊管理學系,470,15,01 新北市
輔仁大學,人工智慧與資訊安全學士學位學程,208,2,01 新北市
輔仁大學,醫學資訊與健康科技進修學士學位學程,9,0,01 新北市
輔仁大學,資訊創新與數位生活進修學士學位學程,0,0,01 新北市
輔仁大學,醫學資訊與創新應用學士學位學程,207,2,01 新北市
輔仁大學,運動資訊與健康生活進修學士學位學程,118,0,01 新北市
東吳大學,資訊管理學系,41,0,30 臺北市
東吳大學,資訊管理學系,52,0,30 臺北市
東吳大學,資訊管理學系,518,17,30 臺北市
中原大學,中原大學美國威大密爾瓦基分校電機與資訊工程雙學士學位學程,68,0,03 桃園市
中原大學,資訊管理學系,57,0,03 桃園市
中原大學,資訊管理學系,60,0,03 桃園市
中原大學,資訊管理學系,507,15,03 桃園市
中原大學,資訊工程學系,87,0,03 桃園市
中原大學,資訊工程學系,39,0,03 桃園市
中原大學,資訊工程學系,486,16,03 桃園市
中原大學,電機資訊學院智慧運算與大數據學士班,211,7,03 桃園市
中原大學,電機資訊學院,186,4,03 桃園市
淡江大學,資訊傳播學系,340,9,01 新北市
淡江大學,資訊與圖書館學系,21,0,01 新北市
淡江大學,資訊與圖書館學系數位學習碩士在職專班,3,0,01 新北市
淡江大學,資訊與圖書館學系,415,9,01 新北市
淡江大學,資訊工程學系,24,0,01 新北市
淡江大學,資訊工程學系,121,0,01 新北市
淡江大學,資訊工程學系,22,0,01 新北市
淡江大學,資訊工程學系,1195,30,01 新北市
淡江大學,資訊工程學系,129,0,01 新北市
淡江大學,資訊管理學系,29,0,01 新北市
淡江大學,資訊管理學系,27,0,01 新北市
淡江大學,資訊管理學系,778,20,01 新北市
中國文化大學,資訊傳播學系,25,0,30 臺北市
中國文化大學,資訊傳播學系,274,9,30 臺北市
中國文化大學,資訊管理學系,47,0,30 臺北市
中國文化大學,資訊工程學系,17,0,30 臺北市
中國文化大學,資訊工程學系,487,11,30 臺北市
中國文化大學,資訊管理學系,346,0,30 臺北市
中國文化大學,資訊管理學系,4,0,30 臺北市
中國文化大學,資訊管理學系,24,0,30 臺北市
中國文化大學,資訊管理學系,21,11,30 臺北市
逢甲大學,資訊工程學系,27,0,19 臺中市
逢甲大學,資訊工程學系,127,0,19 臺中市
逢甲大學,資訊工程學系,1099,32,19 臺中市
逢甲大學,資訊電機工程碩士在職學位學程,134,2,19 臺中市
逢甲大學,資訊電機學院學士班,114,2,19 臺中市
逢甲大學,美國普渡大學電機資訊雙學士學位學程,35,0,19 臺中市
逢甲大學,生醫資訊暨生醫工程碩士學位學程,0,1,19 臺中市
逢甲大學,生醫資訊暨生醫工程碩士學位學程,4,0,19 臺中市
逢甲大學,都市計畫與空間資訊學系,49,0,19 臺中市
逢甲大學,都市計畫與空間資訊學系,1,0,19 臺中市
逢甲大學,都市計畫與空間資訊學系,383,9,19 臺中市
靜宜大學,資訊管理學系,8,0,06 臺中市
靜宜大學,資訊管理學系,430,12,06 臺中市
靜宜大學,資訊傳播工程學系,0,0,06 臺中市
靜宜大學,資訊傳播工程學系,0,0,06 臺中市
靜宜大學,資訊學院資訊應用與科技管理碩士在職專班,6,0,06 臺中市
靜宜大學,資訊學院,0,5,06 臺中市
靜宜大學,資訊工程學系,13,0,06 臺中市
靜宜大學,資訊工程學系,567,10,06 臺中市
靜宜大學,國際資訊學士學位學程,48,0,06 臺中市
長庚大學,資訊管理學系,47,0,03 桃園市
長庚大學,資訊管理學系,260,11,03 桃園市
長庚大學,資訊工程學系,14,0,03 桃園市
長庚大學,資訊工程學系,84,0,03 桃園市
長庚大學,資訊工程學系,232,14,03 桃園市
元智大學,生物與醫學資訊碩士學位學程,3,2,03 桃園市
元智大學,資訊管理學系,16,0,03 桃園市
元智大學,資訊管理學系,61,0,03 桃園市
元智大學,資訊管理學系,61,0,03 桃園市
元智大學,資訊管理學系,565,20,03 桃園市
元智大學,資訊工程學系,27,0,03 桃園市
元智大學,資訊工程學系,117,0,03 桃園市
元智大學,資訊工程學系,36,0,03 桃園市
元智大學,資訊工程學系,687,25,03 桃園市
元智大學,資訊學院英語學士班,215,2,03 桃園市
元智大學,資訊傳播學系,27,0,03 桃園市
元智大學,資訊傳播學系,512,13,03 桃園市
中華大學,加州大學爾灣分校資訊管理與資料科學學士學位學程,4,1,18 新竹市
中華大學,中華大學美國舊金山州立大學資訊管理與決策科學學士學位學程,5,2,18 新竹市
中華大學,資訊管理學系,8,0,18 新竹市
中華大學,資訊管理學系,139,7,18 新竹市
中華大學,資訊工程學系,49,0,18 新竹市
中華大學,資訊工程學系,2,0,18 新竹市
中華大學,資訊工程學系,355,12,18 新竹市
大葉大學,會計與資訊管理學系,0,0,07 彰化縣
大葉大學,會計與資訊管理學系,78,9,07 彰化縣
大葉大學,會計與資訊管理學系,15,0,07 彰化縣
大葉大學,資訊工程學系,18,0,07 彰化縣
大葉大學,資訊工程學系,123,9,07 彰化縣
華梵大學,資訊管理學系,1,0,01 新北市
義守大學,智慧醫療暨生物資訊碩士學位學程,0,2,12 高雄市
義守大學,智慧醫療暨生物資訊碩士學位學程,2,0,12 高雄市
義守大學,資訊管理學系,6,0,12 高雄市
義守大學,資訊管理學系,41,0,12 高雄市
義守大學,資訊管理學系,240,11,12 高雄市
義守大學,資訊管理學系,432,0,12 高雄市
義守大學,資訊工程學系,27,0,12 高雄市
義守大學,資訊工程學系,15,0,12 高雄市
義守大學,資訊工程學系,12,0,12 高雄市
義守大學,資訊工程學系,540,16,12 高雄市
世新大學,資訊傳播學系,3,0,30 臺北市
世新大學,資訊傳播學系,19,0,30 臺北市
世新大學,資訊傳播學系,350,9,30 臺北市
世新大學,資訊管理學系,33,0,30 臺北市
世新大學,資訊管理學系,24,0,30 臺北市
世新大學,資訊管理學系,616,19,30 臺北市
銘傳大學,資訊應用與金融保險學系,17,0,30 臺北市
銘傳大學,資訊應用與金融保險學系,5,0,30 臺北市
銘傳大學,資訊應用與金融保險學系,376,11,30 臺北市
銘傳大學,醫療資訊與管理學系健康產業管理碩士班,19,0,30 臺北市
銘傳大學,醫療資訊與管理學系,306,9,30 臺北市
銘傳大學,資訊工程學系,24,0,30 臺北市
銘傳大學,資訊工程學系,711,17,30 臺北市
銘傳大學,資訊管理學系,17,0,30 臺北市
銘傳大學,資訊管理學系,10,0,30 臺北市
銘傳大學,資訊管理學系,654,17,30 臺北市
銘傳大學,資訊科技應用學士學位學程,0,1,30 臺北市
銘傳大學,資訊科技應用學士學位學程,0,0,30 臺北市
銘傳大學,資訊科技應用與管理學士學位學程,110,3,30 臺北市
實踐大學,資訊模擬與設計學系,0,0,30 臺北市
實踐大學,資訊科技與管理學系,15,0,30 臺北市
實踐大學,資訊科技與管理學系,475,10,30 臺北市
實踐大學,資訊管理學系,174,7,30 臺北市
實踐大學,資訊科技與通訊學系,195,7,30 臺北市
朝陽科技大學,資訊與通訊系,366,14,06 臺中市
朝陽科技大學,資訊管理系博士班,19,0,06 臺中市
朝陽科技大學,資訊管理系碩士班,57,0,06 臺中市
朝陽科技大學,資訊管理系碩士在職專班,8,0,06 臺中市
朝陽科技大學,資訊管理系,742,21,06 臺中市
朝陽科技大學,資訊管理系,33,0,06 臺中市
朝陽科技大學,資訊與通訊系,59,0,06 臺中市
朝陽科技大學,資訊工程系,48,0,06 臺中市
朝陽科技大學,資訊工程系碩士在職專班,0,0,06 臺中市
朝陽科技大學,資訊工程系,465,15,06 臺中市
朝陽科技大學,資訊工程系,0,0,06 臺中市
高雄醫學大學,醫務管理暨醫療資訊學系,18,0,50 高雄市
高雄醫學大學,醫務管理暨醫療資訊學系,34,0,50 高雄市
高雄醫學大學,醫務管理暨醫療資訊學系,214,10,50 高雄市
南華大學,科技學院資訊科技進修學士班,58,2,10 嘉義縣
南華大學,資訊管理學系,13,0,10 嘉義縣
南華大學,資訊管理學系,15,0,10 嘉義縣
南華大學,資訊管理學系,165,8,10 嘉義縣
南華大學,資訊工程學系,250,9,10 嘉義縣
真理大學,宗教文化與資訊管理學系,12,0,01 新北市
真理大學,宗教文化與資訊管理學系,5,0,01 新北市
真理大學,宗教文化與資訊管理學系,73,9,01 新北市
真理大學,人文與資訊學系,47,7,01 新北市
真理大學,運動資訊傳播學系,80,7,01 新北市
真理大學,會計資訊學系,32,5,01 新北市
真理大學,工業管理與經營資訊學系,22,5,01 新北市
真理大學,統計資訊與精算學系,8,0,01 新北市
真理大學,統計資訊與精算學系,27,7,01 新北市
真理大學,資訊工程學系,8,0,01 新北市
真理大學,資訊工程學系,133,9,01 新北市
真理大學,資訊管理學系,38,4,01 新北市
大同大學,資訊經營學系,0,0,30 臺北市
大同大學,資訊經營學系,0,0,30 臺北市
大同大學,資訊經營學系,0,0,30 臺北市
大同大學,資訊工程學系,17,0,30 臺北市
大同大學,資訊工程學系,38,0,30 臺北市
大同大學,資訊工程學系,48,0,30 臺北市
大同大學,資訊工程學系,488,16,30 臺北市
大同大學,事業與資訊經營學系,29,0,30 臺北市
大同大學,事業與資訊經營學系,24,0,30 臺北市
大同大學,事業與資訊經營學系,437,14,30 臺北市
南臺科技大學,資訊傳播系碩士班,19,0,11 臺南市
南臺科技大學,資訊傳播系,402,10,11 臺南市
南臺科技大學,資訊傳播系,16,0,11 臺南市
南臺科技大學,會計資訊系,8,0,11 臺南市
南臺科技大學,工業管理與資訊系工業管理碩士在職專班,17,0,11 臺南市
南臺科技大學,工業管理與資訊系,430,14,11 臺南市
南臺科技大學,資訊管理系碩士班,27,0,11 臺南市
南臺科技大學,資訊管理系碩士在職專班,33,0,11 臺南市
南臺科技大學,資訊管理系,572,17,11 臺南市
南臺科技大學,資訊管理系,100,0,11 臺南市
南臺科技大學,資訊工程系,58,0,11 臺南市
南臺科技大學,資訊工程系,642,23,11 臺南市
南臺科技大學,資訊工程科,184,0,11 臺南市
崑山科技大學,資訊傳播系,131,9,11 臺南市
崑山科技大學,資訊傳播系,1,0,11 臺南市
崑山科技大學,資訊管理系碩士班,29,0,11 臺南市
崑山科技大學,資訊管理系碩士在職專班,17,0,11 臺南市
崑山科技大學,資訊管理系,270,9,11 臺南市
崑山科技大學,資訊管理系,28,0,11 臺南市
崑山科技大學,資訊管理系,25,0,11 臺南市
崑山科技大學,資訊工程系碩士班,18,0,11 臺南市
崑山科技大學,資訊工程系,267,9,11 臺南市
崑山科技大學,資訊工程系,51,0,11 臺南市
崑山科技大學,資訊工程系_自動化與物聯網國際學生產學合作專班,0,0,11 臺南市
嘉南藥理大學,資訊管理系,339,11,11 臺南市
嘉南藥理大學,資訊管理系,63,2,11 臺南市
嘉南藥理大學,空間與環境資訊科,0,3,11 臺南市
嘉南藥理大學,應用空間資訊系(含碩士班),0,1,11 臺南市
嘉南藥理大學,應用空間資訊系,0,0,11 臺南市
嘉南藥理大學,空間與環境資訊科,6,0,11 臺南市
樹德科技大學,資訊管理系碩士班,1,0,12 高雄市
樹德科技大學,資訊管理系碩士在職專班,11,0,12 高雄市
樹德科技大學,資訊管理系,195,10,12 高雄市
樹德科技大學,資訊管理系,14,0,12 高雄市
樹德科技大學,資訊工程系碩士班,15,0,12 高雄市
樹德科技大學,資訊工程系資訊技術與管理數位學習碩士在職專班,4,0,12 高雄市
樹德科技大學,資訊工程系,213,8,12 高雄市
樹德科技大學,資訊工程系,67,1,12 高雄市
慈濟大學,資訊科技與管理學系,27,0,15 花蓮縣
慈濟大學,資訊科技與管理學系,136,9,15 花蓮縣
慈濟大學,醫學資訊學系,26,0,15 花蓮縣
慈濟大學,醫學資訊學系,101,11,15 花蓮縣
臺北醫學大學,醫學資訊研究所,39,0,30 臺北市
臺北醫學大學,醫學資訊研究所,18,11,30 臺北市
臺北醫學大學,醫學資訊研究所,17,0,30 臺北市
中山醫學大學,醫學資訊學系,5,0,19 臺中市
中山醫學大學,醫學資訊學系,187,9,19 臺中市
龍華科技大學,資訊管理系碩士班,29,0,03 桃園市
龍華科技大學,資訊管理系碩士在職專班,26,0,03 桃園市
龍華科技大學,資訊管理系,489,17,03 桃園市
龍華科技大學,資訊管理系,84,0,03 桃園市
龍華科技大學,資訊網路工程系碩士班,35,0,03 桃園市
龍華科技大學,資訊網路工程系,719,18,03 桃園市
龍華科技大學,資訊網路工程系,72,0,03 桃園市
輔英科技大學,資訊科技與管理系,279,9,12 高雄市
輔英科技大學,資訊科技與管理系,35,0,12 高雄市
明新科技大學,資訊管理系碩士班,21,0,04 新竹縣
明新科技大學,資訊管理系,334,14,04 新竹縣
明新科技大學,資訊管理系,107,0,04 新竹縣
明新科技大學,資訊管理系,122,0,04 新竹縣
明新科技大學,資訊管理科,93,0,04 新竹縣
明新科技大學,資訊工程系,460,13,04 新竹縣
明新科技大學,資訊工程系,89,0,04 新竹縣
長榮大學,會計資訊學系,85,7,11 臺南市
長榮大學,資訊暨設計碩士學位學程,6,1,11 臺南市
長榮大學,資訊管理學系,53,5,11 臺南市
長榮大學,資訊工程學系,197,6,11 臺南市
長榮大學,資訊工程學系,4,0,11 臺南市
中國醫藥大學,醫療資訊學系,82,6,19 臺中市
健行科技大學,資訊管理系,300,0,03 桃園市
健行科技大學,資訊管理系,94,0,03 桃園市
健行科技大學,資訊管理系,5,0,03 桃園市
健行科技大學,資訊管理系,67,0,03 桃園市
健行科技大學,資訊管理系碩士班,23,12,03 桃園市
健行科技大學,資訊工程系碩士班,31,0,03 桃園市
健行科技大學,資訊工程系,393,13,03 桃園市
健行科技大學,資訊工程系,111,0,03 桃園市
健行科技大學,土木工程系空間資訊與防災科技碩士班,16,0,03 桃園市
健行科技大學,應用空間資訊系,98,7,03 桃園市
正修科技大學,資訊管理系碩士班,18,0,12 高雄市
正修科技大學,資訊管理系碩士在職專班,67,0,12 高雄市
正修科技大學,資訊管理系,247,14,12 高雄市
正修科技大學,資訊管理系,77,0,12 高雄市
正修科技大學,資訊管理系,179,0,12 高雄市
正修科技大學,資訊工程系碩士班,22,0,12 高雄市
正修科技大學,資訊工程系,428,14,12 高雄市
正修科技大學,資訊工程系,134,1,12 高雄市
正修科技大學,土木與空間資訊系營建工程碩士班,26,0,12 高雄市
正修科技大學,土木與空間資訊系,502,19,12 高雄市
正修科技大學,土木與空間資訊系,222,1,12 高雄市
正修科技大學,土木與空間資訊系_工程識圖與施工實務專班,29,0,12 高雄市
正修科技大學,土木與空間資訊系,46,0,12 高雄市
萬能科技大學,資訊管理系碩士班,0,0,03 桃園市
萬能科技大學,資訊管理系碩士在職專班,0,0,03 桃園市
萬能科技大學,資訊管理系,0,0,03 桃園市
萬能科技大學,資訊管理系,0,0,03 桃園市
萬能科技大學,資訊工程系碩士班,17,0,03 桃園市
萬能科技大學,資訊工程系,327,14,03 桃園市
萬能科技大學,資訊工程系,88,0,03 桃園市
萬能科技大學,資訊工程系,0,0,03 桃園市
建國科技大學,資訊管理系,16,3,07 彰化縣
建國科技大學,資訊管理系,8,0,07 彰化縣
建國科技大學,資訊與網路通訊系,0,0,07 彰化縣
台鋼科技大學,資訊傳播與行銷系,55,7,12 高雄市
台鋼科技大學,資訊傳播與行銷系,37,0,12 高雄市
台鋼科技大學,資訊傳播與行銷系,1,0,12 高雄市
台鋼科技大學,資訊科技應用系,0,1,12 高雄市
台鋼科技大學,資訊科技應用系碩士班,4,0,12 高雄市
台鋼科技大學,資訊科技應用系,1,0,12 高雄市
聖約翰科技大學,資訊工程系碩士班,1,0,01 新北市
聖約翰科技大學,資訊工程系,8,3,01 新北市
聖約翰科技大學,資訊工程系,1,0,01 新北市
聖約翰科技大學,電子資訊科,1,0,01 新北市
嶺東科技大學,會計資訊系碩士班,7,0,19 臺中市
嶺東科技大學,會計資訊系,80,9,19 臺中市
嶺東科技大學,資訊管理系,301,0,19 臺中市
嶺東科技大學,資訊科技系碩士班,24,0,19 臺中市
嶺東科技大學,資訊科技系,421,14,19 臺中市
嶺東科技大學,資訊科技系,221,0,19 臺中市
嶺東科技大學,資訊管理系碩士班,5,9,19 臺中市
嶺東科技大學,資訊管理系,117,0,19 臺中市
中國科技大學,資訊管理系,278,11,30 臺北市
中國科技大學,資訊管理系,15,0,30 臺北市
中國科技大學,資訊管理系,70,0,30 臺北市
中國科技大學,資訊管理科,20,0,30 臺北市
中國科技大學,資訊工程系,15,0,30 臺北市
中國科技大學,資訊工程系,278,12,30 臺北市
中國科技大學,資訊工程系,32,0,30 臺北市
中國科技大學,資訊工程科,0,0,30 臺北市
中臺科技大學,資訊管理系,198,8,19 臺中市
中臺科技大學,資訊管理系,20,0,19 臺中市
亞洲大學,資訊傳播學系,12,0,06 臺中市
亞洲大學,資訊傳播學系,342,9,06 臺中市
亞洲大學,會計與資訊學系,13,0,06 臺中市
亞洲大學,會計與資訊學系,239,9,06 臺中市
亞洲大學,資訊工程學系,10,0,06 臺中市
亞洲大學,資訊工程學系,37,0,06 臺中市
亞洲大學,資訊工程學系,13,1,06 臺中市
亞洲大學,資訊工程學系,537,25,06 臺中市
亞洲大學,生物資訊與醫學工程學系,19,0,06 臺中市
亞洲大學,生物資訊與醫學工程學系,12,0,06 臺中市
亞洲大學,生物資訊與醫學工程學系,17,0,06 臺中市
亞洲大學,生物資訊與醫學工程學系,291,12,06 臺中市
開南大學,資訊傳播學系,89,7,03 桃園市
開南大學,資訊管理學系,16,0,03 桃園市
開南大學,資訊管理學系,175,9,03 桃園市
開南大學,資訊管理學系,38,0,03 桃園市
開南大學,資訊媒體學院資訊應用碩士在職專班,41,0,03 桃園市
開南大學,資訊學院碩士在職專班,0,0,03 桃園市
佛光大學,資訊應用學系,156,0,02 宜蘭縣
佛光大學,資訊應用學系,2,0,02 宜蘭縣
佛光大學,資訊應用學系,2,9,02 宜蘭縣
台南應用科技大學,資訊管理系,162,9,11 臺南市
台南應用科技大學,資訊管理系,19,0,11 臺南市
中信科技大學,資訊工程系,30,0,11 臺南市
元培醫事科技大學,資訊管理系,239,9,18 新竹市
元培醫事科技大學,資訊管理系,66,0,18 新竹市
元培醫事科技大學,資訊管理系數位創新管理碩士班,23,0,18 新竹市
景文科技大學,資訊與通訊系碩士在職專班,29,1,01 新北市
景文科技大學,資訊與通訊系,221,8,01 新北市
景文科技大學,資訊工程系,5,0,01 新北市
東南科技大學,資訊科技系_智能資通訊學程國際學生產學合作專班,0,0,01 新北市
德明財經科技大學,會計資訊系,220,8,30 臺北市
德明財經科技大學,資訊科技系,270,8,30 臺北市
德明財經科技大學,資訊管理系,1,0,30 臺北市
德明財經科技大學,資訊管理系,407,13,30 臺北市
南開科技大學,電機與資訊技術系,157,9,08 南投縣
南開科技大學,電機與資訊技術系,71,0,08 南投縣
南開科技大學,電機與資訊技術系,57,0,08 南投縣
南開科技大學,電機與資訊技術科,104,0,08 南投縣
中華科技大學,企業資訊與管理系,65,0,30 臺北市
中華科技大學,企業資訊與管理系經營管理碩士班,61,11,30 臺北市
中華科技大學,企業資訊與管理系,46,0,30 臺北市
中華科技大學,企業資訊與管理系,115,0,30 臺北市
中華科技大學,資訊管理系,0,0,30 臺北市
中華科技大學,資訊管理系,0,0,30 臺北市
中華科技大學,電機與資訊工程系碩士班,24,0,30 臺北市
中華科技大學,電機與資訊工程系,186,13,30 臺北市
中華科技大學,電機與資訊工程系,135,1,30 臺北市
中華科技大學,電機與資訊工程系,106,0,30 臺北市
中華科技大學,電機與資訊工程科,8,0,30 臺北市
中華科技大學,電機與資訊工程科,35,0,30 臺北市
僑光科技大學,資訊科技系碩士班,29,0,19 臺中市
僑光科技大學,資訊科技系,493,15,19 臺中市
僑光科技大學,資訊科技系,321,1,19 臺中市
育達科技大學,資訊管理系碩士班,61,4,05 苗栗縣
育達科技大學,資訊管理系碩士在職專班,89,0,05 苗栗縣
育達科技大學,資訊管理系,198,4,05 苗栗縣
育達科技大學,資訊管理系,205,0,05 苗栗縣
美和科技大學,資訊科技系,44,4,13 屏東縣
美和科技大學,資訊科技系,0,0,13 屏東縣
修平科技大學,資訊網路技術系,2,0,06 臺中市
修平科技大學,資訊管理系,124,8,06 臺中市
修平科技大學,資訊管理系,27,0,06 臺中市
修平科技大學,資訊管理系,39,0,06 臺中市
臺北城市科技大學,資訊工程系,437,14,30 臺北市
臺北城市科技大學,資訊工程系_海外青年技術訓練班,3,0,30 臺北市
臺北城市科技大學,資訊工程科,147,0,30 臺北市
敏實科技大學,資訊管理科,0,0,04 新竹縣
醒吾科技大學,資訊管理系,15,0,01 新北市
醒吾科技大學,資訊科技應用系碩士班,7,0,01 新北市
醒吾科技大學,資訊科技應用系碩士在職專班,15,0,01 新北市
醒吾科技大學,資訊科技應用系,313,9,01 新北市
華夏科技大學,資訊管理系,5,0,01 新北市
華夏科技大學,資訊管理系,8,2,01 新北市
華夏科技大學,資訊管理系,9,0,01 新北市
華夏科技大學,資訊管理系,1,0,01 新北市
華夏科技大學,資訊管理科,39,0,01 新北市
華夏科技大學,資訊工程系,14,2,01 新北市
華夏科技大學,資訊工程系,7,0,01 新北市
華夏科技大學,資訊工程系,0,0,01 新北市
致理科技大學,會計資訊系,473,18,01 新北市
致理科技大學,會計資訊系,112,0,01 新北市
致理科技大學,會計資訊科,223,0,01 新北市
致理科技大學,資訊管理系,183,0,01 新北市
致理科技大學,資訊管理科,51,0,01 新北市
致理科技大學,資訊管理系,730,22,01 新北市
康寧大學,資訊管理科,284,8,30 臺北市
宏國德霖科技大學,資訊工程系,309,12,01 新北市
宏國德霖科技大學,資訊工程系,12,0,01 新北市
宏國德霖科技大學,資訊工程系,53,0,01 新北市
宏國德霖科技大學,資訊工程科,189,0,01 新北市
亞東科技大學,資訊管理系,237,7,01 新北市
南亞技術學院,資訊工程系,220,7,03 桃園市
樹人醫護管理專科學校,資訊管理科,222,7,12 高雄市
聖母醫護管理專科學校,資訊管理科,57,4,02 宜蘭縣
臺北市立大學,資訊科學系,48,0,30 臺北市
臺北市立大學,資訊科學系,73,0,30 臺北市
臺北市立大學,資訊科學系,189,10,30 臺北市
